Student ID,Gender,Race/Ethnicity,Parental Education,Lunch Type,Test Preparation,Study Time per Week,Daily Sleep Duration,Math Score,Reading Score,Writing Score,School Type,Internet Access,Total_Score,Average_Score,Status
1,female,group B,some college,standard,False,12.4,5.4,62.0,76.0,65.0,public,True,220.8,44.16,Fail
2,male,group D,high school,standard,False,18.3,5.1,74.0,73.0,76.0,public,True,246.4,49.28,Fail
3,male,group B,bachelor degree,free/reduced,True,11.8,7.8,71.0,83.0,91.0,public,False,264.6,52.92,Pass
4,male,group E,high school,standard,False,9.66265306122449,7.3,83.0,73.0,52.0,public,True,224.9626530612245,44.99,Fail
5,female,group C,bachelor degree,standard,True,12.9,6.3,41.0,71.13410138248848,81.0,public,True,212.33410138248848,42.47,Fail
6,female,group E,associate degree,standard,False,10.1,6.4,67.0,71.13410138248848,83.0,public,True,237.6341013824885,47.53,Fail
7,female,group E,some college,standard,False,9.66265306122449,4.7,51.0,71.13410138248848,81.0,public,True,217.49675444371297,43.5,Fail
8,male,group B,some college,standard,False,11.1,7.0,65.0,86.0,79.0,private,True,248.1,49.62,Fail
9,male,group C,bachelor degree,standard,False,3.8,7.0,63.0,66.0,78.0,international,False,217.8,43.56,Fail
10,female,group B,bachelor degree,free/reduced,False,15.0,7.3,70.0,82.0,51.0,public,False,225.3,45.06,Fail
11,female,group E,some college,free/reduced,True,11.3,7.193586956521739,82.0,76.0,70.46045112781955,private,True,246.95403808434128,49.39,Fail
12,female,group E,some college,free/reduced,True,8.9,9.7,35.0,48.0,59.0,public,True,160.6,32.12,Fail
13,male,group E,bachelor degree,standard,False,18.4,6.4,66.0,52.0,79.0,public,True,221.8,44.36,Fail
14,male,group D,high school,free/reduced,False,6.9,8.6,68.0,61.0,70.46045112781955,public,True,214.96045112781957,42.99,Fail
15,male,group C,some college,standard,True,6.9,8.2,80.0,78.0,78.0,public,True,251.1,50.22,Pass
16,male,group C,associate degree,standard,True,20.5,6.7,61.0,93.0,77.0,public,True,258.2,51.64,Pass
17,female,group B,some college,standard,False,8.3,7.193586956521739,90.0,74.0,68.0,private,True,247.49358695652174,49.5,Fail
18,female,group D,some college,free/reduced,False,15.9,9.2,75.0,62.0,73.0,public,True,235.1,47.02,Fail
19,male,group C,master degree,free/reduced,True,5.0,6.1,57.0,71.13410138248848,80.0,public,True,219.23410138248846,43.85,Fail
20,female,group B,master degree,standard,True,10.2,7.0,78.0,66.0,83.0,private,True,244.2,48.84,Fail
21,female,group B,high school,standard,True,12.6,8.6,93.0,45.0,68.0,international,True,227.2,45.44,Fail
22,male,group A,high school,standard,True,13.0,7.7,54.0,71.13410138248848,95.0,public,True,240.83410138248848,48.17,Fail
23,female,group D,associate degree,standard,False,21.0,8.3,34.0,73.0,94.0,public,False,230.3,46.06,Fail
24,female,group D,bachelor degree,standard,False,8.9,6.1,77.0,93.0,90.0,private,True,275.0,55.0,Pass
25,male,group C,master degree,standard,False,3.7,6.9,46.0,84.0,67.0,international,False,207.6,41.52,Fail
26,female,group D,some college,standard,True,12.6,7.5,62.0,71.13410138248848,58.0,international,True,211.23410138248846,42.25,Fail
27,male,group B,some college,standard,False,6.5,8.3,57.0,80.0,68.0,public,True,219.8,43.96,Fail
28,male,group C,bachelor degree,standard,True,9.66265306122449,7.2,55.0,100.0,84.0,international,True,255.86265306122448,51.17,Pass
29,female,group D,some college,standard,True,16.7,8.5,89.0,92.0,70.46045112781955,public,True,276.66045112781956,55.33,Pass
30,male,group E,high school,free/reduced,True,0.0,7.2,79.0,75.0,60.0,international,True,221.2,44.24,Fail
31,female,group E,associate degree,standard,True,6.2,4.6,82.0,71.13410138248848,63.0,public,True,226.93410138248848,45.39,Fail
32,male,group E,high school,standard,False,9.5,6.8,96.0,85.0,78.0,international,True,275.3,55.06,Pass
33,male,group A,some college,standard,False,7.7,7.9,69.0,63.0,71.0,public,True,218.6,43.72,Fail
34,female,group B,high school,standard,False,6.1,7.6,83.0,59.0,71.0,public,True,226.7,45.34,Fail
35,male,group B,some college,free/reduced,False,18.6,8.8,100.0,60.0,59.0,public,False,246.4,49.28,Fail
36,female,group C,associate degree,standard,False,9.7,4.2,75.0,42.0,64.0,public,False,194.9,38.98,Fail
37,male,group D,bachelor degree,standard,False,16.8,6.2,77.0,63.0,71.0,public,True,234.0,46.8,Fail
38,female,group C,master degree,free/reduced,False,15.2,5.9,33.0,49.0,68.0,private,True,171.1,34.22,Fail
39,female,group E,high school,free/reduced,True,15.8,7.6,67.0,78.0,57.0,public,True,225.4,45.08,Fail
40,female,group B,master degree,standard,False,7.6,6.5,48.0,54.0,59.0,public,True,175.1,35.02,Fail
41,male,group B,high school,standard,True,8.7,6.9,73.0,88.0,95.0,public,True,271.6,54.32,Pass
42,female,group C,master degree,free/reduced,False,16.2,5.3,66.0,62.0,47.0,public,True,196.5,39.3,Fail
43,female,group E,high school,standard,False,12.4,7.193586956521739,86.0,70.0,65.0,public,True,240.59358695652173,48.12,Fail
44,female,group D,some college,free/reduced,True,12.4,7.1,81.0,71.13410138248848,76.0,public,True,247.6341013824885,49.53,Fail
45,male,group C,some college,standard,False,15.5,8.2,84.0,44.0,80.0,public,True,231.7,46.34,Fail
46,male,group E,some college,standard,False,12.1,4.4,86.0,73.0,66.0,public,True,241.5,48.3,Fail
47,female,group D,bachelor degree,standard,True,9.4,5.0,62.0,80.0,74.0,private,True,230.4,46.08,Fail
48,male,group D,some college,free/reduced,False,10.4,6.2,48.0,68.0,69.0,private,True,201.6,40.32,Fail
49,female,group C,high school,free/reduced,True,0.0,6.2,72.0,56.0,53.0,private,True,187.2,37.44,Fail
50,male,group A,high school,standard,False,15.1,7.8,75.0,66.0,100.0,public,True,263.9,52.78,Pass
51,female,group E,associate degree,standard,False,15.0,6.0,64.0,59.0,60.0,public,True,204.0,40.8,Fail
52,female,group C,bachelor degree,standard,True,15.9,7.2,98.0,56.0,63.0,public,True,240.1,48.02,Fail
53,male,group C,master degree,standard,False,9.66265306122449,7.2,79.0,49.0,71.0,international,True,215.86265306122448,43.17,Fail
54,female,group D,high school,free/reduced,False,10.3,5.3,63.0,72.0,82.0,public,True,232.6,46.52,Fail
55,female,group B,associate degree,standard,True,8.2,7.1,88.0,72.0,82.0,private,True,257.3,51.46,Pass
56,female,group B,bachelor degree,free/reduced,False,8.8,10.7,85.0,80.0,74.0,private,True,258.5,51.7,Pass
57,male,group A,high school,standard,False,13.4,5.6,51.0,58.0,62.0,public,True,190.0,38.0,Fail
58,female,group A,associate degree,standard,False,9.66265306122449,8.3,54.0,67.0,81.0,public,True,219.9626530612245,43.99,Fail
59,female,group E,high school,free/reduced,False,12.2,8.6,52.0,71.13410138248848,79.0,public,True,222.93410138248848,44.59,Fail
60,male,group E,some college,free/reduced,False,17.6,7.5,59.0,67.0,85.0,public,True,236.1,47.22,Fail
61,female,group B,high school,standard,False,12.2,8.7,87.0,58.0,68.0,public,True,233.9,46.78,Fail
62,male,group D,high school,free/reduced,False,2.4,6.1,74.0,72.0,82.0,public,True,236.5,47.3,Fail
63,female,group B,associate degree,standard,True,3.9,8.7,46.0,90.0,71.0,public,True,219.6,43.92,Fail
64,female,group E,master degree,standard,True,1.2,7.193586956521739,58.0,61.0,75.0,public,False,202.39358695652174,40.48,Fail
65,female,group D,high school,standard,False,0.4,8.4,93.0,72.0,47.0,public,False,220.8,44.16,Fail
66,female,group B,some college,free/reduced,False,19.7,9.0,49.0,72.0,71.0,public,False,220.7,44.14,Fail
67,male,group E,some college,standard,True,0.5,5.6,45.0,61.0,74.0,public,False,186.1,37.22,Fail
68,male,group D,high school,standard,True,10.5,7.5,65.0,63.0,96.0,private,True,242.0,48.4,Fail
69,female,group D,bachelor degree,free/reduced,False,3.4,9.9,76.0,57.0,61.0,private,True,207.3,41.46,Fail
70,female,group B,associate degree,standard,False,15.3,8.1,54.0,74.0,65.0,private,True,216.4,43.28,Fail
71,male,group C,some college,standard,False,10.6,7.9,70.0,75.0,70.0,public,True,233.5,46.7,Fail
72,male,group B,master degree,free/reduced,True,7.6,6.0,56.0,64.0,64.0,public,True,197.6,39.52,Fail
73,male,group E,some college,standard,False,12.3,7.0,100.0,52.0,62.0,public,True,233.3,46.66,Fail
74,female,group B,high school,standard,False,10.2,11.0,48.0,93.0,68.0,private,True,230.2,46.04,Fail
75,female,group B,master degree,standard,True,21.1,10.0,51.0,88.0,77.0,public,False,247.1,49.42,Fail
76,female,group C,bachelor degree,standard,False,15.8,7.1,61.0,54.0,62.0,public,True,199.9,39.98,Fail
77,female,group E,associate degree,standard,False,19.7,7.0,78.0,47.0,48.0,private,False,199.7,39.94,Fail
78,male,group B,high school,standard,True,15.4,6.0,78.0,80.0,68.0,international,True,247.4,49.48,Fail
79,female,group B,some college,free/reduced,True,9.4,7.4,80.0,71.0,85.0,international,True,252.8,50.56,Pass
80,male,group B,high school,standard,False,5.2,7.6,83.0,72.0,70.46045112781955,private,False,238.26045112781958,47.65,Fail
81,female,group E,high school,free/reduced,False,16.0,5.9,65.0,75.0,73.0,public,True,234.9,46.98,Fail
82,male,group D,high school,standard,True,12.4,6.2,56.0,71.13410138248848,72.0,public,True,217.73410138248846,43.55,Fail
83,female,group B,bachelor degree,standard,True,15.8,10.5,100.0,58.0,58.0,private,True,242.3,48.46,Fail
84,male,group D,bachelor degree,standard,True,9.0,8.8,51.0,74.0,71.0,public,True,213.8,42.76,Fail
85,male,group A,high school,free/reduced,True,4.6,8.5,63.0,59.0,84.0,public,True,219.1,43.82,Fail
86,female,group B,high school,free/reduced,True,6.5,7.193586956521739,56.0,100.0,83.0,private,True,252.69358695652176,50.54,Pass
87,male,group E,some college,free/reduced,False,17.3,6.7,63.0,71.13410138248848,91.0,public,True,249.1341013824885,49.83,Fail
88,male,group C,some college,standard,True,5.3,5.7,76.0,57.0,70.46045112781955,private,False,214.46045112781957,42.89,Fail
89,male,group C,some college,standard,False,2.4,6.9,37.0,71.13410138248848,81.0,private,True,198.43410138248848,39.69,Fail
90,female,group C,associate degree,free/reduced,True,11.0,6.7,54.0,59.0,58.0,public,True,188.7,37.74,Fail
91,male,group C,master degree,free/reduced,True,2.7,6.5,64.0,71.13410138248848,67.0,public,True,211.33410138248848,42.27,Fail
92,female,group B,high school,standard,False,10.1,7.7,77.0,88.0,95.0,public,True,277.8,55.56,Pass
93,male,group A,high school,standard,True,5.5,6.7,71.0,53.0,75.0,public,True,211.2,42.24,Fail
94,male,group A,bachelor degree,standard,False,6.8,7.0,55.0,71.13410138248848,49.0,public,False,188.93410138248848,37.79,Fail
95,female,group A,associate degree,standard,False,12.3,9.3,39.0,42.0,57.0,public,True,159.6,31.92,Fail
96,female,group E,bachelor degree,standard,False,11.0,8.0,87.0,61.0,69.0,public,False,236.0,47.2,Fail
97,male,group E,bachelor degree,standard,True,7.1,5.6,80.0,54.0,80.0,international,True,226.7,45.34,Fail
98,male,group B,associate degree,standard,False,7.1,8.3,73.0,72.0,75.0,public,False,235.4,47.08,Fail
99,male,group A,bachelor degree,standard,False,0.0,8.0,70.0,72.0,81.0,public,True,231.0,46.2,Fail
100,male,group E,high school,standard,False,10.4,6.5,42.0,81.0,49.0,public,True,188.9,37.78,Fail
101,female,group E,associate degree,standard,True,11.1,5.1,81.0,87.0,78.0,public,True,262.2,52.44,Pass
102,female,group D,some college,standard,False,14.2,5.2,52.0,71.0,68.0,public,True,210.4,42.08,Fail
103,male,group B,high school,standard,False,8.6,6.8,69.0,74.0,85.0,private,True,243.4,48.68,Fail
104,male,group C,high school,standard,True,9.66265306122449,6.0,54.0,58.0,83.0,public,True,210.6626530612245,42.13,Fail
105,male,group B,bachelor degree,standard,False,12.6,5.4,76.0,67.0,71.0,public,True,232.0,46.4,Fail
106,female,group C,bachelor degree,standard,False,12.4,5.9,51.0,78.0,93.0,private,True,240.3,48.06,Fail
107,female,group E,high school,standard,True,10.8,8.3,88.0,86.0,59.0,public,True,252.1,50.42,Pass
108,male,group B,high school,standard,False,0.0,8.2,100.0,51.0,71.0,private,True,230.2,46.04,Fail
109,female,group B,bachelor degree,standard,True,11.7,7.0,91.0,51.0,43.0,private,True,203.7,40.74,Fail
110,female,group E,associate degree,free/reduced,False,3.8,6.1,68.0,70.0,55.0,private,True,202.9,40.58,Fail
111,female,group C,some college,standard,True,15.8,7.1,75.0,75.0,91.0,international,True,263.9,52.78,Pass
112,female,group C,some college,standard,True,23.1,5.2,68.0,43.0,48.0,private,True,187.3,37.46,Fail
113,male,group A,master degree,free/reduced,True,11.3,7.193586956521739,93.0,71.13410138248848,79.0,public,True,261.6276883390102,52.33,Pass
114,female,group C,bachelor degree,standard,True,13.9,5.9,61.0,63.0,42.0,public,True,185.8,37.16,Fail
115,male,group D,associate degree,standard,False,12.4,8.4,47.0,68.0,68.0,public,True,203.8,40.76,Fail
116,female,group D,high school,free/reduced,True,11.5,5.8,63.0,77.0,91.0,public,True,248.3,49.66,Fail
117,female,group E,some college,free/reduced,True,7.2,6.9,82.0,77.0,70.46045112781955,public,True,243.56045112781953,48.71,Fail
118,male,group B,high school,free/reduced,True,5.6,7.7,71.0,88.0,74.0,public,True,246.3,49.26,Fail
119,female,group C,bachelor degree,free/reduced,True,13.0,7.5,60.0,73.0,76.0,public,True,229.5,45.9,Fail
120,female,group C,some college,free/reduced,False,14.0,7.193586956521739,59.0,52.0,76.0,public,True,208.19358695652176,41.64,Fail
121,female,group E,bachelor degree,standard,False,8.9,6.6,65.0,77.0,42.0,private,True,199.5,39.9,Fail
122,female,group E,some college,standard,False,9.66265306122449,8.2,84.0,83.0,71.0,public,True,255.86265306122448,51.17,Pass
123,female,group D,high school,free/reduced,True,9.2,7.193586956521739,83.0,63.0,58.0,public,False,220.39358695652174,44.08,Fail
124,female,group C,associate degree,standard,True,5.4,7.4,65.0,47.0,62.0,private,False,186.8,37.36,Fail
125,female,group B,some college,standard,True,9.9,7.2,70.0,70.0,53.0,public,True,210.1,42.02,Fail
126,male,group B,associate degree,standard,False,0.2,8.4,51.0,75.0,62.0,public,True,196.6,39.32,Fail
127,female,group A,high school,standard,False,6.1,9.0,56.0,29.0,72.0,public,True,172.1,34.42,Fail
128,male,group C,associate degree,standard,False,5.0,7.193586956521739,45.0,73.0,64.0,private,True,194.19358695652176,38.84,Fail
129,female,group E,high school,standard,False,21.4,10.4,54.0,76.0,95.0,public,True,256.8,51.36,Pass
130,female,group A,bachelor degree,standard,False,11.8,7.4,38.0,99.0,87.0,public,False,243.2,48.64,Fail
131,female,group C,bachelor degree,standard,True,10.5,7.7,87.0,71.13410138248848,37.0,public,True,213.33410138248848,42.67,Fail
132,female,group E,master degree,standard,True,17.4,7.9,81.0,71.13410138248848,75.0,private,True,252.43410138248848,50.49,Pass
133,male,group A,some college,free/reduced,False,19.4,5.8,100.0,71.0,75.0,public,False,271.2,54.24,Pass
134,female,group C,associate degree,free/reduced,False,12.0,7.0,89.0,77.0,70.46045112781955,public,False,255.46045112781957,51.09,Pass
135,female,group A,associate degree,standard,True,5.8,6.4,67.0,75.0,68.0,public,True,222.2,44.44,Fail
136,male,group D,associate degree,standard,False,0.5,4.7,59.0,69.0,83.0,public,True,216.2,43.24,Fail
137,female,group C,high school,standard,False,5.4,7.2,80.0,63.0,74.0,public,True,229.6,45.92,Fail
138,male,group E,high school,standard,False,8.9,4.7,94.0,53.0,75.0,public,True,235.6,47.12,Fail
139,male,group C,associate degree,free/reduced,False,21.0,6.9,54.0,76.0,51.0,private,False,208.9,41.78,Fail
140,male,group D,high school,standard,False,7.6,8.7,75.0,44.0,54.0,public,True,189.3,37.86,Fail
141,male,group A,associate degree,free/reduced,True,2.1,5.6,61.0,100.0,72.0,public,True,240.7,48.14,Fail
142,male,group C,associate degree,standard,False,9.1,7.1,97.0,71.13410138248848,54.0,public,False,238.33410138248848,47.67,Fail
143,male,group A,high school,standard,True,4.0,5.9,70.0,95.0,78.0,public,True,252.9,50.58,Pass
144,male,group D,some college,free/reduced,False,0.4,8.6,79.0,71.13410138248848,89.0,private,True,248.1341013824885,49.63,Fail
145,male,group E,associate degree,standard,True,9.8,7.0,67.0,76.0,70.46045112781955,public,True,230.26045112781958,46.05,Fail
146,male,group B,bachelor degree,standard,True,8.0,6.3,71.0,68.0,68.0,private,True,221.3,44.26,Fail
147,male,group D,bachelor degree,free/reduced,False,8.6,7.2,45.0,64.0,77.0,public,False,201.8,40.36,Fail
148,male,group D,high school,standard,True,18.0,8.2,61.0,81.0,62.0,public,True,230.2,46.04,Fail
149,male,group C,some college,standard,True,11.3,8.0,84.0,57.0,58.0,private,True,218.3,43.66,Fail
150,female,group E,high school,standard,False,8.3,10.0,86.0,75.0,94.0,public,True,273.3,54.66,Pass
151,male,group A,some college,standard,False,8.3,8.1,99.0,95.0,68.0,international,True,278.4,55.68,Pass
152,male,group E,some college,standard,False,9.66265306122449,6.7,64.0,70.0,56.0,private,True,206.36265306122448,41.27,Fail
153,female,group B,associate degree,standard,False,8.3,9.1,78.0,43.0,79.0,public,True,217.4,43.48,Fail
154,male,group D,high school,standard,False,9.6,8.5,95.0,65.0,73.0,public,True,251.1,50.22,Pass
155,female,group E,master degree,standard,True,4.8,11.0,77.0,55.0,45.0,private,False,192.8,38.56,Fail
156,female,group C,high school,standard,False,4.6,6.8,85.0,67.0,73.0,public,True,236.4,47.28,Fail
157,female,group D,high school,standard,True,8.4,6.9,78.0,47.0,64.0,public,True,204.3,40.86,Fail
158,male,group A,some college,free/reduced,True,3.1,10.8,66.0,71.13410138248848,98.0,public,False,249.03410138248847,49.81,Fail
159,female,group E,bachelor degree,standard,False,8.0,5.7,70.0,66.0,75.0,public,True,224.7,44.94,Fail
160,male,group E,high school,standard,True,12.6,6.3,63.0,63.0,82.0,public,True,226.9,45.38,Fail
161,female,group B,bachelor degree,standard,False,4.1,8.0,74.0,74.0,69.0,public,True,229.1,45.82,Fail
162,female,group C,high school,free/reduced,True,6.1,6.7,94.0,72.0,74.0,private,True,252.8,50.56,Pass
163,male,group B,high school,standard,True,6.5,5.1,70.0,69.0,58.0,public,True,208.6,41.72,Fail
164,male,group C,associate degree,standard,False,4.3,7.193586956521739,80.0,57.0,87.0,public,True,235.49358695652174,47.1,Fail
165,female,group C,high school,standard,True,14.2,6.4,66.0,68.0,70.0,private,True,224.6,44.92,Fail
166,male,group B,high school,free/reduced,True,9.66265306122449,6.2,11.0,77.0,70.0,private,True,173.86265306122448,34.77,Fail
167,male,group E,some college,standard,False,10.8,6.7,100.0,71.0,75.0,public,True,263.5,52.7,Pass
168,male,group B,some college,standard,False,10.9,6.8,95.0,69.0,65.0,public,True,246.7,49.34,Fail
169,female,group D,some college,standard,False,1.0,6.9,61.0,65.0,64.0,public,True,197.9,39.58,Fail
170,female,group E,high school,standard,False,10.8,4.3,65.0,55.0,71.0,private,True,206.1,41.22,Fail
171,female,group B,high school,standard,False,5.5,8.3,95.0,71.0,63.0,private,True,242.8,48.56,Fail
172,male,group E,high school,standard,False,8.3,6.1,83.0,90.0,77.0,public,False,264.4,52.88,Pass
173,female,group C,high school,standard,False,17.5,9.7,42.0,74.0,78.0,public,True,221.2,44.24,Fail
174,female,group D,some college,free/reduced,True,9.66265306122449,7.193586956521739,41.0,79.0,74.0,international,True,210.85624001774625,42.17,Fail
175,male,group E,high school,standard,True,9.3,7.7,77.0,61.0,81.0,international,True,236.0,47.2,Fail
176,female,group D,associate degree,standard,True,14.5,7.8,91.0,77.0,69.0,international,True,259.3,51.86,Pass
177,male,group C,associate degree,free/reduced,False,8.8,8.5,65.0,86.0,70.46045112781955,international,True,238.76045112781958,47.75,Fail
178,male,group A,some college,free/reduced,False,8.1,7.193586956521739,76.0,63.0,70.0,public,True,224.29358695652172,44.86,Fail
179,male,group C,high school,standard,True,13.2,8.2,100.0,74.0,83.0,public,True,278.4,55.68,Pass
180,male,group B,some college,standard,True,9.8,7.8,48.0,59.0,72.0,private,True,196.6,39.32,Fail
181,female,group C,bachelor degree,free/reduced,False,9.66265306122449,8.5,72.0,66.0,75.0,public,True,231.1626530612245,46.23,Fail
182,female,group E,high school,standard,True,7.7,8.3,89.0,100.0,82.0,public,True,287.0,57.4,Pass
183,female,group C,high school,standard,True,9.3,7.4,66.0,50.0,57.0,private,True,189.7,37.94,Fail
184,female,group D,associate degree,free/reduced,True,9.66265306122449,7.3,66.0,44.0,74.0,public,True,200.9626530612245,40.19,Fail
185,male,group B,high school,free/reduced,True,13.2,8.6,64.0,85.0,50.0,private,True,220.8,44.16,Fail
186,female,group E,high school,free/reduced,True,15.8,6.9,65.0,82.0,68.0,international,True,237.7,47.54,Fail
187,male,group B,bachelor degree,standard,False,1.3,9.6,62.0,71.13410138248848,73.0,public,False,217.03410138248847,43.41,Fail
188,male,group D,associate degree,free/reduced,True,0.4,7.7,67.0,69.0,98.0,public,False,242.1,48.42,Fail
189,female,group E,associate degree,standard,True,8.8,11.0,81.0,61.0,52.0,public,False,213.8,42.76,Fail
190,male,group C,master degree,standard,True,6.6,5.7,75.0,86.0,62.0,public,True,235.3,47.06,Fail
191,male,group C,bachelor degree,free/reduced,True,11.3,6.9,63.0,89.0,79.0,public,True,249.2,49.84,Fail
192,female,group E,some college,standard,True,7.5,9.6,68.0,84.0,96.0,public,True,265.1,53.02,Pass
193,male,group B,associate degree,standard,True,12.0,7.5,100.0,77.0,65.0,private,True,261.5,52.3,Pass
194,male,group C,high school,free/reduced,True,22.5,8.5,61.0,82.0,52.0,public,True,226.0,45.2,Fail
195,male,group D,high school,free/reduced,False,9.66265306122449,7.9,85.0,74.0,68.0,public,True,244.5626530612245,48.91,Fail
196,male,group D,associate degree,standard,False,14.8,6.8,88.0,71.0,61.0,public,True,241.6,48.32,Fail
197,female,group D,some college,standard,False,14.8,6.7,67.0,62.0,91.0,private,True,241.5,48.3,Fail
198,female,group C,high school,standard,False,8.2,8.7,62.0,74.0,84.0,public,False,236.9,47.38,Fail
199,female,group B,master degree,standard,False,12.3,8.2,89.0,68.0,83.0,private,True,260.5,52.1,Pass
200,female,group C,high school,standard,False,0.0,7.6,66.0,63.0,58.0,public,True,194.6,38.92,Fail
201,female,group C,associate degree,free/reduced,False,5.5,9.2,73.0,76.0,55.0,private,True,218.7,43.74,Fail
202,female,group E,associate degree,free/reduced,True,14.1,8.3,60.0,72.0,79.0,public,True,233.4,46.68,Fail
203,male,group C,bachelor degree,free/reduced,False,6.7,8.9,92.0,65.0,70.46045112781955,public,True,243.06045112781953,48.61,Fail
204,male,group E,associate degree,standard,False,10.9,8.5,52.0,54.0,94.0,private,True,219.4,43.88,Fail
205,female,group B,high school,standard,False,7.4,7.0,49.0,46.0,91.0,private,True,200.4,40.08,Fail
206,male,group C,high school,free/reduced,True,9.66265306122449,6.0,71.0,69.0,66.0,private,True,221.6626530612245,44.33,Fail
207,female,group B,associate degree,free/reduced,False,11.3,8.5,85.0,84.0,70.46045112781955,public,True,259.2604511278196,51.85,Pass
208,female,group C,some college,standard,False,8.1,9.8,85.0,77.0,88.0,private,False,267.9,53.58,Pass
209,female,group D,associate degree,free/reduced,False,5.6,3.0,95.0,83.0,65.0,public,True,251.6,50.32,Pass
210,male,group E,high school,free/reduced,True,5.8,6.1,75.0,54.0,66.0,public,True,206.9,41.38,Fail
211,female,group B,high school,standard,True,2.3,9.5,84.0,46.0,100.0,public,True,241.8,48.36,Fail
212,male,group D,some college,standard,True,8.1,7.1,43.0,53.0,62.0,public,True,173.2,34.64,Fail
213,male,group B,bachelor degree,standard,True,9.66265306122449,8.5,63.0,64.0,50.0,public,True,195.1626530612245,39.03,Fail
214,female,group E,master degree,standard,False,11.2,5.2,43.0,62.0,97.0,public,True,218.4,43.68,Fail
215,female,group D,associate degree,standard,True,17.1,8.6,73.0,76.0,65.0,private,False,239.7,47.94,Fail
216,male,group B,high school,standard,True,9.3,7.193586956521739,74.0,43.0,94.0,public,True,227.49358695652174,45.5,Fail
217,female,group E,high school,standard,False,11.0,7.193586956521739,65.0,76.0,56.0,private,True,215.19358695652176,43.04,Fail
218,male,group C,some college,standard,False,19.6,7.2,56.0,54.0,88.0,private,True,224.8,44.96,Fail
219,female,group B,some college,standard,False,8.7,7.4,69.0,64.0,72.0,public,True,221.1,44.22,Fail
220,male,group C,associate degree,standard,False,11.1,8.9,72.0,71.0,100.0,international,True,263.0,52.6,Pass
221,female,group B,high school,free/reduced,True,7.0,6.1,52.0,71.0,90.0,international,True,226.1,45.22,Fail
222,male,group C,high school,standard,True,17.1,6.4,40.0,66.0,56.0,public,True,185.5,37.1,Fail
223,male,group D,some college,standard,False,0.5,7.2,67.0,58.0,78.0,private,True,210.7,42.14,Fail
224,male,group C,high school,standard,False,19.2,7.7,78.0,77.0,64.0,public,True,245.9,49.18,Fail
225,male,group B,high school,free/reduced,True,18.0,7.0,59.0,59.0,84.0,public,True,227.0,45.4,Fail
226,female,group C,associate degree,free/reduced,False,9.9,5.5,83.0,88.0,80.0,public,True,266.4,53.28,Pass
227,male,group E,associate degree,standard,True,9.1,7.3,74.0,71.13410138248848,64.0,public,True,225.53410138248847,45.11,Fail
228,male,group D,bachelor degree,free/reduced,False,3.0,8.2,66.0,72.0,66.0,public,False,215.2,43.04,Fail
229,female,group B,high school,free/reduced,True,9.66265306122449,5.8,66.0,68.0,76.0,public,True,225.4626530612245,45.09,Fail
230,female,group E,associate degree,free/reduced,True,0.6,8.8,46.0,71.13410138248848,33.0,public,True,159.53410138248847,31.91,Fail
231,female,group D,master degree,standard,True,5.1,7.0,97.0,64.0,86.0,public,True,259.1,51.82,Pass
232,male,group C,bachelor degree,standard,False,10.4,8.2,64.0,56.0,68.0,public,False,206.6,41.32,Fail
233,female,group D,high school,free/reduced,True,9.2,6.8,92.0,74.0,54.0,public,True,236.0,47.2,Fail
234,female,group D,master degree,standard,True,7.6,7.3,71.0,84.0,68.0,public,True,237.9,47.58,Fail
235,female,group E,some college,standard,False,9.66265306122449,6.6,83.0,77.0,53.0,international,True,229.26265306122448,45.85,Fail
236,male,group B,bachelor degree,standard,True,5.7,9.1,84.0,64.0,74.0,public,True,236.8,47.36,Fail
237,female,group B,associate degree,standard,False,3.3,8.5,87.0,79.0,84.0,private,False,261.8,52.36,Pass
238,male,group E,high school,free/reduced,True,8.1,5.4,80.0,56.0,65.0,public,True,214.5,42.9,Fail
239,male,group B,high school,standard,False,9.66265306122449,9.8,78.0,49.0,89.0,international,True,235.4626530612245,47.09,Fail
240,male,group B,associate degree,standard,False,11.2,7.193586956521739,89.0,100.0,61.0,public,True,268.39358695652174,53.68,Pass
241,male,group E,high school,standard,True,7.2,6.8,62.0,67.0,76.0,international,True,219.0,43.8,Fail
242,female,group C,some college,standard,False,6.3,7.193586956521739,56.0,76.0,70.46045112781955,public,False,215.95403808434128,43.19,Fail
243,male,group E,bachelor degree,free/reduced,True,5.2,8.3,44.0,75.0,77.0,international,True,209.5,41.9,Fail
244,male,group A,associate degree,standard,True,4.5,8.2,63.0,96.0,95.0,public,True,266.7,53.34,Pass
245,female,group C,high school,standard,False,9.9,6.0,64.0,71.13410138248848,74.0,private,True,225.03410138248847,45.01,Fail
246,male,group B,high school,standard,False,11.4,7.193586956521739,100.0,70.0,42.0,public,False,230.59358695652173,46.12,Fail
247,male,group C,master degree,standard,False,6.9,7.193586956521739,64.0,72.0,95.0,public,True,245.09358695652173,49.02,Fail
248,male,group D,some college,standard,False,4.0,8.7,75.0,47.0,70.0,public,True,204.7,40.94,Fail
249,female,group D,high school,standard,False,9.66265306122449,6.6,51.0,64.0,43.0,public,True,174.26265306122448,34.85,Fail
250,female,group E,high school,standard,False,9.7,7.193586956521739,65.0,83.0,71.0,private,True,235.89358695652174,47.18,Fail
251,female,group D,master degree,free/reduced,False,10.5,6.1,70.0,73.0,63.0,private,True,222.6,44.52,Fail
252,female,group C,high school,standard,True,9.4,6.6,51.0,74.0,36.0,public,True,177.0,35.4,Fail
253,male,group C,some college,free/reduced,False,15.5,9.4,75.0,76.0,87.0,public,True,262.9,52.58,Pass
254,female,group E,high school,standard,False,2.1,8.8,66.0,77.0,46.0,public,False,199.9,39.98,Fail
255,female,group A,associate degree,free/reduced,True,1.9,9.2,72.0,91.0,75.0,public,False,249.1,49.82,Fail
256,female,group C,bachelor degree,free/reduced,True,4.0,7.0,77.0,55.0,65.0,private,True,208.0,41.6,Fail
257,female,group C,master degree,standard,True,9.5,8.5,71.0,64.0,74.0,public,False,227.0,45.4,Fail
258,male,group E,some college,free/reduced,True,12.1,7.7,64.0,71.0,70.0,public,True,224.8,44.96,Fail
259,male,group E,master degree,free/reduced,False,14.0,8.8,65.0,58.0,84.0,private,True,229.8,45.96,Fail
260,female,group E,high school,standard,False,11.2,7.1,78.0,68.0,76.0,private,True,240.3,48.06,Fail
261,female,group A,high school,standard,True,9.66265306122449,4.4,82.0,67.0,82.0,public,True,245.0626530612245,49.01,Fail
262,male,group B,associate degree,free/reduced,False,17.1,7.0,77.0,59.0,79.0,public,True,239.1,47.82,Fail
263,male,group B,high school,free/reduced,True,8.8,6.2,100.0,71.0,70.0,public,True,256.0,51.2,Pass
264,male,group E,some college,free/reduced,False,15.9,7.4,61.0,93.0,72.0,public,True,249.3,49.86,Fail
265,female,group B,high school,standard,False,0.0,7.7,80.0,94.0,85.0,public,True,266.7,53.34,Pass
266,female,group A,high school,standard,False,17.5,5.3,60.0,57.0,63.0,private,True,202.8,40.56,Fail
267,female,group B,high school,standard,False,15.0,8.7,61.0,66.0,74.0,private,True,224.7,44.94,Fail
268,female,group C,associate degree,standard,True,2.8,6.8,53.0,95.0,85.0,private,True,242.6,48.52,Fail
269,male,group D,high school,standard,False,9.66265306122449,8.3,46.0,89.0,75.0,private,True,227.9626530612245,45.59,Fail
270,female,group A,high school,standard,True,12.7,8.4,50.0,66.0,85.0,international,True,222.1,44.42,Fail
271,male,group E,bachelor degree,standard,False,6.4,7.6,71.0,65.0,79.0,public,True,229.0,45.8,Fail
272,female,group E,high school,standard,True,9.66265306122449,7.4,66.0,71.13410138248848,62.0,public,True,216.19675444371296,43.24,Fail
273,male,group B,high school,standard,False,14.2,7.2,70.0,79.0,82.0,public,True,252.4,50.48,Pass
274,female,group D,high school,standard,False,1.8,9.9,74.0,100.0,66.0,public,True,251.7,50.34,Pass
275,female,group E,some college,free/reduced,True,15.7,7.9,76.0,87.0,94.0,public,False,280.6,56.12,Pass
276,male,group D,associate degree,standard,True,9.66265306122449,7.8,50.0,49.0,65.0,public,True,181.4626530612245,36.29,Fail
277,female,group E,some college,standard,False,9.66265306122449,6.9,58.0,72.0,79.0,public,True,225.5626530612245,45.11,Fail
278,male,group E,high school,standard,False,11.6,7.193586956521739,56.0,77.0,76.0,private,True,227.79358695652172,45.56,Fail
279,male,group E,some college,standard,True,8.4,9.4,87.0,97.0,57.0,public,True,258.8,51.76,Pass
280,female,group A,high school,standard,True,8.8,7.5,79.0,81.0,59.0,public,True,235.3,47.06,Fail
281,female,group D,some college,free/reduced,False,15.5,6.9,67.0,80.0,58.0,private,True,227.4,45.48,Fail
282,male,group B,associate degree,free/reduced,False,14.6,8.8,83.0,63.0,70.46045112781955,public,True,239.86045112781954,47.97,Fail
283,female,group E,high school,standard,True,8.9,7.0,84.0,65.0,62.0,private,False,226.9,45.38,Fail
284,female,group A,some college,standard,False,9.0,5.6,47.0,51.0,78.0,public,True,190.6,38.12,Fail
285,male,group B,bachelor degree,free/reduced,True,9.3,6.8,80.0,89.0,68.0,public,True,253.1,50.62,Pass
286,male,group B,high school,standard,False,12.9,6.3,79.0,79.0,68.0,private,True,245.2,49.04,Fail
287,male,group E,associate degree,free/reduced,False,19.7,7.1,79.0,71.13410138248848,81.0,private,True,257.9341013824885,51.59,Pass
288,male,group C,bachelor degree,standard,True,11.4,7.5,68.0,67.0,65.0,public,True,218.9,43.78,Fail
289,female,group D,some college,standard,True,9.66265306122449,7.193586956521739,80.0,69.0,65.0,public,True,230.85624001774625,46.17,Fail
290,female,group C,bachelor degree,standard,True,13.3,9.2,66.0,65.0,79.0,international,True,232.5,46.5,Fail
291,female,group A,associate degree,free/reduced,False,16.6,7.5,68.0,62.0,59.0,public,True,213.1,42.62,Fail
292,female,group E,some college,standard,True,2.1,6.7,49.0,75.0,58.0,public,True,190.8,38.16,Fail
293,male,group C,high school,free/reduced,True,13.9,7.193586956521739,45.0,71.0,71.0,private,True,208.09358695652173,41.62,Fail
294,male,group C,some college,standard,False,5.5,7.7,41.0,73.0,70.46045112781955,private,False,197.66045112781956,39.53,Fail
295,male,group E,high school,standard,False,9.66265306122449,7.5,31.0,86.0,51.0,private,True,185.1626530612245,37.03,Fail
296,male,group D,some college,free/reduced,False,11.7,7.2,72.0,80.0,39.0,private,True,209.9,41.98,Fail
297,male,group B,some college,standard,False,9.1,7.193586956521739,39.0,66.0,48.0,private,True,169.29358695652172,33.86,Fail
298,female,group D,some college,standard,True,9.66265306122449,6.4,60.0,65.0,79.0,private,True,220.0626530612245,44.01,Fail
299,male,group C,bachelor degree,standard,True,9.66265306122449,7.5,80.0,58.0,60.0,public,True,215.1626530612245,43.03,Fail
300,male,group B,high school,standard,True,6.2,7.3,78.0,71.13410138248848,72.0,public,True,234.6341013824885,46.93,Fail
301,female,group E,high school,free/reduced,True,0.0,9.4,66.0,77.0,97.0,public,True,249.4,49.88,Fail
302,female,group E,high school,standard,False,9.66265306122449,8.4,69.0,55.0,76.0,public,True,218.0626530612245,43.61,Fail
303,female,group E,some college,standard,True,7.1,8.2,46.0,75.0,58.0,public,True,194.3,38.86,Fail
304,male,group B,associate degree,free/reduced,True,8.9,6.3,84.0,81.0,64.0,public,True,244.2,48.84,Fail
305,female,group A,high school,free/reduced,False,16.0,5.4,83.0,69.0,70.0,public,True,243.4,48.68,Fail
306,female,group B,master degree,free/reduced,False,7.0,7.4,70.0,57.0,56.0,public,True,197.4,39.48,Fail
307,male,group C,high school,free/reduced,True,6.7,4.8,64.0,90.0,73.0,public,True,238.5,47.7,Fail
308,female,group D,high school,standard,True,10.3,8.4,78.0,97.0,75.0,private,True,268.7,53.74,Pass
309,female,group A,high school,free/reduced,True,13.4,8.9,72.0,76.0,96.0,public,True,266.3,53.26,Pass
310,male,group C,high school,standard,True,9.66265306122449,8.2,63.0,86.0,70.0,public,True,236.86265306122448,47.37,Fail
311,female,group E,bachelor degree,standard,False,15.0,8.0,92.0,47.0,69.0,public,False,231.0,46.2,Fail
312,female,group A,some college,standard,False,5.7,6.2,74.0,54.0,100.0,public,True,239.9,47.98,Fail
313,female,group A,some college,standard,False,11.7,4.2,86.0,74.0,84.0,public,True,259.9,51.98,Pass
314,female,group B,high school,free/reduced,True,9.2,6.7,33.0,68.0,75.0,private,False,191.9,38.38,Fail
315,female,group C,bachelor degree,standard,False,12.8,5.5,52.0,68.0,67.0,public,True,205.3,41.06,Fail
316,male,group D,high school,standard,False,7.0,6.2,69.0,92.0,71.0,private,True,245.2,49.04,Fail
317,male,group A,high school,free/reduced,True,4.5,9.2,63.0,71.13410138248848,75.0,private,True,222.83410138248848,44.57,Fail
318,male,group B,high school,standard,False,11.5,8.4,55.0,75.0,74.0,public,True,223.9,44.78,Fail
319,female,group B,some college,free/reduced,True,4.3,8.6,90.0,91.0,68.0,public,True,261.9,52.38,Pass
320,female,group E,high school,standard,False,2.4,10.3,74.0,73.0,65.0,public,True,224.7,44.94,Fail
321,male,group A,high school,standard,True,11.2,8.0,97.0,71.13410138248848,93.0,public,True,280.3341013824885,56.07,Pass
322,male,group A,bachelor degree,standard,True,12.0,7.0,79.0,64.0,70.46045112781955,public,True,232.46045112781957,46.49,Fail
323,female,group C,bachelor degree,free/reduced,True,9.66265306122449,5.3,77.0,73.0,49.0,public,True,213.9626530612245,42.79,Fail
324,female,group E,high school,standard,True,11.6,6.4,52.0,47.0,63.0,public,True,180.0,36.0,Fail
325,female,group B,high school,standard,False,4.6,6.9,86.0,71.0,88.0,public,True,256.5,51.3,Pass
326,female,group B,bachelor degree,standard,False,6.6,6.1,90.0,61.0,54.0,private,True,217.7,43.54,Fail
327,female,group D,high school,standard,False,9.66265306122449,6.7,41.0,88.0,42.0,public,False,187.36265306122448,37.47,Fail
328,female,group C,bachelor degree,standard,True,14.5,5.1,73.0,61.0,94.0,public,True,247.6,49.52,Fail
329,female,group B,bachelor degree,standard,False,6.4,7.5,79.0,49.0,71.0,public,True,212.9,42.58,Fail
330,female,group B,some college,free/reduced,True,4.9,7.4,41.0,64.0,63.0,private,True,180.3,36.06,Fail
331,female,group E,some college,free/reduced,True,8.6,6.7,77.0,83.0,66.0,public,True,241.3,48.26,Fail
332,male,group E,some college,free/reduced,True,8.7,7.7,95.0,66.0,64.0,private,False,241.4,48.28,Fail
333,male,group B,some college,standard,False,17.5,5.8,73.0,74.0,70.46045112781955,public,True,240.76045112781958,48.15,Fail
334,male,group D,some college,free/reduced,True,0.0,9.3,61.0,74.0,92.0,public,True,236.3,47.26,Fail
335,female,group C,high school,standard,True,7.5,9.1,61.0,95.0,70.46045112781955,international,True,243.06045112781953,48.61,Fail
336,male,group E,high school,standard,False,21.2,7.193586956521739,79.0,63.0,48.0,private,True,218.39358695652174,43.68,Fail
337,male,group E,high school,free/reduced,True,6.0,6.6,64.0,56.0,87.0,public,True,219.6,43.92,Fail
338,male,group C,associate degree,standard,False,5.7,7.0,49.0,71.13410138248848,68.0,private,True,200.83410138248848,40.17,Fail
339,female,group C,high school,free/reduced,True,10.8,6.6,50.0,44.0,55.0,public,True,166.4,33.28,Fail
340,male,group A,some college,standard,True,13.2,7.6,73.0,91.0,68.0,public,True,252.8,50.56,Pass
341,female,group C,high school,standard,True,7.3,9.8,90.0,74.0,82.0,public,True,263.1,52.62,Pass
342,female,group B,high school,standard,False,11.7,5.6,93.0,85.0,66.0,private,True,261.3,52.26,Pass
343,female,group B,high school,standard,False,15.3,5.4,62.0,44.0,91.0,international,True,217.7,43.54,Fail
344,male,group D,some college,standard,True,22.7,6.7,68.0,68.0,62.0,public,True,227.4,45.48,Fail
345,female,group D,bachelor degree,standard,True,1.9,5.4,62.0,76.0,77.0,private,False,222.3,44.46,Fail
346,male,group E,high school,standard,False,9.66265306122449,6.4,43.0,79.0,44.0,public,True,182.0626530612245,36.41,Fail
347,male,group C,some college,standard,False,14.1,5.6,48.0,59.0,68.0,public,True,194.7,38.94,Fail
348,female,group B,high school,free/reduced,False,10.0,8.1,56.0,77.0,65.0,public,True,216.1,43.22,Fail
349,female,group B,high school,standard,True,10.8,6.5,74.0,80.0,66.0,public,True,237.3,47.46,Fail
350,male,group A,high school,free/reduced,False,8.2,5.8,55.0,52.0,58.0,private,True,179.0,35.8,Fail
351,male,group D,high school,free/reduced,True,9.5,7.0,85.0,81.0,57.0,private,True,239.5,47.9,Fail
352,female,group B,some college,free/reduced,False,4.5,7.193586956521739,59.0,80.0,91.0,public,False,241.69358695652176,48.34,Fail
353,female,group C,master degree,standard,False,10.7,8.3,73.0,79.0,60.0,private,True,231.0,46.2,Fail
354,male,group C,some college,standard,False,10.8,3.5,67.0,85.0,67.0,public,False,233.3,46.66,Fail
355,female,group D,bachelor degree,free/reduced,False,8.4,5.4,69.0,100.0,81.0,public,True,263.8,52.76,Pass
356,male,group D,some college,standard,True,9.1,8.6,76.0,80.0,63.0,public,True,236.7,47.34,Fail
357,female,group E,some college,free/reduced,True,3.0,5.4,85.0,77.0,76.0,public,True,246.4,49.28,Fail
358,female,group B,bachelor degree,standard,False,13.8,7.2,63.0,75.0,59.0,public,True,218.0,43.6,Fail
359,female,group C,high school,standard,False,13.8,6.3,76.0,71.13410138248848,100.0,public,True,267.23410138248846,53.45,Pass
360,male,group C,high school,free/reduced,True,8.1,7.5,100.0,64.0,50.0,public,True,229.6,45.92,Fail
361,female,group C,some college,standard,False,3.4,10.1,76.0,84.0,69.0,private,True,242.5,48.5,Fail
362,male,group B,associate degree,free/reduced,False,5.1,7.193586956521739,45.0,66.0,61.0,public,True,184.29358695652172,36.86,Fail
363,female,group C,bachelor degree,free/reduced,True,7.1,8.0,79.0,92.0,41.0,international,True,227.1,45.42,Fail
364,male,group A,associate degree,free/reduced,True,1.8,7.4,75.0,100.0,67.0,public,True,251.2,50.24,Pass
365,male,group A,bachelor degree,free/reduced,True,2.2,7.193586956521739,70.0,97.0,84.0,private,False,260.39358695652174,52.08,Pass
366,male,group E,associate degree,standard,False,11.9,7.7,74.0,71.13410138248848,68.0,public,True,232.73410138248846,46.55,Fail
367,male,group C,high school,free/reduced,False,15.4,6.9,58.0,64.0,64.0,public,True,208.3,41.66,Fail
368,male,group B,master degree,free/reduced,False,1.7,7.3,86.0,71.0,54.0,private,True,220.0,44.0,Fail
369,female,group D,bachelor degree,free/reduced,False,8.3,8.8,58.0,84.0,60.0,public,True,219.1,43.82,Fail
370,female,group E,some college,standard,True,8.5,7.193586956521739,75.0,45.0,69.0,public,True,204.69358695652176,40.94,Fail
371,male,group C,some college,standard,True,11.3,5.6,73.0,39.0,68.0,public,True,196.9,39.38,Fail
372,male,group E,high school,free/reduced,False,9.66265306122449,6.4,73.0,59.0,98.0,public,True,246.0626530612245,49.21,Fail
373,male,group A,associate degree,standard,False,5.6,6.3,59.0,71.13410138248848,77.0,public,True,219.03410138248847,43.81,Fail
374,male,group A,high school,standard,False,2.1,7.193586956521739,22.0,71.13410138248848,75.0,public,True,177.42768833901022,35.49,Fail
375,male,group C,associate degree,free/reduced,False,9.66265306122449,9.2,59.0,77.0,64.0,public,True,218.86265306122448,43.77,Fail
376,male,group A,high school,standard,True,8.7,9.1,52.0,65.0,34.0,public,True,168.8,33.76,Fail
377,male,group C,some college,standard,True,13.9,7.1,71.0,74.0,71.0,public,True,237.0,47.4,Fail
378,female,group E,high school,standard,True,9.5,8.1,45.0,71.13410138248848,64.0,private,True,197.7341013824885,39.55,Fail
379,male,group D,bachelor degree,standard,False,9.66265306122449,5.4,57.0,80.0,61.0,private,False,213.0626530612245,42.61,Fail
380,female,group B,high school,free/reduced,False,9.66265306122449,5.2,52.0,71.13410138248848,70.0,public,True,207.99675444371297,41.6,Fail
381,female,group B,some college,free/reduced,True,5.4,7.0,69.0,93.0,63.0,public,False,237.4,47.48,Fail
382,male,group C,associate degree,standard,False,9.66265306122449,5.6,58.0,70.0,76.0,public,True,219.26265306122448,43.85,Fail
383,female,group C,some college,standard,False,9.66265306122449,7.2,78.0,56.0,63.0,public,True,213.86265306122448,42.77,Fail
384,male,group A,master degree,free/reduced,False,4.5,8.5,55.0,94.0,81.0,public,True,243.0,48.6,Fail
385,male,group C,high school,standard,False,4.0,7.193586956521739,93.0,67.0,83.0,public,True,254.19358695652176,50.84,Pass
386,male,group E,associate degree,standard,True,5.7,7.9,100.0,55.0,62.0,public,True,230.6,46.12,Fail
387,male,group B,associate degree,standard,True,9.66265306122449,5.6,66.0,92.0,66.0,public,True,239.26265306122448,47.85,Fail
388,female,group B,bachelor degree,standard,False,11.9,5.7,64.0,100.0,73.0,international,False,254.6,50.92,Pass
389,female,group C,associate degree,standard,False,8.6,7.7,70.0,71.0,53.0,private,True,210.3,42.06,Fail
390,female,group E,some college,standard,True,15.7,5.9,95.0,81.0,75.0,public,True,272.6,54.52,Pass
391,male,group C,high school,standard,True,11.8,7.193586956521739,54.0,66.0,77.0,public,True,215.99358695652174,43.2,Fail
392,male,group B,high school,standard,True,9.66265306122449,8.7,90.0,59.0,80.0,public,True,247.36265306122448,49.47,Fail
393,female,group B,master degree,free/reduced,True,8.4,6.2,90.0,80.0,62.0,public,True,246.6,49.32,Fail
394,female,group C,some college,standard,False,0.9,8.1,66.0,51.0,87.0,public,True,213.0,42.6,Fail
395,male,group C,high school,standard,False,6.7,8.0,81.0,62.0,45.0,international,True,202.7,40.54,Fail
396,male,group C,bachelor degree,free/reduced,True,10.8,7.193586956521739,95.0,75.0,79.0,public,True,266.99358695652177,53.4,Pass
397,female,group C,high school,free/reduced,False,18.7,8.1,56.0,57.0,50.0,public,False,189.8,37.96,Fail
398,female,group D,associate degree,standard,False,12.7,6.5,61.0,80.0,68.0,public,True,228.2,45.64,Fail
399,female,group B,bachelor degree,free/reduced,True,12.1,8.6,71.0,75.0,83.0,public,True,249.7,49.94,Fail
400,male,group D,bachelor degree,standard,True,12.6,8.7,78.0,84.0,42.0,public,False,225.3,45.06,Fail
401,male,group B,some college,standard,True,10.4,7.8,55.0,74.0,86.0,public,True,233.2,46.64,Fail
402,male,group C,associate degree,standard,True,9.66265306122449,8.3,74.0,80.0,80.0,public,True,251.9626530612245,50.39,Pass
403,male,group E,some college,standard,True,19.3,6.6,78.0,65.0,90.0,public,True,258.9,51.78,Pass
404,female,group B,associate degree,standard,True,10.7,8.0,59.0,85.0,72.0,public,True,234.7,46.94,Fail
405,female,group C,associate degree,standard,False,14.2,5.6,76.0,71.0,47.0,public,True,213.8,42.76,Fail
406,male,group A,master degree,standard,False,11.5,7.1,95.0,87.0,69.0,private,True,269.6,53.92,Pass
407,female,group A,associate degree,standard,False,12.3,7.193586956521739,78.0,71.13410138248848,96.0,international,True,264.6276883390102,52.93,Pass
408,male,group E,high school,standard,False,6.7,5.1,85.0,64.0,47.0,international,True,207.8,41.56,Fail
409,male,group B,some college,standard,True,11.5,8.7,99.0,79.0,71.0,public,False,269.2,53.84,Pass
410,male,group C,some college,standard,False,10.1,6.7,72.0,52.0,67.0,private,True,207.8,41.56,Fail
411,female,group D,bachelor degree,standard,False,10.3,7.9,55.0,72.0,63.0,public,True,208.2,41.64,Fail
412,female,group D,high school,standard,False,15.0,7.0,60.0,75.0,66.0,international,True,223.0,44.6,Fail
413,male,group A,bachelor degree,free/reduced,False,8.3,6.3,54.0,49.0,64.0,public,True,181.6,36.32,Fail
414,male,group A,bachelor degree,standard,True,6.6,9.0,53.0,73.0,59.0,public,True,200.6,40.12,Fail
415,female,group E,high school,standard,True,9.66265306122449,7.1,71.0,68.0,78.0,public,True,233.76265306122448,46.75,Fail
416,male,group B,master degree,standard,False,0.0,7.193586956521739,62.0,78.0,75.0,private,True,222.19358695652176,44.44,Fail
417,female,group E,master degree,free/reduced,False,13.9,5.6,74.0,67.0,82.0,public,True,242.5,48.5,Fail
418,female,group E,high school,standard,False,6.0,7.193586956521739,88.0,75.0,72.0,public,True,248.19358695652176,49.64,Fail
419,male,group C,associate degree,standard,True,9.66265306122449,5.2,55.0,73.0,62.0,public,True,204.86265306122448,40.97,Fail
420,male,group E,associate degree,standard,True,4.5,6.8,70.0,72.0,70.46045112781955,public,True,223.76045112781958,44.75,Fail
421,female,group B,bachelor degree,standard,True,5.1,7.193586956521739,82.0,88.0,73.0,public,False,255.29358695652172,51.06,Pass
422,male,group A,some college,free/reduced,False,4.0,5.7,60.0,74.0,83.0,private,True,226.7,45.34,Fail
423,female,group B,high school,free/reduced,False,5.1,5.4,74.0,41.0,72.0,international,True,197.5,39.5,Fail
424,male,group B,bachelor degree,standard,True,3.0,6.1,59.0,76.0,53.0,public,True,197.1,39.42,Fail
425,female,group C,some college,free/reduced,True,6.0,6.7,72.0,80.0,100.0,private,True,264.7,52.94,Pass
426,male,group B,bachelor degree,free/reduced,True,22.2,4.8,56.0,74.0,69.0,public,True,226.0,45.2,Fail
427,female,group C,associate degree,free/reduced,False,8.2,8.6,47.0,100.0,87.0,private,True,250.8,50.16,Pass
428,male,group D,high school,standard,False,7.5,8.0,71.0,65.0,70.46045112781955,public,True,221.96045112781957,44.39,Fail
429,female,group B,master degree,standard,False,12.5,6.6,69.0,85.0,69.0,public,True,242.1,48.42,Fail
430,female,group E,high school,standard,True,8.7,7.193586956521739,63.0,51.0,57.0,private,True,186.89358695652174,37.38,Fail
431,male,group C,associate degree,standard,True,16.5,6.7,78.0,66.0,74.0,public,False,241.2,48.24,Fail
432,female,group A,bachelor degree,standard,False,13.9,6.1,68.0,70.0,77.0,public,True,235.0,47.0,Fail
433,female,group E,associate degree,standard,True,12.3,6.9,72.0,76.0,62.0,public,True,229.2,45.84,Fail
434,male,group B,high school,standard,True,4.8,7.8,66.0,81.0,50.0,international,True,209.6,41.92,Fail
435,male,group C,high school,standard,True,0.7,4.1,80.0,79.0,58.0,private,True,221.8,44.36,Fail
436,female,group E,high school,standard,True,8.9,6.6,79.0,71.13410138248848,69.0,public,True,234.6341013824885,46.93,Fail
437,female,group B,master degree,standard,True,9.66265306122449,6.2,66.0,96.0,83.0,public,False,260.8626530612245,52.17,Pass
438,female,group B,some college,standard,False,0.0,6.6,76.0,52.0,64.0,public,True,198.6,39.72,Fail
439,male,group C,some college,standard,True,19.0,7.9,72.0,70.0,90.0,public,True,258.9,51.78,Pass
440,male,group E,bachelor degree,standard,False,3.8,5.0,61.0,65.0,66.0,public,True,200.8,40.16,Fail
441,male,group D,bachelor degree,free/reduced,False,12.7,7.193586956521739,42.0,81.0,100.0,public,True,242.89358695652174,48.58,Fail
442,female,group A,high school,standard,False,12.0,6.6,51.0,71.13410138248848,59.0,public,True,199.73410138248846,39.95,Fail
443,female,group E,some college,free/reduced,False,13.4,8.2,99.0,73.0,86.0,public,True,279.6,55.92,Pass
444,male,group E,bachelor degree,standard,False,4.1,6.2,67.0,78.0,92.0,private,True,247.3,49.46,Fail
445,female,group C,high school,standard,True,14.2,7.3,72.0,86.0,81.0,private,True,260.5,52.1,Pass
446,male,group E,high school,free/reduced,False,7.6,6.5,73.0,76.0,75.0,public,True,238.1,47.62,Fail
447,female,group E,high school,free/reduced,False,10.6,5.5,71.0,71.0,62.0,public,True,220.1,44.02,Fail
448,male,group B,some college,standard,False,13.5,8.0,78.0,68.0,66.0,public,True,233.5,46.7,Fail
449,female,group D,high school,free/reduced,False,22.6,7.3,75.0,78.0,64.0,public,True,246.9,49.38,Fail
450,female,group E,high school,standard,True,1.4,7.1,72.0,48.0,62.0,public,True,190.5,38.1,Fail
451,male,group D,high school,standard,True,9.66265306122449,8.3,63.0,61.0,69.0,public,False,210.9626530612245,42.19,Fail
452,female,group A,bachelor degree,free/reduced,True,0.0,9.5,68.0,84.0,70.0,private,True,231.5,46.3,Fail
453,female,group E,some college,standard,True,9.66265306122449,8.2,66.0,98.0,87.0,public,True,268.8626530612245,53.77,Pass
454,male,group D,associate degree,free/reduced,False,3.2,9.0,80.0,63.0,62.0,international,False,217.2,43.44,Fail
455,male,group C,high school,standard,True,5.0,7.193586956521739,86.0,57.0,59.0,private,True,214.19358695652176,42.84,Fail
456,female,group A,some college,standard,True,11.3,7.1,100.0,51.0,93.0,private,True,262.4,52.48,Pass
457,female,group D,high school,free/reduced,False,4.7,10.2,64.0,71.13410138248848,78.0,public,True,228.03410138248847,45.61,Fail
458,male,group E,bachelor degree,standard,False,15.2,6.3,73.0,71.13410138248848,73.0,international,True,238.6341013824885,47.73,Fail
459,male,group B,high school,standard,True,11.0,5.6,58.0,67.0,79.0,public,False,220.6,44.12,Fail
460,male,group D,high school,free/reduced,True,6.0,6.2,71.0,70.0,74.0,private,True,227.2,45.44,Fail
461,female,group D,bachelor degree,free/reduced,False,11.3,5.2,34.0,45.0,70.46045112781955,public,True,165.96045112781957,33.19,Fail
462,male,group A,high school,standard,True,9.66265306122449,8.8,72.0,84.0,74.0,private,True,248.4626530612245,49.69,Fail
463,female,group C,high school,standard,False,13.9,8.2,65.0,72.0,56.0,public,True,215.1,43.02,Fail
464,male,group C,high school,free/reduced,True,7.6,4.8,50.0,87.0,69.0,public,True,218.4,43.68,Fail
465,female,group E,some college,standard,False,16.2,7.193586956521739,84.0,71.0,91.0,international,True,269.39358695652174,53.88,Pass
466,male,group D,bachelor degree,standard,True,12.0,5.1,54.0,73.0,71.0,private,True,215.1,43.02,Fail
467,male,group D,high school,free/reduced,False,6.6,8.5,65.0,73.0,61.0,public,True,214.1,42.82,Fail
468,female,group C,master degree,free/reduced,False,13.1,7.5,72.0,65.0,84.0,international,True,241.6,48.32,Fail
469,male,group A,high school,free/reduced,True,13.5,7.8,46.0,63.0,89.0,public,True,219.3,43.86,Fail
470,male,group E,high school,free/reduced,True,5.4,8.7,91.0,100.0,73.0,private,True,278.1,55.62,Pass
471,male,group E,some college,standard,False,7.0,6.1,69.0,63.0,62.0,private,True,207.1,41.42,Fail
472,female,group B,associate degree,free/reduced,True,17.8,9.1,69.0,98.0,73.0,public,False,266.9,53.38,Pass
473,male,group C,associate degree,free/reduced,False,9.66265306122449,7.2,53.0,68.0,44.0,public,True,181.86265306122448,36.37,Fail
474,female,group A,high school,free/reduced,False,9.66265306122449,5.2,61.0,45.0,74.0,international,True,194.86265306122448,38.97,Fail
475,male,group E,high school,standard,True,6.3,7.5,78.0,61.0,74.0,public,True,226.8,45.36,Fail
476,female,group E,high school,standard,True,3.5,9.2,85.0,52.0,48.0,international,True,197.7,39.54,Fail
477,male,group E,master degree,standard,True,9.9,9.5,86.0,68.0,73.0,private,True,246.4,49.28,Fail
478,male,group C,some college,standard,False,10.4,4.4,75.0,71.13410138248848,71.0,private,False,231.93410138248848,46.39,Fail
479,female,group D,high school,standard,False,3.4,6.5,69.0,86.0,97.0,public,True,261.9,52.38,Pass
480,male,group D,some college,standard,False,9.4,6.8,63.0,71.13410138248848,67.0,public,True,217.33410138248848,43.47,Fail
481,male,group E,bachelor degree,standard,True,9.66265306122449,7.3,76.0,56.0,74.0,international,True,222.9626530612245,44.59,Fail
482,male,group D,high school,free/reduced,False,8.7,8.3,63.0,75.0,54.0,public,True,209.0,41.8,Fail
483,male,group D,some college,standard,True,6.2,6.2,44.0,79.0,53.0,private,True,188.4,37.68,Fail
484,male,group E,high school,standard,False,11.5,7.193586956521739,43.0,74.0,77.0,public,False,212.69358695652176,42.54,Fail
485,female,group A,high school,free/reduced,False,7.5,6.4,55.0,56.0,63.0,public,True,187.9,37.58,Fail
486,female,group C,bachelor degree,standard,True,3.4,5.9,79.0,69.0,54.0,private,True,211.3,42.26,Fail
487,male,group D,bachelor degree,free/reduced,False,7.0,5.7,46.0,50.0,88.0,public,True,196.7,39.34,Fail
488,male,group E,bachelor degree,free/reduced,True,19.7,8.6,77.0,67.0,58.0,private,True,230.3,46.06,Fail
489,female,group B,associate degree,free/reduced,False,8.6,8.9,100.0,41.0,55.0,public,True,213.5,42.7,Fail
490,female,group A,high school,standard,False,13.6,6.2,72.0,71.13410138248848,40.0,public,False,202.93410138248848,40.59,Fail
491,male,group C,some college,standard,False,10.2,6.7,79.0,75.0,70.46045112781955,public,True,241.36045112781954,48.27,Fail
492,female,group D,master degree,standard,False,6.3,4.5,100.0,65.0,82.0,public,True,257.8,51.56,Pass
493,female,group D,high school,standard,False,10.6,7.8,81.0,60.0,88.0,public,True,247.4,49.48,Fail
494,female,group C,some college,standard,True,4.9,9.7,68.0,71.13410138248848,84.0,public,True,237.73410138248846,47.55,Fail
495,female,group B,high school,free/reduced,False,6.5,9.6,77.0,68.0,79.0,public,False,240.1,48.02,Fail
496,female,group B,some college,free/reduced,False,15.3,8.4,62.0,71.13410138248848,63.0,public,True,219.83410138248848,43.97,Fail
497,female,group E,high school,standard,True,9.6,8.3,68.0,71.13410138248848,61.0,public,True,218.03410138248847,43.61,Fail
498,male,group E,high school,free/reduced,False,4.3,7.2,37.0,92.0,86.0,private,True,226.5,45.3,Fail
499,female,group C,high school,standard,False,9.4,8.7,62.0,78.0,58.0,private,True,216.1,43.22,Fail
500,male,group B,high school,standard,False,7.7,6.5,79.0,80.0,87.0,public,True,260.2,52.04,Pass
501,female,group B,some college,standard,True,4.4,8.9,61.0,97.0,86.0,public,True,257.3,51.46,Pass
502,female,group B,some college,free/reduced,False,10.8,5.5,97.0,97.0,62.0,public,True,272.3,54.46,Pass
503,male,group D,associate degree,standard,True,19.0,7.193586956521739,78.0,87.0,70.0,private,True,261.19358695652176,52.24,Pass
504,female,group A,high school,free/reduced,True,9.66265306122449,6.3,69.0,78.0,64.0,private,True,226.9626530612245,45.39,Fail
505,female,group E,high school,standard,False,6.5,8.3,87.0,67.0,88.0,public,True,256.8,51.36,Pass
506,male,group E,high school,free/reduced,True,9.66265306122449,5.7,83.0,62.0,70.0,public,True,230.36265306122448,46.07,Fail
507,male,group D,high school,free/reduced,True,5.3,8.3,64.0,72.0,56.0,public,True,205.6,41.12,Fail
508,male,group B,some college,free/reduced,True,8.7,6.0,55.0,71.0,79.0,public,True,219.7,43.94,Fail
509,female,group E,high school,standard,False,9.1,5.0,74.0,86.0,83.0,public,True,257.1,51.42,Pass
510,male,group D,some college,free/reduced,False,3.0,5.9,50.0,76.0,61.0,public,True,195.9,39.18,Fail
511,male,group C,bachelor degree,standard,False,11.0,7.8,68.0,69.0,88.0,private,False,243.8,48.76,Fail
512,female,group D,associate degree,standard,False,6.3,7.193586956521739,77.0,61.0,81.0,private,True,232.49358695652174,46.5,Fail
513,male,group C,high school,free/reduced,False,9.0,7.9,59.0,65.0,55.0,public,True,195.9,39.18,Fail
514,female,group B,some college,standard,True,5.1,4.7,61.0,70.0,77.0,public,True,217.8,43.56,Fail
515,male,group B,master degree,free/reduced,False,13.0,6.6,38.0,67.0,87.0,public,True,211.6,42.32,Fail
516,male,group E,associate degree,standard,False,10.8,7.193586956521739,52.0,62.0,49.0,private,False,180.99358695652174,36.2,Fail
517,female,group E,high school,standard,False,9.66265306122449,8.6,86.0,57.0,62.0,public,True,223.26265306122448,44.65,Fail
518,male,group E,some college,free/reduced,True,9.8,7.1,70.0,49.0,60.0,public,True,195.9,39.18,Fail
519,male,group C,bachelor degree,free/reduced,False,10.7,8.8,68.0,71.13410138248848,81.0,public,True,239.6341013824885,47.93,Fail
520,male,group D,bachelor degree,standard,False,9.66265306122449,7.3,39.0,65.0,55.0,public,True,175.9626530612245,35.19,Fail
521,male,group C,associate degree,standard,False,9.5,7.6,45.0,59.0,52.0,international,True,173.1,34.62,Fail
522,male,group C,some college,standard,False,7.9,7.6,61.0,79.0,68.0,public,True,223.5,44.7,Fail
523,male,group C,high school,standard,True,2.7,8.6,67.0,66.0,78.0,private,True,222.3,44.46,Fail
524,male,group C,bachelor degree,free/reduced,False,8.0,6.6,70.0,94.0,81.0,international,True,259.6,51.92,Pass
525,female,group E,bachelor degree,standard,False,9.3,6.2,59.0,77.0,81.0,public,True,232.5,46.5,Fail
526,female,group A,high school,standard,False,0.0,9.0,74.0,71.13410138248848,52.0,private,True,206.1341013824885,41.23,Fail
527,female,group C,high school,standard,True,16.5,8.0,84.0,87.0,63.0,public,True,258.5,51.7,Pass
528,female,group C,bachelor degree,free/reduced,False,15.3,7.1,72.0,62.0,77.0,public,True,233.4,46.68,Fail
529,female,group C,associate degree,standard,True,3.1,7.9,73.0,78.0,97.0,public,True,259.0,51.8,Pass
530,male,group E,associate degree,free/reduced,False,8.5,8.8,71.0,75.0,83.0,public,True,246.3,49.26,Fail
531,male,group C,some college,standard,True,6.9,8.7,68.0,68.0,81.0,public,True,232.6,46.52,Fail
532,female,group E,some college,standard,True,7.2,8.1,58.0,74.0,77.0,international,True,224.3,44.86,Fail
533,male,group B,bachelor degree,standard,True,11.3,7.3,52.0,67.0,87.0,private,True,224.6,44.92,Fail
534,female,group B,master degree,standard,False,17.3,5.7,70.0,99.0,68.0,public,True,260.0,52.0,Pass
535,male,group E,high school,free/reduced,True,10.4,7.193586956521739,83.0,63.0,79.0,public,True,242.59358695652173,48.52,Fail
536,female,group E,master degree,standard,False,12.1,5.9,100.0,69.0,69.0,public,True,256.0,51.2,Pass
537,female,group E,high school,free/reduced,False,11.2,8.3,86.0,71.0,70.0,private,True,246.5,49.3,Fail
538,male,group A,some college,standard,False,10.7,4.8,83.0,66.0,77.0,public,True,241.5,48.3,Fail
539,female,group A,high school,free/reduced,False,14.5,8.3,40.0,85.0,60.0,private,True,207.8,41.56,Fail
540,female,group B,high school,free/reduced,True,6.2,7.3,72.0,82.0,82.0,private,True,249.5,49.9,Fail
541,male,group C,high school,free/reduced,True,6.0,4.7,100.0,71.13410138248848,78.0,public,True,259.8341013824885,51.97,Pass
542,male,group E,bachelor degree,standard,True,3.9,7.1,51.0,66.0,54.0,public,True,182.0,36.4,Fail
543,female,group A,high school,standard,True,11.4,6.7,73.0,68.0,50.0,private,True,209.1,41.82,Fail
544,male,group C,high school,free/reduced,True,11.3,7.5,47.0,73.0,81.0,public,True,219.8,43.96,Fail
545,female,group C,some college,free/reduced,True,7.9,7.0,84.0,100.0,79.0,public,True,277.9,55.58,Pass
546,female,group B,bachelor degree,free/reduced,True,3.4,5.7,87.0,74.0,72.0,private,True,242.1,48.42,Fail
547,male,group B,some college,free/reduced,False,22.8,6.6,97.0,67.0,90.0,public,True,283.4,56.68,Pass
548,male,group E,high school,standard,True,3.8,8.9,76.0,55.0,76.0,international,True,219.7,43.94,Fail
549,male,group E,master degree,free/reduced,True,12.7,7.193586956521739,47.0,73.0,86.0,public,True,225.89358695652174,45.18,Fail
550,male,group D,bachelor degree,free/reduced,True,12.2,7.6,46.0,70.0,66.0,international,True,201.8,40.36,Fail
551,male,group E,some college,standard,True,9.66265306122449,8.7,83.0,65.0,78.0,public,True,244.36265306122448,48.87,Fail
552,male,group C,some college,standard,False,3.1,8.2,85.0,88.0,100.0,private,True,284.3,56.86,Pass
553,male,group E,associate degree,standard,False,5.4,6.8,68.0,61.0,66.0,public,True,207.2,41.44,Fail
554,male,group B,bachelor degree,standard,False,1.8,7.193586956521739,75.0,70.0,94.0,public,True,247.99358695652174,49.6,Fail
555,male,group E,associate degree,standard,True,11.3,4.5,61.0,53.0,67.0,public,True,196.8,39.36,Fail
556,female,group C,associate degree,free/reduced,False,18.6,7.9,81.0,66.0,70.46045112781955,public,False,243.96045112781957,48.79,Fail
557,male,group D,high school,standard,True,3.3,8.4,76.0,71.13410138248848,59.0,private,True,217.83410138248848,43.57,Fail
558,male,group E,high school,standard,False,9.66265306122449,6.3,74.0,40.0,67.0,public,True,196.9626530612245,39.39,Fail
559,female,group E,some college,standard,True,14.2,7.193586956521739,81.0,53.0,70.46045112781955,public,True,225.8540380843413,45.17,Fail
560,male,group A,bachelor degree,standard,True,16.5,6.6,74.0,57.0,74.0,public,True,228.1,45.62,Fail
561,male,group B,master degree,standard,True,12.9,8.7,60.0,94.0,63.0,public,False,238.6,47.72,Fail
562,female,group C,some college,standard,False,9.0,7.2,70.0,62.0,85.0,public,True,233.2,46.64,Fail
563,male,group E,high school,standard,True,10.4,5.9,70.0,49.0,80.0,public,False,215.3,43.06,Fail
564,male,group C,high school,free/reduced,True,15.9,9.3,67.0,53.0,66.0,public,True,211.2,42.24,Fail
565,female,group C,high school,standard,False,17.4,8.0,68.0,67.0,90.0,public,True,250.4,50.08,Pass
566,female,group D,high school,standard,False,15.3,6.4,73.0,78.0,74.0,private,True,246.7,49.34,Fail
567,female,group D,associate degree,standard,False,12.5,5.7,72.0,84.0,80.0,public,True,254.2,50.84,Pass
568,male,group C,some college,free/reduced,True,8.8,6.1,64.0,96.0,70.0,private,True,244.9,48.98,Fail
569,male,group B,bachelor degree,free/reduced,True,8.4,8.6,50.0,69.0,81.0,public,True,217.0,43.4,Fail
570,female,group A,high school,standard,False,6.3,6.3,81.0,72.0,85.0,public,True,250.6,50.12,Pass
571,male,group C,bachelor degree,free/reduced,True,10.3,8.1,53.0,97.0,79.0,private,True,247.4,49.48,Fail
572,male,group D,some college,standard,False,18.3,7.5,100.0,72.0,62.0,public,True,259.8,51.96,Pass
573,female,group B,high school,standard,False,11.5,7.8,75.0,50.0,73.0,private,False,217.3,43.46,Fail
574,female,group E,bachelor degree,standard,False,15.8,6.7,60.0,78.0,57.0,public,True,217.5,43.5,Fail
575,male,group C,high school,standard,False,13.0,8.1,61.0,98.0,97.0,private,True,277.1,55.42,Pass
576,male,group B,associate degree,standard,True,4.9,6.8,82.0,100.0,85.0,public,True,278.7,55.74,Pass
577,female,group B,associate degree,standard,True,16.0,6.8,76.0,68.0,62.0,public,True,228.8,45.76,Fail
578,female,group A,associate degree,standard,False,9.5,5.0,68.0,70.0,62.0,public,True,214.5,42.9,Fail
579,female,group D,associate degree,standard,True,9.66265306122449,7.193586956521739,82.0,78.0,88.0,public,True,264.85624001774625,52.97,Pass
580,male,group E,master degree,free/reduced,False,7.7,7.5,64.0,61.0,51.0,private,True,191.2,38.24,Fail
581,male,group C,some college,standard,True,8.9,7.193586956521739,67.0,64.0,94.0,public,True,241.09358695652173,48.22,Fail
582,male,group B,high school,standard,True,9.66265306122449,7.5,74.0,84.0,70.46045112781955,private,True,245.62310418904406,49.12,Fail
583,female,group D,master degree,standard,False,5.8,4.5,48.0,64.0,48.0,private,True,170.3,34.06,Fail
584,female,group D,associate degree,standard,False,10.4,8.9,62.0,71.13410138248848,77.0,public,True,229.43410138248848,45.89,Fail
585,male,group E,master degree,standard,False,8.8,6.8,78.0,78.0,60.0,public,True,231.6,46.32,Fail
586,female,group A,some college,free/reduced,False,20.3,7.4,39.0,86.0,73.0,public,True,225.7,45.14,Fail
587,male,group B,associate degree,standard,False,2.8,8.9,69.0,78.0,69.0,public,True,227.7,45.54,Fail
588,female,group C,high school,free/reduced,False,11.8,7.8,60.0,93.0,70.0,private,True,242.6,48.52,Fail
589,female,group C,bachelor degree,standard,False,10.5,8.6,59.0,67.0,67.0,public,True,212.1,42.42,Fail
590,male,group D,bachelor degree,free/reduced,True,7.5,7.0,52.0,55.0,77.0,public,True,198.5,39.7,Fail
591,female,group D,bachelor degree,free/reduced,False,0.0,8.0,85.0,72.0,80.0,public,False,245.0,49.0,Fail
592,female,group C,bachelor degree,standard,False,2.5,8.2,52.0,54.0,90.0,private,True,206.7,41.34,Fail
593,female,group A,associate degree,standard,True,7.0,6.8,80.0,89.0,67.0,public,True,249.8,49.96,Fail
594,female,group E,high school,standard,False,9.66265306122449,5.7,66.0,60.0,89.0,public,True,230.36265306122448,46.07,Fail
595,female,group B,high school,standard,False,7.6,7.1,49.0,71.13410138248848,72.0,public,True,206.83410138248848,41.37,Fail
596,male,group A,bachelor degree,standard,False,5.2,7.193586956521739,56.0,68.0,68.0,private,True,204.39358695652174,40.88,Fail
597,female,group A,bachelor degree,standard,False,2.8,7.0,62.0,71.13410138248848,60.0,public,True,202.93410138248848,40.59,Fail
598,male,group B,high school,standard,True,0.0,7.1,47.0,91.0,69.0,public,True,214.1,42.82,Fail
599,female,group B,high school,standard,False,3.5,7.5,79.0,71.13410138248848,65.0,private,False,226.1341013824885,45.23,Fail
600,female,group D,some college,standard,True,5.3,8.7,58.0,62.0,86.0,public,True,220.0,44.0,Fail
601,female,group C,master degree,standard,False,7.9,7.6,54.0,49.0,76.0,public,True,194.5,38.9,Fail
602,male,group D,master degree,standard,True,10.8,8.4,68.0,84.0,85.0,public,True,256.2,51.24,Pass
603,female,group D,high school,free/reduced,True,11.1,10.5,59.0,63.0,70.46045112781955,public,True,214.06045112781953,42.81,Fail
604,female,group B,associate degree,free/reduced,True,5.4,6.9,69.0,62.0,93.0,public,False,236.3,47.26,Fail
605,male,group E,master degree,standard,True,13.6,7.6,81.0,77.0,70.46045112781955,public,True,249.66045112781956,49.93,Fail
606,female,group B,some college,free/reduced,True,9.66265306122449,7.5,91.0,91.0,81.0,public,True,280.1626530612245,56.03,Pass
607,female,group E,bachelor degree,free/reduced,True,7.6,6.0,71.0,92.0,81.0,international,True,257.6,51.52,Pass
608,male,group A,some college,free/reduced,True,3.8,9.5,50.0,77.0,54.0,public,True,194.3,38.86,Fail
609,female,group E,high school,standard,True,2.9,7.7,100.0,64.0,94.0,public,True,268.6,53.72,Pass
610,female,group D,master degree,standard,False,4.5,6.9,72.0,88.0,96.0,private,True,267.4,53.48,Pass
611,female,group B,some college,standard,True,9.66265306122449,6.7,100.0,93.0,77.0,public,True,286.3626530612245,57.27,Pass
612,female,group D,some college,standard,False,17.3,6.4,100.0,53.0,58.0,international,True,234.7,46.94,Fail
613,male,group C,high school,standard,True,6.3,4.9,67.0,55.0,60.0,public,True,193.2,38.64,Fail
614,male,group D,some college,standard,True,11.4,6.2,98.0,100.0,78.0,public,True,293.6,58.72,Pass
615,female,group A,some college,free/reduced,False,4.4,9.5,72.0,80.0,62.0,public,True,227.9,45.58,Fail
616,female,group C,high school,standard,True,0.8,8.1,70.0,88.0,90.0,private,True,256.9,51.38,Pass
617,female,group C,high school,standard,True,9.9,6.2,66.0,79.0,71.0,public,True,232.1,46.42,Fail
618,male,group E,some college,standard,True,5.9,5.1,72.0,49.0,70.46045112781955,public,True,202.46045112781957,40.49,Fail
619,female,group D,master degree,standard,True,11.0,6.5,62.0,70.0,75.0,public,True,224.5,44.9,Fail
620,female,group B,associate degree,standard,True,13.8,7.193586956521739,60.0,61.0,71.0,public,True,212.99358695652174,42.6,Fail
621,male,group A,bachelor degree,standard,True,12.6,7.1,69.0,66.0,74.0,private,True,228.7,45.74,Fail
622,female,group A,bachelor degree,standard,True,6.0,7.6,63.0,85.0,65.0,private,True,226.6,45.32,Fail
623,male,group C,bachelor degree,free/reduced,False,13.6,4.5,73.0,62.0,77.0,private,True,230.1,46.02,Fail
624,female,group B,some college,standard,False,3.0,6.0,65.0,71.13410138248848,96.0,international,True,241.1341013824885,48.23,Fail
625,female,group C,some college,standard,True,12.8,4.0,60.0,62.0,64.0,public,True,202.8,40.56,Fail
626,female,group C,some college,free/reduced,True,11.7,5.9,69.0,77.0,91.0,public,True,254.6,50.92,Pass
627,female,group D,associate degree,standard,False,20.4,5.5,46.0,100.0,66.0,public,True,237.9,47.58,Fail
628,male,group C,high school,standard,False,0.0,3.1,82.0,58.0,70.46045112781955,public,True,213.56045112781953,42.71,Fail
629,female,group C,high school,standard,True,3.8,10.9,53.0,71.0,71.0,public,False,209.7,41.94,Fail
630,male,group D,bachelor degree,standard,True,9.66265306122449,8.1,71.0,82.0,80.0,international,True,250.76265306122448,50.15,Pass
631,male,group C,bachelor degree,free/reduced,False,9.6,6.0,37.0,63.0,84.0,public,True,199.6,39.92,Fail
632,male,group C,high school,free/reduced,False,8.6,7.7,69.0,75.0,50.0,public,True,210.3,42.06,Fail
633,male,group A,high school,free/reduced,True,7.3,8.7,28.0,65.0,82.0,public,True,191.0,38.2,Fail
634,male,group D,some college,standard,False,7.1,5.0,71.0,72.0,71.0,private,True,226.1,45.22,Fail
635,male,group D,high school,standard,False,13.5,4.8,69.0,84.0,55.0,international,True,226.3,45.26,Fail
636,male,group E,high school,standard,False,5.7,6.6,60.0,59.0,48.0,public,True,179.3,35.86,Fail
637,female,group C,bachelor degree,standard,False,12.3,5.9,75.0,86.0,78.0,international,True,257.2,51.44,Pass
638,female,group C,associate degree,standard,False,13.9,9.5,69.0,89.0,71.0,public,True,252.4,50.48,Pass
639,male,group C,high school,free/reduced,True,16.9,5.7,57.0,74.0,74.0,public,True,227.6,45.52,Fail
640,female,group D,bachelor degree,standard,False,15.7,5.3,58.0,100.0,96.0,public,True,275.0,55.0,Pass
641,male,group B,high school,free/reduced,False,9.0,7.6,62.0,95.0,50.0,public,True,223.6,44.72,Fail
642,female,group C,high school,free/reduced,False,10.8,7.0,76.0,65.0,67.0,public,True,225.8,45.16,Fail
643,male,group A,some college,standard,True,6.6,6.4,94.0,73.0,64.0,public,True,244.0,48.8,Fail
644,female,group C,bachelor degree,free/reduced,False,3.0,6.6,58.0,74.0,49.0,public,True,190.6,38.12,Fail
645,male,group D,high school,standard,False,12.1,7.193586956521739,64.0,54.0,64.0,public,True,201.29358695652172,40.26,Fail
646,female,group C,associate degree,free/reduced,False,4.5,9.4,84.0,75.0,72.0,public,True,244.9,48.98,Fail
647,female,group E,some college,standard,False,11.2,7.7,44.0,73.0,70.0,public,True,205.9,41.18,Fail
648,female,group C,bachelor degree,standard,False,11.0,9.5,91.0,64.0,49.0,public,False,224.5,44.9,Fail
649,male,group D,some college,standard,False,1.0,10.6,56.0,79.0,71.0,public,True,217.6,43.52,Fail
650,female,group A,high school,free/reduced,True,8.2,8.5,60.0,70.0,79.0,public,True,225.7,45.14,Fail
651,male,group C,bachelor degree,standard,False,8.6,6.7,54.0,74.0,70.46045112781955,public,True,213.76045112781958,42.75,Fail
652,female,group C,bachelor degree,standard,True,3.9,7.4,71.0,66.0,92.0,private,False,240.3,48.06,Fail
653,male,group A,some college,free/reduced,False,15.3,7.193586956521739,87.0,74.0,70.46045112781955,public,True,253.95403808434128,50.79,Pass
654,male,group A,associate degree,standard,True,6.6,7.0,74.0,65.0,75.0,private,True,227.6,45.52,Fail
655,male,group C,high school,free/reduced,True,6.4,7.3,62.0,83.0,74.0,international,True,232.7,46.54,Fail
656,female,group A,high school,standard,False,4.6,8.9,50.0,79.0,70.0,international,True,212.5,42.5,Fail
657,male,group A,high school,standard,True,15.7,6.0,76.0,74.0,46.0,international,True,217.7,43.54,Fail
658,male,group E,high school,free/reduced,True,4.8,8.0,79.0,43.0,69.0,public,True,203.8,40.76,Fail
659,female,group A,high school,free/reduced,False,9.3,6.8,68.0,80.0,65.0,public,True,229.1,45.82,Fail
660,female,group D,high school,free/reduced,True,4.1,5.1,37.0,71.13410138248848,92.0,international,True,209.33410138248848,41.87,Fail
661,male,group C,some college,standard,False,16.0,7.0,93.0,71.13410138248848,94.0,international,False,281.1341013824885,56.23,Pass
662,male,group D,master degree,standard,False,11.6,7.1,89.0,74.0,93.0,public,True,274.7,54.94,Pass
663,female,group E,high school,standard,False,11.1,8.7,26.0,61.0,89.0,public,True,195.8,39.16,Fail
664,female,group E,bachelor degree,free/reduced,True,8.6,7.5,66.0,42.0,67.0,international,True,191.1,38.22,Fail
665,female,group E,some college,standard,False,0.2,6.4,57.0,70.0,79.0,public,True,212.6,42.52,Fail
666,male,group C,some college,standard,False,0.0,9.4,39.0,86.0,90.0,public,True,224.4,44.88,Fail
667,male,group B,bachelor degree,standard,False,10.4,9.2,48.0,76.0,79.0,private,True,222.6,44.52,Fail
668,male,group C,high school,standard,False,11.6,8.3,54.0,80.0,95.0,public,True,248.9,49.78,Fail
669,female,group E,bachelor degree,free/reduced,False,16.7,8.0,89.0,94.0,89.0,international,True,296.7,59.34,Pass
670,male,group D,high school,standard,False,0.0,8.5,60.0,69.0,66.0,international,True,203.5,40.7,Fail
671,female,group A,high school,standard,True,10.7,7.8,63.0,71.13410138248848,67.0,public,True,219.6341013824885,43.93,Fail
672,female,group C,associate degree,standard,False,4.5,6.0,73.0,85.0,75.0,public,True,243.5,48.7,Fail
673,female,group A,master degree,standard,True,2.4,7.193586956521739,61.0,39.0,65.0,public,True,174.59358695652173,34.92,Fail
674,male,group D,master degree,standard,False,7.7,4.6,59.0,74.0,70.46045112781955,international,False,215.76045112781958,43.15,Fail
675,female,group A,high school,standard,False,13.9,4.6,67.0,53.0,70.0,public,True,208.5,41.7,Fail
676,female,group E,high school,standard,False,15.8,7.5,69.0,71.13410138248848,64.0,public,True,227.43410138248848,45.49,Fail
677,female,group E,high school,free/reduced,True,5.3,7.5,75.0,71.13410138248848,55.0,private,True,213.93410138248848,42.79,Fail
678,male,group C,high school,standard,False,6.3,5.9,60.0,61.0,45.0,private,True,178.2,35.64,Fail
679,female,group E,bachelor degree,standard,True,1.9,7.193586956521739,49.0,66.0,76.0,public,True,200.09358695652173,40.02,Fail
680,female,group E,some college,free/reduced,False,8.2,8.3,62.0,72.0,68.0,private,False,218.5,43.7,Fail
681,female,group E,associate degree,standard,True,11.7,7.6,70.0,76.0,45.0,international,False,210.3,42.06,Fail
682,male,group C,high school,standard,False,7.5,9.2,44.0,62.0,100.0,public,True,222.7,44.54,Fail
683,male,group D,bachelor degree,standard,True,5.9,8.0,51.0,80.0,86.0,private,True,230.9,46.18,Fail
684,male,group B,bachelor degree,standard,False,9.66265306122449,7.9,61.0,82.0,84.0,public,False,244.5626530612245,48.91,Fail
685,male,group C,associate degree,standard,False,17.1,7.5,69.0,83.0,60.0,public,True,236.6,47.32,Fail
686,female,group E,bachelor degree,standard,False,6.6,7.9,63.0,45.0,93.0,public,True,215.5,43.1,Fail
687,female,group C,associate degree,standard,False,1.1,6.5,49.0,63.0,91.0,public,True,210.6,42.12,Fail
688,male,group B,high school,free/reduced,False,11.1,7.193586956521739,82.0,49.0,78.0,private,True,227.29358695652172,45.46,Fail
689,male,group D,high school,standard,True,8.6,7.193586956521739,87.0,62.0,64.0,public,True,228.79358695652172,45.76,Fail
690,male,group B,high school,free/reduced,True,17.7,7.1,61.0,76.0,70.46045112781955,public,True,232.26045112781958,46.45,Fail
691,male,group B,high school,standard,False,6.2,6.4,63.0,74.0,70.46045112781955,private,True,220.06045112781953,44.01,Fail
692,male,group C,high school,free/reduced,False,10.2,5.9,72.0,61.0,55.0,public,True,204.1,40.82,Fail
693,male,group C,some college,free/reduced,True,18.2,7.9,64.0,71.13410138248848,63.0,public,True,224.23410138248846,44.85,Fail
694,male,group A,bachelor degree,free/reduced,False,8.6,9.6,71.0,88.0,73.0,public,True,250.2,50.04,Pass
695,male,group C,bachelor degree,standard,False,4.1,6.1,76.0,97.0,100.0,private,True,283.2,56.64,Pass
696,female,group A,high school,standard,True,16.4,5.9,59.0,100.0,62.0,public,True,243.3,48.66,Fail
697,female,group B,high school,free/reduced,True,7.3,8.2,86.0,97.0,70.46045112781955,public,True,268.96045112781957,53.79,Pass
698,male,group C,high school,standard,False,7.5,6.3,64.0,74.0,81.0,public,True,232.8,46.56,Fail
699,male,group B,high school,standard,False,4.8,6.5,49.0,56.0,35.0,international,False,151.3,30.26,Fail
700,female,group A,high school,standard,True,10.8,5.7,61.0,73.0,69.0,public,False,219.5,43.9,Fail
701,male,group C,high school,free/reduced,False,5.4,6.3,41.0,60.0,54.0,private,True,166.7,33.34,Fail
702,female,group A,bachelor degree,standard,False,13.8,7.9,78.0,70.0,53.0,public,True,222.7,44.54,Fail
703,female,group B,bachelor degree,free/reduced,False,16.5,8.5,86.0,70.0,82.0,public,True,263.0,52.6,Pass
704,female,group D,bachelor degree,standard,True,20.1,6.3,77.0,75.0,72.0,public,True,250.4,50.08,Pass
705,female,group B,master degree,standard,False,11.8,8.0,46.0,51.0,53.0,public,True,169.8,33.96,Fail
706,female,group D,high school,standard,True,9.7,6.1,41.0,66.0,50.0,public,True,172.8,34.56,Fail
707,female,group A,bachelor degree,free/reduced,False,12.3,6.6,76.0,58.0,79.0,private,True,231.9,46.38,Fail
708,male,group C,high school,standard,True,12.6,9.0,75.0,100.0,65.0,public,False,261.6,52.32,Pass
709,male,group C,bachelor degree,free/reduced,False,9.66265306122449,7.3,100.0,54.0,87.0,public,False,257.9626530612245,51.59,Pass
710,female,group E,high school,standard,False,13.8,9.3,59.0,71.13410138248848,67.0,private,False,220.23410138248846,44.05,Fail
711,male,group A,associate degree,standard,True,5.6,8.9,89.0,100.0,74.0,public,True,277.5,55.5,Pass
712,male,group E,associate degree,standard,False,12.1,6.6,66.0,59.0,84.0,public,True,227.7,45.54,Fail
713,male,group E,bachelor degree,standard,False,15.8,3.9,67.0,69.0,70.0,public,True,225.7,45.14,Fail
714,male,group B,high school,standard,False,13.3,8.2,77.0,78.0,75.0,public,True,251.5,50.3,Pass
715,female,group B,bachelor degree,free/reduced,True,10.0,8.9,73.0,82.0,37.0,public,True,210.9,42.18,Fail
716,male,group E,associate degree,standard,False,4.1,6.1,65.0,80.0,71.0,public,False,226.2,45.24,Fail
717,female,group D,bachelor degree,standard,True,7.7,7.8,60.0,100.0,99.0,public,False,274.5,54.9,Pass
718,female,group E,high school,free/reduced,False,11.3,9.7,86.0,70.0,70.0,private,True,247.0,49.4,Fail
719,male,group C,high school,standard,False,5.1,7.4,65.0,43.0,83.0,public,True,203.5,40.7,Fail
720,female,group C,high school,standard,False,1.5,6.0,46.0,72.0,71.0,public,True,196.5,39.3,Fail
721,male,group C,bachelor degree,free/reduced,True,7.5,8.0,92.0,71.13410138248848,61.0,public,True,239.6341013824885,47.93,Fail
722,female,group D,high school,free/reduced,False,4.8,7.193586956521739,40.0,89.0,90.0,public,True,230.99358695652174,46.2,Fail
723,female,group C,master degree,free/reduced,False,5.0,7.1,84.0,73.0,79.0,public,True,248.1,49.62,Fail
724,female,group D,bachelor degree,standard,False,15.5,8.5,51.0,95.0,42.0,public,True,212.0,42.4,Fail
725,female,group D,associate degree,free/reduced,False,10.1,8.2,80.0,54.0,79.0,international,True,231.3,46.26,Fail
726,female,group E,some college,standard,True,5.4,5.3,92.0,84.0,67.0,public,True,253.7,50.74,Pass
727,female,group C,bachelor degree,free/reduced,True,9.66265306122449,7.7,64.0,76.0,87.0,public,False,244.36265306122448,48.87,Fail
728,male,group A,associate degree,standard,True,18.3,3.5,54.0,96.0,79.0,public,False,250.8,50.16,Pass
729,male,group D,high school,standard,False,7.7,5.0,85.0,72.0,84.0,public,True,253.7,50.74,Pass
730,male,group D,associate degree,standard,True,9.66265306122449,5.7,72.0,66.0,70.46045112781955,public,True,223.82310418904405,44.76,Fail
731,female,group D,bachelor degree,standard,False,0.0,8.2,74.0,75.0,90.0,international,True,247.2,49.44,Fail
732,female,group C,associate degree,standard,False,8.4,9.3,47.0,66.0,91.0,public,True,221.7,44.34,Fail
733,female,group C,master degree,free/reduced,False,10.5,5.2,65.0,74.0,100.0,public,True,254.7,50.94,Pass
734,female,group E,some college,standard,False,12.2,6.6,53.0,59.0,81.0,international,True,211.8,42.36,Fail
735,female,group D,high school,standard,True,18.9,7.0,70.0,92.0,70.46045112781955,public,True,258.36045112781954,51.67,Pass
736,male,group B,high school,free/reduced,False,12.5,9.0,76.0,95.0,72.0,public,True,264.5,52.9,Pass
737,male,group A,associate degree,free/reduced,True,9.66265306122449,9.9,79.0,55.0,86.0,international,True,239.5626530612245,47.91,Fail
738,male,group B,high school,standard,True,7.1,7.193586956521739,98.0,79.0,62.0,public,False,253.29358695652172,50.66,Pass
739,male,group C,high school,free/reduced,False,9.66265306122449,6.8,68.0,51.0,42.0,public,True,177.4626530612245,35.49,Fail
740,female,group B,high school,standard,False,9.66265306122449,7.193586956521739,81.0,70.0,75.0,public,True,242.85624001774625,48.57,Fail
741,female,group A,associate degree,standard,True,4.5,7.193586956521739,90.0,53.0,83.0,public,True,237.69358695652176,47.54,Fail
742,male,group A,bachelor degree,standard,False,11.6,8.5,89.0,77.0,77.0,public,False,263.1,52.62,Pass
743,male,group C,bachelor degree,free/reduced,False,5.7,7.1,74.0,49.0,67.0,private,True,202.8,40.56,Fail
744,male,group C,high school,free/reduced,False,9.4,7.6,53.0,74.0,73.0,public,True,217.0,43.4,Fail
745,male,group C,bachelor degree,standard,False,4.3,7.2,82.0,61.0,55.0,private,True,209.5,41.9,Fail
746,female,group E,bachelor degree,standard,False,9.66265306122449,7.5,74.0,98.0,72.0,public,True,261.1626530612245,52.23,Pass
747,female,group C,some college,standard,True,1.6,5.9,70.0,72.0,70.0,private,True,219.5,43.9,Fail
748,male,group A,bachelor degree,standard,False,13.1,6.4,67.0,77.0,72.0,public,True,235.5,47.1,Fail
749,male,group A,associate degree,standard,True,1.0,5.1,73.0,96.0,62.0,private,True,237.1,47.42,Fail
750,female,group E,high school,standard,True,8.7,5.0,72.0,71.13410138248848,50.0,international,True,206.83410138248848,41.37,Fail
751,female,group B,associate degree,standard,False,11.8,7.193586956521739,82.0,38.0,60.0,public,True,198.99358695652174,39.8,Fail
752,female,group D,bachelor degree,standard,False,19.3,6.7,64.0,64.0,72.0,public,True,226.0,45.2,Fail
753,male,group A,high school,standard,True,9.7,6.3,91.0,77.0,91.0,public,True,275.0,55.0,Pass
754,male,group E,associate degree,free/reduced,False,15.7,7.6,96.0,67.0,60.0,public,True,246.3,49.26,Fail
755,female,group C,some college,free/reduced,False,9.66265306122449,9.1,88.0,54.0,64.0,private,True,224.76265306122448,44.95,Fail
756,female,group C,associate degree,standard,False,7.7,8.9,83.0,71.13410138248848,73.0,public,True,243.73410138248846,48.75,Fail
757,male,group B,high school,free/reduced,False,10.4,6.2,71.0,77.0,57.0,public,True,221.6,44.32,Fail
758,male,group E,associate degree,free/reduced,False,15.1,9.5,69.0,71.13410138248848,67.0,private,True,231.73410138248846,46.35,Fail
759,female,group C,high school,standard,True,10.4,6.0,92.0,93.0,76.0,public,True,277.4,55.48,Pass
760,male,group D,high school,free/reduced,True,0.0,5.7,87.0,63.0,73.0,public,True,228.7,45.74,Fail
761,male,group A,master degree,free/reduced,True,9.6,7.2,69.0,84.0,77.0,private,True,246.8,49.36,Fail
762,male,group E,high school,standard,True,13.9,8.5,85.0,80.0,79.0,international,True,266.4,53.28,Pass
763,male,group B,high school,standard,False,12.1,7.6,86.0,65.0,89.0,private,True,259.7,51.94,Pass
764,female,group D,some college,standard,True,20.3,7.193586956521739,75.0,86.0,56.0,public,True,244.49358695652174,48.9,Fail
765,female,group E,associate degree,standard,True,9.66265306122449,5.0,53.0,71.13410138248848,64.0,public,True,202.79675444371298,40.56,Fail
766,female,group C,associate degree,standard,False,3.8,5.3,84.0,63.0,68.0,public,True,224.1,44.82,Fail
767,male,group D,bachelor degree,standard,True,0.6,7.3,60.0,96.0,79.0,public,True,242.9,48.58,Fail
768,female,group E,high school,standard,True,6.5,6.6,75.0,82.0,63.0,public,True,233.1,46.62,Fail
769,female,group D,master degree,standard,False,16.5,7.7,60.0,63.0,84.0,public,True,231.2,46.24,Fail
770,female,group B,some college,standard,False,17.1,6.7,58.0,61.0,78.0,public,True,220.8,44.16,Fail
771,female,group D,high school,standard,True,12.1,6.2,76.0,71.13410138248848,81.0,public,True,246.43410138248848,49.29,Fail
772,male,group B,bachelor degree,free/reduced,False,20.3,5.7,64.0,86.0,64.0,public,True,240.0,48.0,Fail
773,male,group D,high school,free/reduced,False,6.6,7.4,66.0,85.0,70.46045112781955,private,False,235.46045112781957,47.09,Fail
774,male,group C,some college,standard,True,13.2,7.4,55.0,80.0,70.46045112781955,international,True,226.06045112781953,45.21,Fail
775,male,group B,bachelor degree,free/reduced,True,15.9,7.7,79.0,66.0,69.0,public,True,237.6,47.52,Fail
776,male,group C,some college,standard,False,10.7,5.6,71.0,83.0,48.0,public,False,218.3,43.66,Fail
777,female,group E,some college,standard,True,3.2,7.2,52.0,59.0,65.0,public,True,186.4,37.28,Fail
778,female,group B,some college,free/reduced,True,9.66265306122449,4.5,64.0,66.0,52.0,private,True,196.1626530612245,39.23,Fail
779,male,group D,associate degree,standard,True,16.9,7.193586956521739,79.0,73.0,51.0,private,True,227.09358695652173,45.42,Fail
780,female,group B,master degree,free/reduced,False,9.1,7.8,71.0,47.0,64.0,public,True,198.9,39.78,Fail
781,male,group C,bachelor degree,free/reduced,False,14.4,7.7,100.0,76.0,74.0,public,True,272.1,54.42,Pass
782,female,group E,some college,standard,False,12.3,5.6,62.0,80.0,64.0,private,True,223.9,44.78,Fail
783,female,group B,high school,free/reduced,False,8.4,7.6,76.0,41.0,65.0,public,False,198.0,39.6,Fail
784,male,group B,some college,free/reduced,False,7.7,7.7,48.0,85.0,86.0,international,True,234.4,46.88,Fail
785,male,group C,high school,free/reduced,True,1.3,7.7,98.0,72.0,83.0,public,True,262.0,52.4,Pass
786,male,group C,associate degree,standard,True,13.2,5.8,89.0,98.0,61.0,public,True,267.0,53.4,Pass
787,male,group B,associate degree,standard,False,6.6,6.7,78.0,59.0,76.0,public,True,226.3,45.26,Fail
788,female,group D,high school,standard,True,13.7,7.193586956521739,85.0,46.0,65.0,public,True,216.89358695652174,43.38,Fail
789,female,group A,high school,free/reduced,False,11.8,6.7,55.0,72.0,63.0,public,True,208.5,41.7,Fail
790,male,group A,associate degree,standard,False,13.0,10.3,94.0,67.0,66.0,private,True,250.3,50.06,Pass
791,female,group A,bachelor degree,free/reduced,False,0.0,7.3,78.0,78.0,66.0,public,True,229.3,45.86,Fail
792,male,group C,master degree,standard,True,10.0,7.9,62.0,70.0,60.0,public,True,209.9,41.98,Fail
793,male,group C,associate degree,standard,True,12.3,7.8,60.0,56.0,60.0,public,True,196.1,39.22,Fail
794,female,group C,high school,standard,False,6.6,7.193586956521739,78.0,73.0,78.0,public,True,242.79358695652172,48.56,Fail
795,female,group E,high school,standard,False,11.4,4.6,100.0,85.0,54.0,international,True,255.0,51.0,Pass
796,male,group B,high school,standard,False,15.8,6.5,58.0,60.0,76.0,public,True,216.3,43.26,Fail
797,female,group C,associate degree,standard,True,9.8,7.193586956521739,58.0,79.0,59.0,public,True,212.99358695652174,42.6,Fail
798,female,group C,high school,standard,True,3.8,8.0,61.0,68.0,58.0,public,True,198.8,39.76,Fail
799,male,group B,high school,free/reduced,False,8.3,5.5,82.0,61.0,63.0,public,True,219.8,43.96,Fail
800,male,group B,some college,free/reduced,False,11.7,6.5,79.0,67.0,68.0,private,True,232.2,46.44,Fail
801,female,group B,some college,standard,False,10.9,5.9,92.0,46.0,75.0,public,True,229.8,45.96,Fail
802,male,group A,master degree,free/reduced,False,7.8,6.1,72.0,73.0,76.0,public,True,234.9,46.98,Fail
803,female,group B,master degree,standard,True,4.9,9.1,64.0,40.0,69.0,international,True,187.0,37.4,Fail
804,male,group E,some college,standard,False,17.2,7.193586956521739,48.0,65.0,51.0,public,True,188.39358695652174,37.68,Fail
805,female,group A,high school,standard,False,9.66265306122449,6.8,67.0,55.0,66.0,public,True,204.4626530612245,40.89,Fail
806,male,group E,high school,standard,True,9.66265306122449,8.2,70.0,85.0,62.0,public,True,234.86265306122448,46.97,Fail
807,male,group E,some college,free/reduced,False,14.0,6.9,94.0,100.0,70.46045112781955,public,True,285.36045112781954,57.07,Pass
808,male,group C,master degree,standard,True,11.3,7.193586956521739,57.0,59.0,59.0,public,True,193.49358695652174,38.7,Fail
809,male,group C,associate degree,standard,True,14.4,10.3,70.0,87.0,70.46045112781955,public,True,252.16045112781956,50.43,Pass
810,male,group E,high school,standard,False,7.5,5.4,71.0,53.0,70.0,public,True,206.9,41.38,Fail
811,female,group C,associate degree,standard,True,3.8,6.1,72.0,86.0,32.0,public,True,199.9,39.98,Fail
812,female,group B,associate degree,standard,True,11.4,7.3,73.0,75.0,50.0,public,True,216.7,43.34,Fail
813,female,group A,bachelor degree,standard,False,6.7,9.6,80.0,62.0,61.0,public,True,219.3,43.86,Fail
814,female,group C,high school,free/reduced,True,5.0,7.193586956521739,83.0,78.0,72.0,international,True,245.19358695652176,49.04,Fail
815,female,group E,high school,standard,True,0.8,7.193586956521739,73.0,44.0,53.0,international,True,177.99358695652174,35.6,Fail
816,female,group E,high school,standard,True,11.4,10.8,68.0,72.0,66.0,public,True,228.2,45.64,Fail
817,female,group D,bachelor degree,standard,False,9.66265306122449,5.7,81.0,86.0,57.0,public,True,239.36265306122448,47.87,Fail
818,male,group C,high school,standard,True,14.2,7.0,51.0,70.0,71.0,public,True,213.2,42.64,Fail
819,male,group E,high school,standard,False,12.0,6.5,72.0,62.0,61.0,international,True,213.5,42.7,Fail
820,female,group B,associate degree,standard,False,14.8,8.5,68.0,98.0,83.0,public,True,272.3,54.46,Pass
821,female,group A,some college,standard,True,14.1,9.7,93.0,67.0,76.0,private,True,259.8,51.96,Pass
822,male,group A,high school,standard,True,13.8,7.193586956521739,91.0,69.0,70.0,public,False,250.99358695652174,50.2,Pass
823,male,group E,some college,standard,True,6.8,5.6,51.0,100.0,68.0,public,True,231.4,46.28,Fail
824,male,group C,high school,standard,False,7.2,6.7,73.0,85.0,88.0,public,True,259.9,51.98,Pass
825,female,group E,some college,standard,True,20.2,5.3,59.0,78.0,64.0,public,True,226.5,45.3,Fail
826,female,group D,master degree,free/reduced,True,9.66265306122449,6.1,75.0,60.0,26.0,public,True,176.76265306122448,35.35,Fail
827,male,group D,some college,free/reduced,False,7.7,5.9,81.0,65.0,61.0,public,True,220.6,44.12,Fail
828,female,group D,bachelor degree,standard,True,9.66265306122449,5.2,63.0,82.0,84.0,international,True,243.86265306122448,48.77,Fail
829,male,group A,high school,standard,False,4.0,7.3,70.0,70.0,79.0,public,True,230.3,46.06,Fail
830,female,group A,high school,standard,True,17.0,8.3,77.0,74.0,81.0,private,True,257.3,51.46,Pass
831,female,group E,high school,standard,False,22.1,9.5,65.0,66.0,61.0,public,True,223.6,44.72,Fail
832,male,group A,bachelor degree,standard,False,4.0,7.8,59.0,74.0,74.0,public,True,218.8,43.76,Fail
833,male,group A,bachelor degree,standard,True,16.4,8.0,53.0,80.0,61.0,public,True,218.4,43.68,Fail
834,male,group B,bachelor degree,standard,True,9.2,9.1,94.0,67.0,98.0,international,False,277.3,55.46,Pass
835,male,group C,high school,standard,False,10.3,7.193586956521739,76.0,69.0,70.46045112781955,public,True,232.95403808434128,46.59,Fail
836,male,group B,some college,free/reduced,False,9.66265306122449,6.3,68.0,90.0,67.0,public,True,240.9626530612245,48.19,Fail
837,female,group D,high school,standard,False,3.9,6.4,78.0,71.13410138248848,89.0,public,True,248.43410138248848,49.69,Fail
838,female,group B,bachelor degree,standard,True,17.9,5.9,82.0,74.0,81.0,private,True,260.8,52.16,Pass
839,female,group A,bachelor degree,free/reduced,False,18.1,6.9,97.0,72.0,59.0,private,False,253.0,50.6,Pass
840,male,group B,high school,standard,True,12.4,8.1,69.0,89.0,67.0,public,True,245.5,49.1,Fail
841,male,group C,high school,standard,False,5.9,6.8,99.0,56.0,73.0,public,True,240.7,48.14,Fail
842,female,group C,high school,standard,False,4.3,6.4,100.0,65.0,61.0,public,True,236.7,47.34,Fail
843,female,group C,bachelor degree,standard,False,4.2,9.4,82.0,73.0,89.0,public,True,257.6,51.52,Pass
844,male,group B,bachelor degree,standard,False,8.0,8.7,77.0,76.0,55.0,international,True,224.7,44.94,Fail
845,male,group C,high school,standard,True,4.9,7.3,80.0,76.0,95.0,public,True,263.2,52.64,Pass
846,female,group B,bachelor degree,free/reduced,False,7.5,5.7,84.0,71.0,71.0,public,True,239.2,47.84,Fail
847,female,group B,associate degree,standard,True,9.5,7.193586956521739,77.0,68.0,70.0,public,True,231.69358695652176,46.34,Fail
848,female,group A,high school,free/reduced,False,9.2,5.2,74.0,71.0,90.0,public,False,249.4,49.88,Fail
849,male,group E,high school,standard,True,8.6,8.1,57.0,70.0,80.0,public,True,223.7,44.74,Fail
850,female,group E,bachelor degree,free/reduced,False,15.1,5.9,78.0,55.0,70.46045112781955,international,True,224.46045112781957,44.89,Fail
851,female,group A,high school,standard,False,9.0,6.4,77.0,61.0,77.0,public,True,230.4,46.08,Fail
852,male,group C,high school,standard,False,8.9,7.3,63.0,71.13410138248848,88.0,public,True,238.33410138248848,47.67,Fail
853,male,group E,high school,standard,True,9.66265306122449,9.0,41.0,68.0,67.0,public,True,194.6626530612245,38.93,Fail
854,female,group B,bachelor degree,standard,False,4.4,8.6,68.0,69.0,73.0,public,True,223.0,44.6,Fail
855,female,group D,high school,standard,False,19.9,9.8,69.0,67.0,91.0,public,True,256.7,51.34,Pass
856,female,group B,high school,standard,False,12.7,6.9,59.0,68.0,80.0,public,True,226.6,45.32,Fail
857,female,group C,some college,free/reduced,False,9.9,7.1,70.0,71.13410138248848,88.0,public,False,246.1341013824885,49.23,Fail
858,male,group D,associate degree,standard,True,8.8,7.193586956521739,52.0,64.0,87.0,public,True,218.99358695652174,43.8,Fail
859,male,group A,associate degree,free/reduced,True,13.9,5.3,45.0,100.0,89.0,public,True,253.2,50.64,Pass
860,male,group C,high school,standard,False,9.66265306122449,6.2,54.0,70.0,83.0,public,True,222.86265306122448,44.57,Fail
861,female,group B,some college,standard,True,10.5,6.5,73.0,70.0,71.0,public,True,231.0,46.2,Fail
862,female,group E,some college,standard,False,5.1,7.9,57.0,63.0,96.0,public,True,229.0,45.8,Fail
863,male,group C,associate degree,standard,True,12.8,7.8,65.0,78.0,86.0,international,False,249.6,49.92,Fail
864,male,group C,some college,standard,True,9.4,5.5,56.0,80.0,57.0,public,True,207.9,41.58,Fail
865,female,group C,high school,free/reduced,False,0.5,7.5,84.0,71.13410138248848,87.0,international,True,250.1341013824885,50.03,Pass
866,female,group A,high school,standard,True,8.3,6.5,61.0,60.0,40.0,public,True,175.8,35.16,Fail
867,female,group C,bachelor degree,standard,False,11.2,6.6,57.0,71.13410138248848,73.0,public,True,218.93410138248848,43.79,Fail
868,male,group D,bachelor degree,free/reduced,True,8.5,7.193586956521739,72.0,71.0,79.0,private,True,237.69358695652176,47.54,Fail
869,female,group C,high school,free/reduced,False,16.0,6.7,28.0,81.0,84.0,public,True,215.7,43.14,Fail
870,female,group E,high school,standard,False,11.4,4.0,80.0,57.0,48.0,private,False,200.4,40.08,Fail
871,male,group D,master degree,standard,False,10.5,7.4,69.0,80.0,59.0,private,True,225.9,45.18,Fail
872,male,group C,high school,standard,False,9.4,8.8,46.0,71.13410138248848,63.0,public,True,198.33410138248848,39.67,Fail
873,male,group A,high school,free/reduced,True,3.8,5.8,66.0,66.0,52.0,public,True,193.6,38.72,Fail
874,male,group D,high school,free/reduced,False,13.3,7.7,66.0,50.0,100.0,public,True,237.0,47.4,Fail
875,female,group D,bachelor degree,standard,False,9.8,3.4,75.0,60.0,77.0,public,True,225.2,45.04,Fail
876,female,group E,high school,standard,True,2.7,9.0,80.0,63.0,60.0,public,False,214.7,42.94,Fail
877,male,group B,high school,standard,False,8.1,6.0,85.0,75.0,81.0,public,True,255.1,51.02,Pass
878,male,group B,associate degree,standard,True,9.3,8.8,91.0,71.13410138248848,67.0,public,True,247.23410138248846,49.45,Fail
879,male,group A,bachelor degree,free/reduced,False,10.3,8.5,90.0,60.0,59.0,international,True,227.8,45.56,Fail
880,female,group B,associate degree,free/reduced,True,12.4,8.5,81.0,59.0,72.0,public,True,232.9,46.58,Fail
881,male,group D,high school,free/reduced,True,14.7,6.8,70.0,59.0,74.0,public,True,224.5,44.9,Fail
882,male,group C,master degree,standard,True,9.9,7.3,84.0,75.0,84.0,international,True,260.2,52.04,Pass
883,male,group D,bachelor degree,free/reduced,True,15.3,8.6,46.0,55.0,69.0,public,True,193.9,38.78,Fail
884,male,group B,high school,free/reduced,True,9.66265306122449,7.8,80.0,79.0,64.0,public,True,240.4626530612245,48.09,Fail
885,male,group A,associate degree,free/reduced,False,9.5,5.6,65.0,76.0,75.0,public,True,231.1,46.22,Fail
886,female,group E,associate degree,standard,True,5.3,6.6,100.0,63.0,80.0,public,True,254.9,50.98,Pass
887,male,group A,high school,free/reduced,True,4.1,8.2,81.0,71.13410138248848,62.0,public,True,226.43410138248848,45.29,Fail
888,male,group E,bachelor degree,standard,False,7.5,6.7,83.0,71.0,93.0,private,True,261.2,52.24,Pass
889,female,group B,associate degree,free/reduced,False,16.0,6.2,88.0,42.0,97.0,public,True,249.2,49.84,Fail
890,female,group D,associate degree,standard,True,11.9,7.3,86.0,43.0,55.0,international,True,203.2,40.64,Fail
891,male,group E,bachelor degree,free/reduced,True,17.1,7.3,63.0,44.0,71.0,private,True,202.4,40.48,Fail
892,male,group C,associate degree,standard,False,5.3,7.7,38.0,68.0,89.0,private,True,208.0,41.6,Fail
893,male,group D,master degree,standard,False,6.2,6.4,93.0,64.0,85.0,public,True,254.6,50.92,Pass
894,male,group E,high school,standard,False,19.6,7.7,61.0,71.13410138248848,60.0,public,True,219.43410138248848,43.89,Fail
895,female,group B,master degree,standard,True,9.66265306122449,8.4,80.0,93.0,57.0,private,True,248.0626530612245,49.61,Fail
896,male,group E,some college,standard,True,13.2,9.9,59.0,74.0,52.0,private,True,208.1,41.62,Fail
897,male,group E,associate degree,standard,True,6.1,7.7,90.0,69.0,57.0,international,True,229.8,45.96,Fail
898,male,group B,high school,standard,False,2.9,7.5,82.0,58.0,73.0,private,True,223.4,44.68,Fail
899,female,group B,high school,standard,False,14.0,8.7,66.0,80.0,60.0,public,True,228.7,45.74,Fail
900,male,group B,some college,free/reduced,False,4.4,6.4,91.0,71.13410138248848,49.0,public,True,221.93410138248848,44.39,Fail
901,female,group E,associate degree,free/reduced,True,1.3,6.1,41.0,97.0,75.0,public,True,220.4,44.08,Fail
902,female,group C,high school,standard,False,0.4,7.4,69.0,60.0,65.0,international,True,201.8,40.36,Fail
903,female,group A,associate degree,free/reduced,False,9.1,9.6,77.0,71.13410138248848,64.0,public,True,230.83410138248848,46.17,Fail
904,male,group B,high school,standard,True,11.3,6.8,100.0,54.0,61.0,public,True,233.1,46.62,Fail
905,male,group A,some college,standard,True,9.66265306122449,7.1,56.0,67.0,58.0,public,False,197.76265306122448,39.55,Fail
906,female,group D,bachelor degree,standard,True,5.9,5.7,77.0,56.0,48.0,public,True,192.6,38.52,Fail
907,male,group D,high school,free/reduced,False,8.9,5.5,55.0,79.0,58.0,international,True,206.4,41.28,Fail
908,female,group A,associate degree,standard,False,12.9,5.4,64.0,56.0,70.46045112781955,international,True,208.76045112781958,41.75,Fail
909,male,group A,some college,free/reduced,False,8.5,10.0,36.0,69.0,75.0,private,True,198.5,39.7,Fail
910,male,group C,bachelor degree,free/reduced,False,3.8,8.6,77.0,71.13410138248848,78.0,public,True,238.53410138248847,47.71,Fail
911,male,group E,associate degree,standard,False,8.8,8.1,68.0,75.0,76.0,public,True,235.9,47.18,Fail
912,male,group B,high school,free/reduced,False,0.0,7.193586956521739,74.0,86.0,48.0,international,False,215.19358695652176,43.04,Fail
913,male,group D,bachelor degree,free/reduced,True,8.3,9.2,73.0,64.0,89.0,public,True,243.5,48.7,Fail
914,female,group C,bachelor degree,standard,True,17.1,5.8,67.0,82.0,66.0,public,True,237.9,47.58,Fail
915,female,group C,some college,standard,True,5.0,7.8,71.0,78.0,70.46045112781955,public,True,232.26045112781958,46.45,Fail
916,male,group C,associate degree,standard,False,8.9,7.4,62.0,81.0,64.0,public,True,223.3,44.66,Fail
917,female,group A,bachelor degree,standard,False,11.5,6.3,79.0,65.0,81.0,public,True,242.8,48.56,Fail
918,male,group A,master degree,standard,True,16.6,5.4,87.0,71.13410138248848,96.0,private,True,276.1341013824885,55.23,Pass
919,female,group C,high school,standard,True,15.9,9.0,73.0,85.0,53.0,international,True,235.9,47.18,Fail
920,male,group B,bachelor degree,standard,False,9.66265306122449,6.4,74.0,83.0,93.0,international,True,266.0626530612245,53.21,Pass
921,female,group D,high school,standard,True,11.1,7.1,100.0,79.0,77.0,international,True,274.2,54.84,Pass
922,male,group C,master degree,standard,False,13.6,8.4,71.0,82.0,71.0,public,True,246.0,49.2,Fail
923,male,group D,some college,free/reduced,False,10.3,4.8,66.0,82.0,75.0,public,True,238.1,47.62,Fail
924,male,group D,associate degree,standard,True,6.5,6.6,94.0,78.0,69.0,private,True,254.1,50.82,Pass
925,male,group E,high school,standard,False,14.8,8.2,57.0,80.0,57.0,public,True,217.0,43.4,Fail
926,female,group A,master degree,free/reduced,True,12.1,8.2,52.0,82.0,74.0,public,False,228.3,45.66,Fail
927,male,group C,some college,standard,True,8.8,4.9,55.0,87.0,75.0,public,True,230.7,46.14,Fail
928,female,group B,bachelor degree,standard,False,8.9,6.7,62.0,64.0,70.46045112781955,public,False,212.06045112781953,42.41,Fail
929,male,group D,some college,standard,True,9.66265306122449,8.9,52.0,67.0,69.0,private,True,206.5626530612245,41.31,Fail
930,female,group A,high school,free/reduced,True,16.0,8.9,67.0,67.0,91.0,private,False,249.9,49.98,Fail
931,female,group E,high school,standard,True,15.9,6.6,73.0,56.0,80.0,private,True,231.5,46.3,Fail
932,male,group A,high school,standard,False,9.66265306122449,7.3,58.0,72.0,100.0,private,True,246.9626530612245,49.39,Fail
933,male,group E,high school,standard,False,11.1,10.0,98.0,51.0,92.0,international,True,262.1,52.42,Pass
934,male,group E,associate degree,standard,True,14.3,6.9,100.0,64.0,62.0,public,True,247.2,49.44,Fail
935,male,group D,high school,standard,True,6.5,8.7,43.0,71.0,60.0,public,True,189.2,37.84,Fail
936,male,group B,master degree,standard,True,11.4,7.5,72.0,54.0,77.0,public,True,221.9,44.38,Fail
937,female,group C,high school,free/reduced,True,8.4,7.9,35.0,61.0,76.0,private,True,188.3,37.66,Fail
938,male,group C,bachelor degree,free/reduced,False,12.4,7.0,86.0,71.13410138248848,60.0,public,True,236.53410138248847,47.31,Fail
939,male,group B,associate degree,standard,True,9.2,9.1,68.0,67.0,57.0,public,True,210.3,42.06,Fail
940,male,group E,bachelor degree,standard,False,6.6,9.2,66.0,73.0,58.0,private,True,212.8,42.56,Fail
941,female,group A,some college,standard,True,7.7,9.8,56.0,82.0,79.0,public,False,234.5,46.9,Fail
942,male,group B,associate degree,free/reduced,True,4.0,7.9,66.0,76.0,68.0,public,False,221.9,44.38,Fail
943,female,group E,some college,standard,False,7.1,6.4,82.0,71.13410138248848,87.0,private,True,253.6341013824885,50.73,Pass
944,female,group C,high school,free/reduced,False,5.2,6.4,64.0,30.0,69.0,private,True,174.6,34.92,Fail
945,female,group B,high school,standard,True,7.0,9.3,51.0,100.0,97.0,public,True,264.3,52.86,Pass
946,male,group B,high school,free/reduced,False,7.5,8.2,69.0,71.13410138248848,69.0,public,True,224.83410138248848,44.97,Fail
947,female,group A,high school,standard,False,11.9,8.1,55.0,54.0,76.0,international,True,205.0,41.0,Fail
948,female,group E,bachelor degree,free/reduced,False,13.1,4.5,100.0,57.0,72.0,public,True,246.6,49.32,Fail
949,female,group A,high school,standard,True,12.1,7.0,62.0,82.0,73.0,public,False,236.1,47.22,Fail
950,male,group D,associate degree,standard,False,4.9,6.9,70.0,67.0,76.0,public,True,224.8,44.96,Fail
951,female,group B,master degree,standard,True,6.0,4.2,69.0,58.0,65.0,private,True,202.2,40.44,Fail
952,female,group A,associate degree,standard,True,12.8,9.1,58.0,88.0,84.0,private,True,251.9,50.38,Pass
953,female,group D,associate degree,free/reduced,False,13.0,8.8,45.0,95.0,70.46045112781955,public,True,232.26045112781958,46.45,Fail
954,female,group C,some college,standard,True,14.2,8.2,46.0,68.0,70.0,public,True,206.4,41.28,Fail
955,male,group A,master degree,free/reduced,True,5.3,6.1,69.0,52.0,92.0,public,True,224.4,44.88,Fail
956,female,group C,master degree,standard,True,10.1,7.4,66.0,54.0,70.46045112781955,public,False,207.96045112781957,41.59,Fail
957,female,group E,bachelor degree,standard,False,10.5,8.7,55.0,61.0,66.0,private,True,201.2,40.24,Fail
958,male,group A,master degree,free/reduced,False,8.8,6.4,76.0,42.0,96.0,public,True,229.2,45.84,Fail
959,male,group B,associate degree,free/reduced,True,1.6,6.2,58.0,76.0,70.0,public,True,211.8,42.36,Fail
960,female,group C,high school,free/reduced,False,9.4,7.4,82.0,71.13410138248848,66.0,public,True,235.93410138248848,47.19,Fail
961,female,group C,bachelor degree,free/reduced,False,9.8,6.2,54.0,71.0,66.0,public,True,207.0,41.4,Fail
962,male,group E,some college,standard,True,3.8,6.9,64.0,66.0,71.0,public,True,211.7,42.34,Fail
963,male,group A,associate degree,standard,False,12.2,7.3,69.0,65.0,97.0,public,True,250.5,50.1,Pass
964,female,group B,high school,standard,True,8.0,7.4,59.0,64.0,76.0,public,True,214.4,42.88,Fail
965,female,group D,some college,standard,True,18.4,9.6,86.0,63.0,54.0,private,True,231.0,46.2,Fail
966,male,group D,high school,standard,False,4.4,6.7,61.0,66.0,79.0,public,True,217.1,43.42,Fail
967,female,group D,high school,free/reduced,False,8.0,5.7,85.0,71.13410138248848,69.0,private,True,238.83410138248848,47.77,Fail
968,male,group B,some college,free/reduced,True,12.3,8.5,84.0,73.0,81.0,public,True,258.8,51.76,Pass
969,male,group B,some college,standard,False,20.8,6.3,75.0,71.0,77.0,public,True,250.1,50.02,Pass
970,female,group E,high school,free/reduced,False,9.9,7.9,94.0,55.0,98.0,public,True,264.8,52.96,Pass
971,female,group B,some college,free/reduced,True,7.6,3.2,90.0,82.0,59.0,public,True,241.8,48.36,Fail
972,male,group A,associate degree,free/reduced,False,10.5,5.1,66.0,71.0,82.0,public,True,234.6,46.92,Fail
973,male,group A,some college,free/reduced,False,10.0,6.4,70.0,80.0,100.0,private,True,266.4,53.28,Pass
974,female,group B,high school,standard,False,11.6,8.4,65.0,34.0,77.0,public,True,196.0,39.2,Fail
975,male,group E,bachelor degree,standard,True,10.3,4.0,67.0,69.0,62.0,private,True,212.3,42.46,Fail
976,male,group E,high school,standard,True,11.3,5.7,90.0,59.0,49.0,public,True,215.0,43.0,Fail
977,female,group B,bachelor degree,free/reduced,False,18.8,7.8,70.0,88.0,70.46045112781955,public,False,255.06045112781953,51.01,Pass
978,female,group C,high school,standard,False,8.6,7.3,66.0,89.0,60.0,international,True,230.9,46.18,Fail
979,male,group C,high school,standard,False,7.9,7.1,88.0,71.0,49.0,public,True,223.0,44.6,Fail
980,male,group E,some college,standard,False,0.0,4.1,78.0,50.0,76.0,public,True,208.1,41.62,Fail
981,female,group C,bachelor degree,free/reduced,False,7.8,6.0,94.0,90.0,76.0,public,False,273.8,54.76,Pass
982,female,group B,master degree,standard,False,13.1,5.5,76.0,72.0,52.0,public,True,218.6,43.72,Fail
983,female,group D,master degree,standard,False,15.7,6.3,55.0,73.0,70.0,public,True,220.0,44.0,Fail
984,male,group B,some college,standard,False,7.4,5.7,88.0,58.0,73.0,public,True,232.1,46.42,Fail
985,male,group B,some college,standard,True,8.4,7.193586956521739,60.0,77.0,55.0,private,True,207.59358695652173,41.52,Fail
986,male,group D,associate degree,standard,False,12.1,7.0,45.0,77.0,69.0,public,True,210.1,42.02,Fail
987,male,group E,high school,standard,False,7.0,9.6,91.0,65.0,79.0,private,True,251.6,50.32,Pass
988,male,group C,high school,standard,False,12.9,9.8,57.0,79.0,89.0,public,True,247.7,49.54,Fail
989,male,group B,high school,standard,True,10.3,6.5,46.0,68.0,67.0,public,True,197.8,39.56,Fail
990,female,group B,associate degree,free/reduced,True,6.2,4.6,55.0,79.0,95.0,public,True,239.8,47.96,Fail
991,male,group D,high school,free/reduced,False,12.1,7.193586956521739,79.0,66.0,91.0,private,True,255.29358695652172,51.06,Pass
992,male,group E,some college,standard,True,8.0,6.3,59.0,72.0,76.0,public,False,221.3,44.26,Fail
993,female,group B,high school,standard,True,16.2,7.4,56.0,71.13410138248848,89.0,public,True,239.73410138248846,47.95,Fail
994,male,group D,bachelor degree,free/reduced,False,0.3,7.6,69.0,93.0,82.0,public,True,251.9,50.38,Pass
995,male,group B,bachelor degree,free/reduced,False,8.5,7.193586956521739,74.0,79.0,78.0,public,True,246.69358695652176,49.34,Fail
996,female,group B,high school,free/reduced,False,9.7,7.6,46.0,80.0,70.46045112781955,public,True,213.76045112781958,42.75,Fail
997,male,group E,master degree,standard,False,3.4,5.3,67.0,62.0,100.0,public,True,237.7,47.54,Fail
998,female,group B,high school,standard,True,13.5,6.0,77.0,73.0,70.46045112781955,public,True,239.96045112781957,47.99,Fail
999,male,group E,bachelor degree,standard,False,12.5,7.193586956521739,83.0,66.0,69.0,public,True,237.69358695652176,47.54,Fail
1000,female,group C,master degree,standard,True,13.6,6.8,77.0,75.0,78.0,public,True,250.4,50.08,Pass
1001,male,group E,associate degree,free/reduced,True,16.8,8.4,86.0,86.0,81.0,public,True,278.2,55.64,Pass
1002,male,group E,bachelor degree,free/reduced,False,6.6,8.0,80.0,100.0,71.0,private,True,265.6,53.12,Pass
1003,female,group C,associate degree,standard,False,11.5,6.5,62.0,50.0,62.0,public,True,192.0,38.4,Fail
1004,male,group C,bachelor degree,standard,False,14.7,6.4,81.0,75.0,48.0,public,False,225.1,45.02,Fail
1005,male,group E,some college,standard,False,7.1,7.9,78.0,62.0,75.0,public,True,230.0,46.0,Fail
1006,male,group E,high school,standard,True,10.0,6.2,76.0,59.0,55.0,public,True,206.2,41.24,Fail
1007,female,group C,high school,standard,False,14.2,7.9,66.0,51.0,56.0,public,False,195.1,39.02,Fail
1008,male,group B,some college,free/reduced,False,6.7,6.5,92.0,68.0,85.0,private,True,258.2,51.64,Pass
1009,male,group E,high school,standard,True,16.8,4.3,83.0,77.0,57.0,private,True,238.1,47.62,Fail
1010,female,group A,associate degree,standard,True,10.3,7.8,69.0,60.0,71.0,public,True,218.1,43.62,Fail
1011,male,group B,high school,standard,False,4.0,9.7,79.0,50.0,67.0,public,True,209.7,41.94,Fail
1012,male,group E,some college,standard,False,20.5,8.6,68.0,75.0,100.0,public,True,272.1,54.42,Pass
1013,female,group C,high school,standard,False,12.6,8.0,38.0,89.0,83.0,private,True,230.6,46.12,Fail
1014,female,group B,high school,standard,True,13.9,7.7,80.0,65.0,81.0,public,True,247.6,49.52,Fail
1015,female,group A,bachelor degree,standard,True,6.7,7.3,74.0,100.0,63.0,public,True,251.0,50.2,Pass
1016,female,group D,high school,free/reduced,False,9.66265306122449,4.0,43.0,71.13410138248848,63.0,private,False,190.79675444371298,38.16,Fail
1017,female,group D,high school,free/reduced,False,4.8,6.0,64.0,59.0,70.46045112781955,private,True,204.26045112781958,40.85,Fail
1018,female,group B,high school,standard,True,13.7,7.193586956521739,74.0,75.0,89.0,public,True,258.89358695652174,51.78,Pass
1019,male,group A,some college,standard,False,9.66265306122449,5.8,74.0,78.0,70.0,public,True,237.4626530612245,47.49,Fail
1020,female,group B,some college,standard,True,7.4,4.9,62.0,71.13410138248848,74.0,private,True,219.43410138248848,43.89,Fail
1021,male,group D,associate degree,free/reduced,True,8.0,5.6,88.0,70.0,72.0,public,False,243.6,48.72,Fail
1022,male,group D,associate degree,standard,True,12.5,8.5,39.0,72.0,67.0,private,True,199.0,39.8,Fail
1023,male,group D,some college,standard,False,6.6,6.8,84.0,65.0,100.0,private,True,262.4,52.48,Pass
1024,male,group A,associate degree,standard,False,11.9,8.4,68.0,64.0,78.0,international,True,230.3,46.06,Fail
1025,female,group D,master degree,standard,False,9.66265306122449,7.1,50.0,76.0,74.0,private,True,216.76265306122448,43.35,Fail
1026,male,group C,associate degree,standard,False,8.1,7.7,81.0,63.0,71.0,public,True,230.8,46.16,Fail
1027,male,group B,high school,standard,True,10.5,7.193586956521739,66.0,66.0,81.0,public,True,230.69358695652176,46.14,Fail
1028,female,group C,high school,standard,False,6.4,7.9,74.0,68.0,58.0,public,True,214.3,42.86,Fail
1029,female,group D,bachelor degree,free/reduced,True,9.66265306122449,9.5,73.0,89.0,70.46045112781955,public,True,251.62310418904406,50.32,Pass
1030,female,group D,some college,free/reduced,True,15.5,7.1,61.0,96.0,59.0,public,True,238.6,47.72,Fail
1031,female,group B,some college,standard,False,5.1,4.4,51.0,71.0,54.0,public,True,185.5,37.1,Fail
1032,male,group D,some college,free/reduced,False,9.66265306122449,7.193586956521739,48.0,73.0,59.0,public,True,196.85624001774625,39.37,Fail
1033,male,group C,high school,standard,True,19.5,8.3,37.0,81.0,66.0,public,False,211.8,42.36,Fail
1034,male,group E,high school,standard,False,12.8,8.7,64.0,65.0,70.0,public,True,220.5,44.1,Fail
1035,male,group B,bachelor degree,free/reduced,False,6.9,7.193586956521739,89.0,90.0,59.0,private,True,252.09358695652173,50.42,Pass
1036,male,group D,associate degree,standard,False,2.8,7.1,70.0,68.0,65.0,private,True,212.9,42.58,Fail
1037,male,group B,master degree,standard,False,5.8,5.3,68.0,43.0,70.46045112781955,public,True,192.56045112781953,38.51,Fail
1038,male,group E,some college,standard,False,9.66265306122449,7.5,69.0,71.0,78.0,public,True,235.1626530612245,47.03,Fail
1039,female,group D,master degree,free/reduced,True,3.4,7.193586956521739,58.0,80.0,70.0,private,False,218.59358695652173,43.72,Fail
1040,male,group C,bachelor degree,standard,True,12.2,8.2,50.0,44.0,85.0,public,True,199.4,39.88,Fail
1041,male,group C,high school,standard,True,17.1,8.3,77.0,77.0,88.0,private,True,267.4,53.48,Pass
1042,female,group C,associate degree,standard,False,10.3,8.5,74.0,78.0,63.0,public,True,233.8,46.76,Fail
1043,male,group E,high school,standard,True,20.0,6.1,45.0,68.0,70.46045112781955,public,True,209.56045112781953,41.91,Fail
1044,female,group D,some college,standard,True,9.6,6.5,77.0,68.0,53.0,public,False,214.1,42.82,Fail
1045,female,group C,bachelor degree,standard,False,8.7,7.193586956521739,73.0,53.0,96.0,public,True,237.89358695652174,47.58,Fail
1046,female,group E,bachelor degree,standard,False,8.1,6.2,77.0,52.0,70.46045112781955,public,True,213.76045112781958,42.75,Fail
1047,female,group D,some college,standard,True,9.66265306122449,8.1,73.0,63.0,55.0,private,True,208.76265306122448,41.75,Fail
1048,male,group C,high school,standard,False,16.1,7.9,72.0,86.0,75.0,public,True,257.0,51.4,Pass
1049,male,group C,high school,standard,False,3.7,7.193586956521739,78.0,55.0,78.0,public,True,221.89358695652174,44.38,Fail
1050,male,group E,high school,standard,True,10.1,7.2,73.0,65.0,70.46045112781955,international,False,225.76045112781958,45.15,Fail
1051,male,group E,master degree,standard,False,12.1,7.193586956521739,70.0,51.0,64.0,public,True,204.29358695652172,40.86,Fail
1052,female,group B,high school,free/reduced,True,14.7,9.1,44.0,65.0,74.0,public,True,206.8,41.36,Fail
1053,female,group C,associate degree,standard,True,11.2,6.7,56.0,48.0,66.0,public,True,187.9,37.58,Fail
1054,female,group A,associate degree,free/reduced,True,8.3,7.6,68.0,92.0,66.0,public,True,241.9,48.38,Fail
1055,male,group E,some college,standard,True,8.8,4.0,59.0,55.0,70.46045112781955,public,True,197.26045112781955,39.45,Fail
1056,female,group C,associate degree,free/reduced,True,15.3,7.6,81.0,58.0,66.0,public,True,227.9,45.58,Fail
1057,female,group B,bachelor degree,standard,True,9.66265306122449,8.6,60.0,80.0,77.0,public,True,235.26265306122448,47.05,Fail
1058,female,group C,bachelor degree,standard,True,4.5,6.1,69.0,84.0,73.0,private,True,236.6,47.32,Fail
1059,female,group C,associate degree,standard,True,0.0,8.2,100.0,75.0,85.0,public,True,268.2,53.64,Pass
1060,female,group D,associate degree,free/reduced,False,9.6,7.0,76.0,60.0,79.0,public,True,231.6,46.32,Fail
1061,male,group E,bachelor degree,standard,True,11.7,7.8,64.0,65.0,85.0,public,True,233.5,46.7,Fail
1062,male,group A,associate degree,standard,True,11.3,7.8,91.0,66.0,83.0,public,True,259.1,51.82,Pass
1063,female,group E,high school,standard,True,10.4,7.6,58.0,75.0,93.0,public,True,244.0,48.8,Fail
1064,male,group C,master degree,standard,False,2.9,9.0,73.0,74.0,54.0,public,True,212.9,42.58,Fail
1065,female,group A,bachelor degree,standard,False,12.9,6.8,69.0,83.0,47.0,public,True,218.7,43.74,Fail
1066,male,group B,high school,free/reduced,False,16.2,7.3,56.0,71.13410138248848,74.0,public,True,224.6341013824885,44.93,Fail
1067,female,group D,bachelor degree,standard,True,9.66265306122449,6.2,77.0,69.0,67.0,public,True,228.86265306122448,45.77,Fail
1068,male,group A,bachelor degree,standard,True,7.2,7.1,44.0,68.0,86.0,private,True,212.3,42.46,Fail
1069,female,group E,associate degree,standard,True,13.6,7.4,82.0,71.0,64.0,private,True,238.0,47.6,Fail
1070,male,group E,high school,standard,True,7.2,7.6,84.0,96.0,56.0,public,True,250.8,50.16,Pass
1071,male,group E,high school,free/reduced,False,9.66265306122449,7.9,71.0,64.0,62.0,public,True,214.5626530612245,42.91,Fail
1072,female,group B,bachelor degree,free/reduced,False,0.6,5.7,48.0,71.13410138248848,73.0,private,True,198.43410138248848,39.69,Fail
1073,male,group C,high school,standard,False,7.5,7.9,88.0,100.0,70.46045112781955,public,True,273.86045112781954,54.77,Pass
1074,male,group C,bachelor degree,free/reduced,True,13.4,8.1,70.0,71.13410138248848,70.0,private,True,232.6341013824885,46.53,Fail
1075,male,group D,high school,free/reduced,True,14.6,6.4,57.0,71.13410138248848,63.0,public,False,212.1341013824885,42.43,Fail
1076,male,group C,bachelor degree,free/reduced,False,9.9,6.8,58.0,75.0,77.0,private,True,226.7,45.34,Fail
1077,male,group D,high school,free/reduced,True,5.7,5.0,90.0,63.0,81.0,public,True,244.7,48.94,Fail
1078,female,group E,high school,free/reduced,False,9.66265306122449,9.9,65.0,67.0,62.0,public,True,213.5626530612245,42.71,Fail
1079,female,group B,bachelor degree,standard,False,10.4,5.9,60.0,75.0,51.0,public,True,202.3,40.46,Fail
1080,male,group B,high school,standard,True,15.0,8.5,55.0,73.0,85.0,international,True,236.5,47.3,Fail
1081,female,group E,high school,standard,True,16.5,7.7,94.0,88.0,49.0,international,True,255.2,51.04,Pass
1082,male,group B,bachelor degree,standard,False,7.1,8.7,77.0,100.0,80.0,public,True,272.8,54.56,Pass
1083,male,group E,bachelor degree,standard,True,7.7,9.2,80.0,93.0,96.0,public,True,285.9,57.18,Pass
1084,female,group B,associate degree,standard,False,13.2,7.193586956521739,69.0,86.0,74.0,public,True,249.39358695652174,49.88,Fail
1085,female,group C,high school,free/reduced,True,9.66265306122449,8.6,66.0,64.0,63.0,public,True,211.26265306122448,42.25,Fail
1086,male,group E,some college,free/reduced,False,6.8,8.2,55.0,68.0,87.0,private,True,225.0,45.0,Fail
1087,male,group E,some college,standard,False,9.66265306122449,9.1,57.0,92.0,70.0,private,True,237.76265306122448,47.55,Fail
1088,male,group A,bachelor degree,standard,False,6.8,8.4,66.0,92.0,60.0,private,True,233.2,46.64,Fail
1089,male,group A,bachelor degree,free/reduced,False,9.66265306122449,7.6,83.0,58.0,82.0,private,True,240.26265306122448,48.05,Fail
1090,female,group D,high school,standard,False,4.3,5.8,95.0,90.0,79.0,public,True,274.1,54.82,Pass
1091,male,group B,some college,standard,False,5.8,6.6,75.0,80.0,47.0,public,True,214.4,42.88,Fail
1092,female,group A,bachelor degree,standard,False,10.0,7.6,93.0,67.0,81.0,public,False,258.6,51.72,Pass
1093,female,group B,high school,standard,False,8.6,6.1,67.0,71.0,83.0,public,True,235.7,47.14,Fail
1094,female,group A,high school,standard,True,9.3,7.6,64.0,73.0,60.0,public,True,213.9,42.78,Fail
1095,male,group E,some college,free/reduced,False,10.1,5.4,75.0,51.0,86.0,public,True,227.5,45.5,Fail
1096,female,group D,high school,free/reduced,True,11.3,5.6,96.0,66.0,62.0,public,True,240.9,48.18,Fail
1097,male,group E,associate degree,free/reduced,False,13.0,6.4,57.0,71.13410138248848,84.0,public,True,231.53410138248847,46.31,Fail
1098,male,group C,associate degree,standard,False,9.66265306122449,7.1,61.0,50.0,85.0,private,True,212.76265306122448,42.55,Fail
1099,female,group A,some college,standard,True,8.2,8.9,50.0,62.0,84.0,public,True,213.1,42.62,Fail
1100,female,group D,high school,free/reduced,True,19.2,7.7,89.0,90.0,61.0,public,True,266.9,53.38,Pass
1101,female,group B,associate degree,standard,False,8.8,8.5,51.0,86.0,64.0,public,True,218.3,43.66,Fail
1102,female,group D,bachelor degree,standard,False,8.1,8.2,51.0,72.0,77.0,public,True,216.3,43.26,Fail
1103,female,group E,some college,free/reduced,False,15.5,7.9,80.0,80.0,53.0,public,True,236.4,47.28,Fail
1104,male,group A,some college,free/reduced,True,12.7,4.2,86.0,68.0,91.0,private,True,261.9,52.38,Pass
1105,male,group A,bachelor degree,standard,True,8.3,5.5,63.0,87.0,61.0,public,True,224.8,44.96,Fail
1106,male,group C,some college,standard,False,15.3,8.3,70.0,67.0,54.0,public,True,214.6,42.92,Fail
1107,female,group D,some college,free/reduced,True,14.4,7.1,44.0,58.0,83.0,public,True,206.5,41.3,Fail
1108,male,group C,associate degree,standard,False,8.0,8.6,71.0,67.0,69.0,public,True,223.6,44.72,Fail
1109,male,group C,bachelor degree,standard,True,16.6,6.7,61.0,71.0,80.0,public,True,235.3,47.06,Fail
1110,male,group A,some college,free/reduced,True,12.4,5.5,76.0,56.0,59.0,public,True,208.9,41.78,Fail
1111,male,group C,high school,standard,True,8.6,10.0,63.0,75.0,70.0,public,True,226.6,45.32,Fail
1112,female,group B,some college,standard,True,9.1,7.193586956521739,83.0,70.0,50.0,private,True,219.29358695652172,43.86,Fail
1113,male,group C,some college,standard,False,15.8,7.4,39.0,67.0,76.0,public,True,205.2,41.04,Fail
1114,female,group E,some college,standard,False,15.0,5.2,68.0,70.0,68.0,private,False,226.2,45.24,Fail
1115,female,group B,some college,free/reduced,True,9.66265306122449,5.8,52.0,25.0,61.0,public,True,153.4626530612245,30.69,Fail
1116,male,group E,some college,standard,True,10.0,5.1,79.0,37.0,87.0,public,False,218.1,43.62,Fail
1117,female,group E,associate degree,standard,False,6.5,4.2,82.0,77.0,64.0,private,True,233.7,46.74,Fail
1118,male,group B,some college,free/reduced,False,13.7,5.0,62.0,53.0,84.0,international,True,217.7,43.54,Fail
1119,female,group A,bachelor degree,free/reduced,False,6.2,8.3,52.0,45.0,71.0,international,True,182.5,36.5,Fail
1120,male,group C,associate degree,standard,True,10.1,6.6,70.0,43.0,77.0,public,True,206.7,41.34,Fail
1121,male,group B,master degree,free/reduced,True,6.4,7.193586956521739,50.0,42.0,59.0,public,True,164.59358695652173,32.92,Fail
1122,female,group A,high school,standard,True,3.0,8.2,79.0,59.0,69.0,private,True,218.2,43.64,Fail
1123,male,group E,high school,standard,False,9.66265306122449,7.193586956521739,66.0,53.0,83.0,public,True,218.85624001774625,43.77,Fail
1124,male,group C,master degree,standard,True,14.3,8.1,48.0,90.0,72.0,public,True,232.4,46.48,Fail
1125,male,group E,bachelor degree,free/reduced,True,15.5,5.4,83.0,69.0,88.0,public,True,260.9,52.18,Pass
1126,male,group A,bachelor degree,standard,True,17.0,7.2,53.0,74.0,100.0,public,True,251.2,50.24,Pass
1127,male,group A,associate degree,standard,True,11.5,8.0,54.0,47.0,54.0,public,True,174.5,34.9,Fail
1128,female,group B,some college,free/reduced,True,11.6,10.4,61.0,56.0,58.0,public,True,197.0,39.4,Fail
1129,female,group C,master degree,free/reduced,False,9.5,5.9,67.0,77.0,56.0,international,True,215.4,43.08,Fail
1130,female,group E,associate degree,standard,False,9.1,7.5,90.0,73.0,73.0,public,True,252.6,50.52,Pass
1131,female,group C,bachelor degree,standard,True,14.0,7.3,81.0,96.0,53.0,public,True,251.3,50.26,Pass
1132,female,group C,high school,free/reduced,False,5.8,7.9,53.0,78.0,67.0,private,True,211.7,42.34,Fail
1133,female,group C,associate degree,free/reduced,False,4.2,7.6,63.0,27.0,76.0,public,True,177.8,35.56,Fail
1134,male,group D,high school,standard,True,9.66265306122449,7.6,24.0,71.13410138248848,70.46045112781955,public,True,182.85720557153252,36.57,Fail
1135,male,group E,high school,standard,True,15.6,7.0,69.0,71.13410138248848,73.0,public,False,235.73410138248846,47.15,Fail
1136,female,group B,high school,free/reduced,False,8.0,5.1,64.0,69.0,63.0,public,True,209.1,41.82,Fail
1137,female,group E,high school,standard,False,8.7,5.1,43.0,49.0,75.0,international,True,180.8,36.16,Fail
1138,female,group E,high school,free/reduced,True,0.0,5.2,91.0,70.0,68.0,private,True,234.2,46.84,Fail
1139,female,group E,master degree,standard,False,8.1,5.1,67.0,78.0,64.0,public,True,222.2,44.44,Fail
1140,female,group B,some college,standard,True,8.7,7.7,91.0,76.0,52.0,public,True,235.4,47.08,Fail
1141,female,group A,bachelor degree,standard,False,6.7,8.2,67.0,87.0,67.0,public,True,235.9,47.18,Fail
1142,male,group B,some college,standard,True,12.4,6.5,59.0,58.0,58.0,private,True,193.9,38.78,Fail
1143,male,group E,master degree,standard,False,5.8,7.0,92.0,86.0,58.0,public,True,248.8,49.76,Fail
1144,female,group B,bachelor degree,standard,False,9.2,8.9,43.0,54.0,58.0,private,True,173.1,34.62,Fail
1145,female,group A,high school,standard,True,19.4,6.0,92.0,53.0,90.0,public,True,260.4,52.08,Pass
1146,female,group B,high school,standard,False,2.3,8.0,63.0,77.0,95.0,international,True,245.3,49.06,Fail
1147,male,group E,high school,free/reduced,False,5.6,7.193586956521739,61.0,51.0,77.0,public,True,201.79358695652172,40.36,Fail
1148,female,group C,bachelor degree,standard,False,12.8,7.8,85.0,74.0,50.0,public,False,229.6,45.92,Fail
1149,female,group C,high school,standard,True,9.6,6.2,68.0,76.0,71.0,private,True,230.8,46.16,Fail
1150,female,group E,some college,standard,False,17.2,7.193586956521739,90.0,75.0,49.0,public,True,238.39358695652174,47.68,Fail
1151,female,group D,master degree,standard,False,10.8,7.0,94.0,61.0,77.0,international,True,249.8,49.96,Fail
1152,female,group D,high school,standard,False,8.9,7.0,69.0,78.0,71.0,private,True,233.9,46.78,Fail
1153,female,group A,some college,standard,True,8.3,7.6,80.0,85.0,70.46045112781955,public,True,251.36045112781954,50.27,Pass
1154,female,group B,bachelor degree,standard,True,13.4,8.5,85.0,85.0,87.0,public,True,278.9,55.78,Pass
1155,female,group C,master degree,free/reduced,False,9.0,5.0,96.0,83.0,44.0,private,True,237.0,47.4,Fail
1156,female,group D,master degree,standard,True,2.5,4.6,43.0,66.0,80.0,public,True,196.1,39.22,Fail
1157,male,group A,bachelor degree,free/reduced,False,8.3,6.7,67.0,71.13410138248848,14.0,public,True,167.1341013824885,33.43,Fail
1158,male,group C,associate degree,free/reduced,True,8.1,6.2,47.0,71.13410138248848,62.0,public,True,194.43410138248848,38.89,Fail
1159,female,group D,associate degree,standard,False,9.66265306122449,7.0,62.0,71.13410138248848,53.0,public,True,202.79675444371298,40.56,Fail
1160,female,group C,master degree,free/reduced,True,14.0,6.5,45.0,84.0,68.0,public,True,217.5,43.5,Fail
1161,male,group D,bachelor degree,free/reduced,True,1.3,8.2,61.0,79.0,79.0,public,True,228.5,45.7,Fail
1162,male,group A,master degree,free/reduced,False,1.0,7.193586956521739,65.0,56.0,66.0,private,True,195.19358695652176,39.04,Fail
1163,female,group D,high school,free/reduced,False,15.5,5.2,86.0,99.0,80.0,private,True,285.7,57.14,Pass
1164,male,group D,some college,standard,False,2.5,6.3,89.0,73.0,62.0,private,True,232.8,46.56,Fail
1165,male,group E,some college,free/reduced,False,5.4,7.5,91.0,47.0,60.0,public,True,210.9,42.18,Fail
1166,female,group B,some college,free/reduced,False,16.2,8.7,100.0,79.0,61.0,public,True,264.9,52.98,Pass
1167,male,group B,associate degree,standard,False,8.6,6.8,97.0,64.0,68.0,international,True,244.4,48.88,Fail
1168,male,group D,some college,standard,True,10.9,7.193586956521739,72.0,55.0,70.0,international,True,215.09358695652173,43.02,Fail
1169,male,group D,high school,standard,False,4.9,5.5,80.0,72.0,54.0,public,True,216.4,43.28,Fail
1170,male,group A,some college,free/reduced,False,9.66265306122449,7.193586956521739,49.0,83.0,59.0,public,True,207.85624001774625,41.57,Fail
1171,male,group D,associate degree,standard,False,13.4,8.8,61.0,79.0,55.0,international,True,217.2,43.44,Fail
1172,female,group C,high school,standard,True,7.2,7.193586956521739,75.0,85.0,70.0,public,False,244.39358695652174,48.88,Fail
1173,female,group B,master degree,standard,False,8.2,7.7,66.0,69.0,100.0,private,True,250.9,50.18,Pass
1174,female,group A,some college,standard,True,6.6,6.4,54.0,80.0,69.0,public,True,216.0,43.2,Fail
1175,male,group E,high school,free/reduced,False,11.9,8.0,58.0,88.0,61.0,international,True,226.9,45.38,Fail
1176,male,group C,some college,free/reduced,False,9.7,7.1,79.0,56.0,88.0,public,True,239.8,47.96,Fail
1177,female,group D,high school,standard,False,10.6,9.6,78.0,55.0,83.0,public,True,236.2,47.24,Fail
1178,female,group B,some college,standard,True,9.4,7.1,80.0,70.0,66.0,private,True,232.5,46.5,Fail
1179,female,group B,high school,free/reduced,True,9.1,4.6,50.0,60.0,61.0,international,True,184.7,36.94,Fail
1180,female,group C,some college,free/reduced,True,0.4,6.3,73.0,71.13410138248848,71.0,public,True,221.83410138248848,44.37,Fail
1181,female,group E,high school,standard,True,4.8,5.7,88.0,100.0,50.0,international,False,248.5,49.7,Fail
1182,male,group B,master degree,free/reduced,False,6.7,9.5,77.0,51.0,79.0,public,True,223.2,44.64,Fail
1183,female,group E,some college,standard,False,9.66265306122449,6.1,77.0,58.0,63.0,public,True,213.76265306122448,42.75,Fail
1184,female,group C,master degree,free/reduced,False,4.2,7.4,51.0,64.0,41.0,public,True,167.6,33.52,Fail
1185,female,group C,some college,standard,True,11.3,8.7,78.0,86.0,82.0,public,True,266.0,53.2,Pass
1186,male,group B,high school,free/reduced,False,6.9,6.9,70.0,62.0,67.0,public,True,212.8,42.56,Fail
1187,male,group E,high school,standard,False,11.6,6.3,68.0,66.0,68.0,private,True,219.9,43.98,Fail
1188,female,group E,high school,free/reduced,False,9.66265306122449,7.7,71.0,84.0,72.0,public,True,244.36265306122448,48.87,Fail
1189,female,group C,high school,standard,True,18.6,8.8,51.0,51.0,69.0,private,True,198.4,39.68,Fail
1190,female,group B,high school,standard,True,6.9,5.8,70.0,66.0,84.0,private,True,232.7,46.54,Fail
1191,female,group E,some college,free/reduced,True,14.9,7.9,73.0,69.0,69.0,private,True,233.8,46.76,Fail
1192,female,group B,bachelor degree,standard,False,9.66265306122449,9.4,51.0,83.0,77.0,public,True,230.0626530612245,46.01,Fail
1193,female,group B,high school,standard,True,9.66265306122449,7.6,75.0,40.0,84.0,private,False,216.26265306122448,43.25,Fail
1194,male,group A,some college,standard,True,14.6,7.193586956521739,77.0,62.0,76.0,public,True,236.79358695652172,47.36,Fail
1195,female,group A,master degree,standard,False,13.7,7.6,70.0,69.0,73.0,international,True,233.3,46.66,Fail
1196,male,group B,some college,free/reduced,False,2.4,9.5,61.0,47.0,44.0,public,True,163.9,32.78,Fail
1197,male,group D,some college,free/reduced,True,11.2,6.0,100.0,71.13410138248848,65.0,international,False,253.33410138248848,50.67,Pass
1198,female,group C,associate degree,standard,True,8.4,8.1,82.0,73.0,64.0,public,True,235.5,47.1,Fail
1199,female,group C,high school,standard,False,2.8,7.8,55.0,80.0,45.0,public,True,190.6,38.12,Fail
1200,female,group B,bachelor degree,free/reduced,True,7.8,8.0,52.0,73.0,88.0,public,True,228.8,45.76,Fail
1201,male,group E,high school,standard,False,6.6,4.8,81.0,80.0,62.0,private,True,234.4,46.88,Fail
1202,female,group C,high school,standard,False,7.5,5.2,46.0,82.0,93.0,public,True,233.7,46.74,Fail
1203,male,group D,high school,standard,False,13.5,8.0,81.0,66.0,66.0,public,True,234.5,46.9,Fail
1204,male,group D,high school,standard,False,9.66265306122449,8.7,83.0,70.0,65.0,public,True,236.36265306122448,47.27,Fail
1205,female,group C,high school,standard,False,8.1,7.8,74.0,65.0,81.0,public,True,235.9,47.18,Fail
1206,male,group D,master degree,standard,False,11.1,6.7,78.0,74.0,48.0,public,True,217.8,43.56,Fail
1207,female,group C,some college,standard,True,7.3,6.5,67.0,62.0,64.0,public,False,206.8,41.36,Fail
1208,male,group C,bachelor degree,standard,True,9.4,8.9,79.0,62.0,73.0,public,True,232.3,46.46,Fail
1209,male,group C,bachelor degree,free/reduced,True,7.9,5.7,48.0,68.0,71.0,public,True,200.6,40.12,Fail
1210,male,group E,bachelor degree,standard,True,4.7,7.2,86.0,71.13410138248848,63.0,public,False,232.03410138248847,46.41,Fail
1211,male,group D,associate degree,free/reduced,False,11.3,7.3,69.0,74.0,85.0,public,True,246.6,49.32,Fail
1212,male,group A,some college,standard,False,13.3,7.1,84.0,71.13410138248848,58.0,private,False,233.53410138248847,46.71,Fail
1213,female,group E,high school,free/reduced,False,19.2,6.3,66.0,66.0,85.0,public,True,242.5,48.5,Fail
1214,female,group C,bachelor degree,free/reduced,True,12.0,5.9,72.0,84.0,76.0,public,True,249.9,49.98,Fail
1215,male,group C,high school,standard,False,8.2,3.0,58.0,51.0,67.0,public,False,187.2,37.44,Fail
1216,male,group E,bachelor degree,standard,True,7.6,7.7,51.0,100.0,60.0,public,False,226.3,45.26,Fail
1217,female,group B,high school,free/reduced,False,4.7,8.2,85.0,60.0,79.0,public,True,236.9,47.38,Fail
1218,female,group D,high school,free/reduced,False,14.3,9.1,94.0,62.0,81.0,public,True,260.4,52.08,Pass
1219,female,group C,associate degree,free/reduced,False,12.7,7.2,68.0,54.0,81.0,private,True,222.9,44.58,Fail
1220,male,group C,high school,standard,False,9.66265306122449,7.8,73.0,59.0,63.0,international,False,212.4626530612245,42.49,Fail
1221,male,group C,bachelor degree,free/reduced,True,9.66265306122449,7.193586956521739,55.0,78.0,83.0,international,True,232.85624001774625,46.57,Fail
1222,male,group C,high school,standard,True,13.9,5.7,30.0,83.0,65.0,public,True,197.6,39.52,Fail
1223,female,group A,some college,standard,True,9.66265306122449,7.4,78.0,81.0,66.0,public,True,242.0626530612245,48.41,Fail
1224,female,group D,bachelor degree,free/reduced,False,8.5,4.3,74.0,66.0,70.46045112781955,public,True,223.26045112781958,44.65,Fail
1225,female,group B,high school,standard,True,7.7,6.4,63.0,58.0,73.0,international,True,208.1,41.62,Fail
1226,male,group E,high school,standard,False,3.7,7.6,70.0,62.0,70.46045112781955,public,True,213.76045112781958,42.75,Fail
1227,male,group E,high school,standard,False,15.7,7.0,63.0,58.0,49.0,public,True,192.7,38.54,Fail
1228,male,group E,some college,standard,False,15.2,7.193586956521739,44.0,55.0,72.0,public,True,193.39358695652174,38.68,Fail
1229,male,group C,bachelor degree,standard,True,18.0,7.7,53.0,79.0,66.0,public,True,223.7,44.74,Fail
1230,male,group A,high school,standard,False,13.2,6.7,68.0,59.0,52.0,public,False,198.9,39.78,Fail
1231,male,group E,some college,free/reduced,False,11.4,7.5,66.0,76.0,64.0,public,True,224.9,44.98,Fail
1232,male,group B,master degree,standard,False,11.9,5.8,47.0,70.0,82.0,public,False,216.7,43.34,Fail
1233,female,group C,master degree,standard,False,9.66265306122449,7.193586956521739,47.0,80.0,92.0,public,True,235.85624001774625,47.17,Fail
1234,female,group D,high school,standard,False,16.7,7.1,96.0,81.0,72.0,public,True,272.8,54.56,Pass
1235,male,group C,associate degree,standard,False,12.4,8.3,79.0,66.0,60.0,public,True,225.7,45.14,Fail
1236,male,group D,high school,standard,True,12.4,9.3,79.0,63.0,80.0,private,True,243.7,48.74,Fail
1237,female,group A,high school,standard,False,6.5,9.4,81.0,86.0,75.0,public,True,257.9,51.58,Pass
1238,female,group B,some college,free/reduced,True,9.4,7.7,74.0,45.0,83.0,public,True,219.1,43.82,Fail
1239,male,group A,associate degree,standard,False,15.5,7.1,66.0,83.0,77.0,public,True,248.6,49.72,Fail
1240,male,group E,high school,standard,False,10.9,7.7,65.0,84.0,70.46045112781955,public,True,238.06045112781953,47.61,Fail
1241,female,group A,high school,standard,False,10.1,9.2,55.0,62.0,66.0,public,True,202.3,40.46,Fail
1242,male,group C,high school,free/reduced,False,11.1,7.8,63.0,56.0,49.0,public,False,186.9,37.38,Fail
1243,male,group B,some college,standard,False,9.7,7.3,59.0,72.0,83.0,public,True,231.0,46.2,Fail
1244,male,group C,associate degree,standard,False,8.8,7.4,88.0,79.0,86.0,private,True,269.2,53.84,Pass
1245,female,group D,high school,free/reduced,True,11.1,7.1,58.0,50.0,50.0,public,True,176.2,35.24,Fail
1246,male,group D,high school,standard,True,5.2,7.4,100.0,84.0,60.0,private,True,256.6,51.32,Pass
1247,female,group E,some college,standard,True,11.8,6.6,57.0,53.0,73.0,private,True,201.4,40.28,Fail
1248,female,group A,associate degree,standard,True,12.8,10.1,81.0,100.0,54.0,public,True,257.9,51.58,Pass
1249,female,group B,associate degree,free/reduced,False,16.4,8.0,67.0,71.0,80.0,public,True,242.4,48.48,Fail
1250,male,group C,some college,standard,True,8.0,5.8,100.0,59.0,73.0,public,True,245.8,49.16,Fail
1251,female,group E,high school,standard,False,3.9,7.193586956521739,64.0,86.0,71.0,private,True,232.09358695652173,46.42,Fail
1252,male,group B,high school,free/reduced,False,3.9,5.5,47.0,78.0,70.46045112781955,international,True,204.86045112781954,40.97,Fail
1253,female,group E,bachelor degree,standard,False,16.6,7.1,92.0,69.0,80.0,private,True,264.7,52.94,Pass
1254,female,group C,associate degree,standard,False,9.66265306122449,7.1,46.0,71.13410138248848,70.46045112781955,private,True,204.35720557153252,40.87,Fail
1255,male,group D,high school,standard,True,9.9,5.9,100.0,71.13410138248848,38.0,public,False,224.93410138248848,44.99,Fail
1256,female,group E,associate degree,standard,False,11.3,7.193586956521739,85.0,77.0,51.0,international,True,231.49358695652174,46.3,Fail
1257,female,group B,high school,standard,False,17.7,7.193586956521739,86.0,64.0,68.0,public,True,242.89358695652174,48.58,Fail
1258,male,group C,some college,standard,False,13.9,6.6,57.0,73.0,70.46045112781955,public,True,220.96045112781957,44.19,Fail
1259,male,group C,associate degree,standard,False,2.1,6.8,100.0,50.0,59.0,public,False,217.9,43.58,Fail
1260,male,group A,high school,standard,False,13.1,7.193586956521739,73.0,77.0,54.0,private,True,224.29358695652172,44.86,Fail
1261,male,group A,high school,standard,False,12.6,6.8,62.0,68.0,100.0,public,True,249.4,49.88,Fail
1262,female,group B,high school,standard,True,6.0,7.0,61.0,71.13410138248848,69.0,public,False,214.1341013824885,42.83,Fail
1263,female,group B,bachelor degree,standard,True,17.2,8.8,94.0,77.0,78.0,public,False,275.0,55.0,Pass
1264,female,group C,bachelor degree,standard,True,9.4,8.5,66.0,79.0,50.0,public,True,212.9,42.58,Fail
1265,male,group E,high school,standard,True,12.5,5.7,86.0,81.0,89.0,public,True,274.2,54.84,Pass
1266,female,group C,bachelor degree,standard,False,12.9,6.1,59.0,69.0,57.0,public,True,204.0,40.8,Fail
1267,male,group C,some college,standard,False,8.6,8.3,74.0,70.0,90.0,private,True,250.9,50.18,Pass
1268,male,group C,high school,standard,False,11.7,8.4,41.0,44.0,62.0,private,True,167.1,33.42,Fail
1269,female,group C,bachelor degree,free/reduced,True,17.1,6.5,52.0,70.0,63.0,private,False,208.6,41.72,Fail
1270,male,group E,some college,standard,False,10.6,11.0,63.0,84.0,54.0,private,True,222.6,44.52,Fail
1271,male,group B,associate degree,standard,False,10.3,6.5,66.0,69.0,76.0,public,False,227.8,45.56,Fail
1272,male,group E,bachelor degree,free/reduced,True,21.9,7.8,69.0,36.0,77.0,public,True,211.7,42.34,Fail
1273,female,group B,some college,free/reduced,True,3.8,7.193586956521739,63.0,80.0,80.0,public,True,233.99358695652174,46.8,Fail
1274,female,group C,associate degree,standard,True,9.66265306122449,5.9,64.0,81.0,89.0,private,True,249.5626530612245,49.91,Fail
1275,female,group E,associate degree,standard,False,13.4,7.3,74.0,66.0,67.0,private,False,227.7,45.54,Fail
1276,male,group A,bachelor degree,standard,True,12.4,7.8,71.0,80.0,79.0,private,True,250.2,50.04,Pass
1277,female,group D,some college,standard,True,2.6,7.5,70.0,76.0,98.0,private,True,254.1,50.82,Pass
1278,female,group D,high school,standard,True,6.6,6.5,85.0,87.0,45.0,public,True,230.1,46.02,Fail
1279,male,group B,high school,standard,True,9.5,7.0,62.0,44.0,61.0,public,True,183.5,36.7,Fail
1280,male,group C,high school,standard,True,7.6,4.6,52.0,67.0,72.0,international,True,203.2,40.64,Fail
1281,male,group C,bachelor degree,free/reduced,False,6.7,5.0,74.0,85.0,87.0,public,True,257.7,51.54,Pass
1282,female,group D,associate degree,free/reduced,False,15.2,6.2,53.0,54.0,55.0,public,True,183.4,36.68,Fail
1283,female,group D,high school,free/reduced,True,9.3,9.2,64.0,44.0,83.0,public,True,209.5,41.9,Fail
1284,female,group C,high school,free/reduced,True,9.1,7.1,72.0,72.0,66.0,private,True,226.2,45.24,Fail
1285,male,group C,some college,standard,True,8.6,7.3,60.0,79.0,77.0,private,True,231.9,46.38,Fail
1286,male,group D,high school,standard,False,4.9,7.3,82.0,85.0,65.0,public,True,244.2,48.84,Fail
1287,female,group A,associate degree,standard,False,6.5,6.4,49.0,44.0,52.0,public,True,157.9,31.58,Fail
1288,male,group B,bachelor degree,standard,False,11.9,7.4,69.0,48.0,75.0,private,True,211.3,42.26,Fail
1289,male,group A,high school,free/reduced,False,9.9,9.0,79.0,61.0,71.0,public,True,229.9,45.98,Fail
1290,male,group A,high school,free/reduced,False,3.9,6.1,63.0,72.0,72.0,public,True,217.0,43.4,Fail
1291,female,group C,bachelor degree,standard,False,21.0,5.6,62.0,76.0,62.0,international,True,226.6,45.32,Fail
1292,female,group B,bachelor degree,free/reduced,False,11.2,8.5,77.0,71.13410138248848,58.0,public,True,225.83410138248848,45.17,Fail
1293,male,group E,master degree,standard,True,9.66265306122449,9.5,58.0,77.0,55.0,public,True,209.1626530612245,41.83,Fail
1294,male,group E,some college,standard,True,9.4,6.9,58.0,71.13410138248848,70.0,public,False,215.43410138248848,43.09,Fail
1295,male,group D,high school,standard,False,12.6,4.7,56.0,71.13410138248848,75.0,public,False,219.43410138248848,43.89,Fail
1296,female,group B,associate degree,standard,False,9.5,5.7,100.0,79.0,91.0,public,True,285.2,57.04,Pass
1297,female,group E,master degree,free/reduced,False,13.9,7.7,68.0,79.0,71.0,public,True,239.6,47.92,Fail
1298,male,group A,high school,free/reduced,False,9.66265306122449,7.5,34.0,67.0,68.0,public,True,186.1626530612245,37.23,Fail
1299,male,group C,high school,free/reduced,True,9.66265306122449,5.6,68.0,71.13410138248848,70.46045112781955,private,True,224.85720557153252,44.97,Fail
1300,male,group E,high school,free/reduced,False,15.4,8.0,55.0,71.0,53.0,international,True,202.4,40.48,Fail
1301,female,group C,bachelor degree,free/reduced,False,7.2,7.193586956521739,55.0,100.0,73.0,private,True,242.39358695652174,48.48,Fail
1302,male,group B,high school,standard,False,15.4,7.1,49.0,72.0,65.0,private,False,208.5,41.7,Fail
1303,female,group B,some college,standard,False,11.0,7.193586956521739,99.0,75.0,26.0,public,True,218.19358695652176,43.64,Fail
1304,female,group D,some college,free/reduced,True,15.5,9.3,70.0,78.0,70.46045112781955,public,True,243.26045112781958,48.65,Fail
1305,female,group E,bachelor degree,standard,True,5.2,7.5,93.0,72.0,70.0,public,True,247.7,49.54,Fail
1306,female,group B,some college,standard,False,6.3,7.2,63.0,84.0,44.0,public,True,204.5,40.9,Fail
1307,male,group A,some college,standard,False,11.9,7.4,72.0,50.0,86.0,public,True,227.3,45.46,Fail
1308,female,group E,master degree,standard,True,9.66265306122449,6.5,64.0,81.0,41.0,public,False,202.1626530612245,40.43,Fail
1309,male,group C,high school,free/reduced,False,8.4,5.0,42.0,85.0,57.0,public,False,197.4,39.48,Fail
1310,male,group B,high school,standard,True,7.0,7.4,75.0,71.0,86.0,public,True,246.4,49.28,Fail
1311,female,group E,some college,standard,True,9.8,7.2,53.0,80.0,66.0,public,False,216.0,43.2,Fail
1312,female,group C,associate degree,free/reduced,False,8.4,3.0,76.0,83.0,70.0,private,True,240.4,48.08,Fail
1313,female,group E,some college,free/reduced,True,10.3,9.3,58.0,76.0,66.0,private,True,219.6,43.92,Fail
1314,female,group E,high school,standard,False,0.0,5.6,49.0,85.0,70.0,private,True,209.6,41.92,Fail
1315,female,group E,high school,free/reduced,False,4.2,7.193586956521739,45.0,68.0,60.0,public,False,184.39358695652174,36.88,Fail
1316,female,group A,some college,standard,False,12.9,8.4,44.0,71.13410138248848,72.0,public,True,208.43410138248848,41.69,Fail
1317,male,group A,some college,standard,False,9.6,6.2,58.0,60.0,79.0,public,False,212.8,42.56,Fail
1318,female,group C,high school,standard,True,20.2,10.1,90.0,57.0,88.0,public,False,265.3,53.06,Pass
1319,female,group B,master degree,standard,False,7.7,6.6,79.0,72.0,74.0,public,True,239.3,47.86,Fail
1320,male,group E,associate degree,standard,False,7.9,7.1,58.0,87.0,80.0,public,True,240.0,48.0,Fail
1321,female,group E,high school,standard,True,10.2,8.5,95.0,91.0,70.46045112781955,private,True,275.16045112781956,55.03,Pass
1322,female,group B,high school,standard,False,11.8,6.5,58.0,74.0,83.0,international,True,233.3,46.66,Fail
1323,female,group B,master degree,standard,True,1.2,6.7,81.0,71.0,83.0,public,True,242.9,48.58,Fail
1324,female,group A,high school,standard,False,3.6,8.6,58.0,64.0,63.0,private,True,197.2,39.44,Fail
1325,male,group D,high school,standard,False,11.1,10.2,54.0,71.13410138248848,81.0,public,True,227.43410138248848,45.49,Fail
1326,female,group D,master degree,free/reduced,True,21.8,7.2,100.0,71.13410138248848,68.0,public,True,268.1341013824885,53.63,Pass
1327,female,group D,high school,free/reduced,True,10.9,8.3,69.0,87.0,78.0,public,True,253.2,50.64,Pass
1328,female,group B,high school,standard,False,9.6,6.1,62.0,65.0,43.0,public,True,185.7,37.14,Fail
1329,female,group D,high school,standard,False,16.9,7.4,71.0,63.0,70.46045112781955,public,True,228.76045112781958,45.75,Fail
1330,female,group D,high school,standard,False,9.2,7.1,84.0,68.0,58.0,public,True,226.3,45.26,Fail
1331,male,group D,some college,free/reduced,True,8.3,9.5,61.0,90.0,65.0,international,True,233.8,46.76,Fail
1332,male,group A,some college,standard,True,5.3,7.5,38.0,66.0,66.0,public,True,182.8,36.56,Fail
1333,male,group E,associate degree,standard,True,9.1,6.0,73.0,59.0,55.0,public,True,202.1,40.42,Fail
1334,male,group C,high school,standard,False,15.9,6.6,77.0,57.0,70.46045112781955,public,True,226.96045112781957,45.39,Fail
1335,female,group C,master degree,free/reduced,True,5.4,6.3,77.0,70.0,77.0,public,True,235.7,47.14,Fail
1336,male,group B,some college,standard,True,11.1,8.7,77.0,77.0,84.0,international,False,257.8,51.56,Pass
1337,female,group B,associate degree,free/reduced,True,3.7,7.9,79.0,66.0,74.0,public,True,230.6,46.12,Fail
1338,female,group D,high school,standard,False,3.8,8.0,87.0,93.0,77.0,public,False,268.8,53.76,Pass
1339,female,group E,bachelor degree,standard,False,13.3,7.3,76.0,60.0,70.46045112781955,public,True,227.06045112781953,45.41,Fail
1340,male,group A,associate degree,standard,False,19.3,10.3,60.0,70.0,90.0,public,True,249.6,49.92,Fail
1341,male,group A,some college,standard,True,6.3,6.5,77.0,100.0,71.0,public,True,260.8,52.16,Pass
1342,female,group C,high school,standard,True,12.3,6.6,37.0,56.0,83.0,private,True,194.9,38.98,Fail
1343,male,group B,bachelor degree,free/reduced,True,10.1,5.4,67.0,75.0,86.0,public,True,243.5,48.7,Fail
1344,male,group C,high school,standard,False,7.1,5.8,100.0,73.0,61.0,public,True,246.9,49.38,Fail
1345,female,group D,high school,free/reduced,False,8.8,6.6,78.0,65.0,63.0,private,True,221.4,44.28,Fail
1346,female,group B,bachelor degree,standard,False,12.2,5.9,73.0,93.0,76.0,public,False,260.1,52.02,Pass
1347,female,group C,associate degree,standard,True,10.1,7.2,64.0,55.0,80.0,public,False,216.3,43.26,Fail
1348,male,group E,bachelor degree,standard,True,9.3,8.4,61.0,68.0,81.0,public,True,227.7,45.54,Fail
1349,female,group E,associate degree,free/reduced,False,9.66265306122449,8.1,89.0,56.0,62.0,private,True,224.76265306122448,44.95,Fail
1350,male,group C,high school,free/reduced,False,8.2,8.7,81.0,93.0,66.0,international,True,256.9,51.38,Pass
1351,female,group D,high school,standard,False,18.4,6.0,78.0,79.0,80.0,international,True,261.4,52.28,Pass
1352,male,group D,some college,standard,False,4.1,6.8,43.0,82.0,51.0,public,True,186.9,37.38,Fail
1353,male,group B,some college,standard,True,9.66265306122449,7.193586956521739,41.0,72.0,48.0,international,True,177.85624001774625,35.57,Fail
1354,female,group C,associate degree,free/reduced,False,11.3,7.1,64.0,66.0,67.0,public,True,215.4,43.08,Fail
1355,female,group E,high school,standard,False,0.8,6.3,60.0,54.0,96.0,public,True,217.1,43.42,Fail
1356,male,group C,some college,standard,False,16.7,8.2,56.0,100.0,60.0,public,True,240.9,48.18,Fail
1357,male,group D,high school,standard,True,4.6,7.193586956521739,76.0,66.0,63.0,private,True,216.79358695652172,43.36,Fail
1358,male,group E,high school,standard,False,5.6,6.9,96.0,69.0,82.0,private,True,259.5,51.9,Pass
1359,female,group B,master degree,standard,False,11.8,6.8,66.0,100.0,47.0,public,True,231.6,46.32,Fail
1360,female,group C,high school,free/reduced,False,5.1,7.7,61.0,89.0,70.46045112781955,public,True,233.26045112781958,46.65,Fail
1361,female,group E,bachelor degree,standard,True,2.1,7.193586956521739,77.0,87.0,60.0,private,True,233.29358695652172,46.66,Fail
1362,female,group B,associate degree,standard,False,7.6,4.7,82.0,79.0,91.0,private,True,264.3,52.86,Pass
1363,male,group D,high school,standard,True,9.8,9.6,84.0,79.0,78.0,public,True,260.4,52.08,Pass
1364,male,group D,some college,free/reduced,False,7.4,4.4,77.0,78.0,85.0,international,True,251.8,50.36,Pass
1365,male,group D,some college,standard,False,14.1,5.2,52.0,73.0,68.0,public,True,212.3,42.46,Fail
1366,female,group E,associate degree,standard,False,9.66265306122449,7.8,77.0,71.13410138248848,73.0,public,True,238.59675444371297,47.72,Fail
1367,female,group D,some college,standard,False,7.0,6.4,66.0,52.0,88.0,private,True,219.4,43.88,Fail
1368,female,group A,high school,free/reduced,True,11.6,5.2,62.0,81.0,66.0,public,True,225.8,45.16,Fail
1369,female,group A,master degree,standard,True,8.2,7.193586956521739,93.0,88.0,52.0,public,True,248.39358695652174,49.68,Fail
1370,male,group B,high school,standard,False,9.66265306122449,7.3,77.0,91.0,70.0,public,True,254.9626530612245,50.99,Pass
1371,female,group B,bachelor degree,standard,True,10.1,7.8,86.0,81.0,71.0,private,True,255.9,51.18,Pass
1372,female,group C,some college,standard,False,11.7,5.4,69.0,68.0,68.0,public,True,222.1,44.42,Fail
1373,male,group B,bachelor degree,free/reduced,False,4.8,7.9,56.0,66.0,91.0,public,True,225.7,45.14,Fail
1374,female,group B,high school,standard,True,9.0,7.193586956521739,54.0,93.0,58.0,public,True,221.19358695652176,44.24,Fail
1375,male,group B,high school,free/reduced,True,18.9,6.2,56.0,100.0,53.0,public,True,234.1,46.82,Fail
1376,male,group C,some college,standard,False,9.3,9.1,76.0,62.0,70.46045112781955,private,True,226.86045112781954,45.37,Fail
1377,female,group C,some college,free/reduced,True,12.3,7.193586956521739,92.0,86.0,70.46045112781955,public,True,267.9540380843413,53.59,Pass
1378,male,group A,some college,standard,True,7.7,7.5,53.0,98.0,80.0,private,True,246.2,49.24,Fail
1379,female,group B,associate degree,standard,False,17.3,4.9,96.0,76.0,44.0,public,True,238.2,47.64,Fail
1380,female,group E,high school,standard,True,6.6,9.1,46.0,89.0,82.0,private,False,232.7,46.54,Fail
1381,male,group E,associate degree,standard,True,9.66265306122449,8.0,49.0,55.0,75.0,public,False,196.6626530612245,39.33,Fail
1382,female,group D,high school,standard,True,9.2,7.193586956521739,72.0,55.0,79.0,public,True,222.39358695652174,44.48,Fail
1383,female,group D,some college,free/reduced,False,7.1,8.4,68.0,73.0,62.0,international,True,218.5,43.7,Fail
1384,female,group C,master degree,standard,True,12.7,5.3,84.0,79.0,66.0,private,False,247.0,49.4,Fail
1385,male,group C,high school,standard,True,15.0,7.3,78.0,83.0,70.46045112781955,public,True,253.76045112781958,50.75,Pass
1386,male,group C,associate degree,free/reduced,True,12.0,7.7,62.0,76.0,69.0,public,True,226.7,45.34,Fail
1387,female,group B,high school,standard,True,9.66265306122449,8.0,87.0,78.0,70.0,public,True,252.6626530612245,50.53,Pass
1388,female,group C,high school,free/reduced,False,7.1,6.0,85.0,83.0,74.0,public,True,255.1,51.02,Pass
1389,female,group D,high school,standard,False,9.66265306122449,6.4,66.0,80.0,83.0,international,True,245.0626530612245,49.01,Fail
1390,female,group A,bachelor degree,free/reduced,False,8.6,5.9,67.0,64.0,98.0,private,True,243.5,48.7,Fail
1391,male,group C,bachelor degree,free/reduced,True,17.1,6.4,41.0,59.0,68.0,private,True,191.5,38.3,Fail
1392,male,group E,some college,standard,True,13.5,8.3,60.0,71.13410138248848,87.0,public,True,239.93410138248848,47.99,Fail
1393,female,group E,high school,standard,False,15.2,4.0,73.0,74.0,85.0,private,True,251.2,50.24,Pass
1394,male,group A,some college,free/reduced,False,13.3,7.2,55.0,85.0,79.0,public,True,239.5,47.9,Fail
1395,male,group C,high school,standard,False,16.6,8.0,67.0,86.0,73.0,private,True,250.6,50.12,Pass
1396,female,group B,associate degree,standard,False,8.5,7.193586956521739,58.0,47.0,63.0,international,True,183.69358695652176,36.74,Fail
1397,male,group D,high school,free/reduced,False,9.66265306122449,7.5,72.0,64.0,70.0,international,False,223.1626530612245,44.63,Fail
1398,male,group E,some college,free/reduced,True,19.5,6.1,86.0,73.0,58.0,private,True,242.6,48.52,Fail
1399,female,group C,high school,free/reduced,False,9.66265306122449,8.3,80.0,67.0,61.0,private,True,225.9626530612245,45.19,Fail
1400,male,group C,bachelor degree,free/reduced,False,11.2,6.5,56.0,81.0,61.0,public,True,215.7,43.14,Fail
1401,male,group E,some college,standard,False,11.5,7.8,80.0,88.0,82.0,public,False,269.3,53.86,Pass
1402,female,group B,some college,standard,False,9.66265306122449,4.9,71.0,52.0,80.0,public,True,217.5626530612245,43.51,Fail
1403,male,group C,high school,standard,False,7.5,5.7,78.0,68.0,75.0,public,True,234.2,46.84,Fail
1404,male,group E,high school,free/reduced,False,16.3,6.4,86.0,100.0,76.0,public,False,284.7,56.94,Pass
1405,female,group B,master degree,free/reduced,True,10.6,4.3,63.0,84.0,70.46045112781955,public,True,232.36045112781954,46.47,Fail
1406,male,group B,high school,standard,False,7.5,6.8,70.0,71.13410138248848,46.0,public,True,201.43410138248848,40.29,Fail
1407,female,group C,associate degree,standard,False,9.66265306122449,6.3,55.0,58.0,72.0,public,True,200.9626530612245,40.19,Fail
1408,female,group E,high school,standard,False,10.2,10.3,60.0,61.0,72.0,public,True,213.5,42.7,Fail
1409,male,group A,high school,standard,False,6.7,7.193586956521739,66.0,74.0,67.0,public,True,220.89358695652174,44.18,Fail
1410,female,group C,master degree,standard,True,2.4,9.6,76.0,71.0,58.0,private,False,217.0,43.4,Fail
1411,female,group C,bachelor degree,standard,True,8.7,8.2,67.0,76.0,55.0,public,True,214.9,42.98,Fail
1412,male,group C,high school,free/reduced,True,3.9,8.5,83.0,78.0,84.0,public,True,257.4,51.48,Pass
1413,male,group B,high school,standard,True,8.2,6.4,54.0,40.0,81.0,public,True,189.6,37.92,Fail
1414,female,group A,bachelor degree,standard,True,8.7,7.0,53.0,100.0,70.46045112781955,international,True,239.16045112781956,47.83,Fail
1415,male,group B,bachelor degree,standard,True,13.3,8.0,56.0,78.0,55.0,international,True,210.3,42.06,Fail
1416,male,group D,master degree,free/reduced,False,5.2,6.8,70.0,71.13410138248848,80.0,public,True,233.1341013824885,46.63,Fail
1417,male,group E,associate degree,standard,False,6.5,8.4,57.0,71.13410138248848,70.0,public,True,213.03410138248847,42.61,Fail
1418,male,group B,associate degree,standard,True,10.9,8.4,77.0,77.0,62.0,public,True,235.3,47.06,Fail
1419,male,group C,high school,standard,False,2.6,6.6,56.0,69.0,69.0,public,True,203.2,40.64,Fail
1420,female,group A,high school,standard,False,8.5,7.8,83.0,81.0,78.0,private,True,258.3,51.66,Pass
1421,male,group E,high school,standard,True,8.5,6.0,64.0,61.0,62.0,public,True,201.5,40.3,Fail
1422,female,group B,some college,standard,False,11.0,7.1,90.0,77.0,68.0,private,True,253.1,50.62,Pass
1423,female,group E,bachelor degree,standard,True,9.66265306122449,7.193586956521739,54.0,67.0,63.0,public,True,200.85624001774625,40.17,Fail
1424,male,group E,high school,standard,False,2.0,8.9,65.0,61.0,70.46045112781955,private,True,207.36045112781954,41.47,Fail
1425,male,group C,high school,standard,True,7.6,6.1,82.0,64.0,79.0,international,True,238.7,47.74,Fail
1426,female,group B,bachelor degree,standard,True,1.2,6.2,51.0,45.0,79.0,public,True,182.4,36.48,Fail
1427,female,group E,some college,free/reduced,False,10.6,8.1,63.0,71.13410138248848,64.0,public,True,216.83410138248848,43.37,Fail
1428,female,group D,high school,standard,False,5.4,6.3,25.0,90.0,74.0,public,True,200.7,40.14,Fail
1429,male,group D,master degree,free/reduced,False,8.1,6.4,49.0,70.0,72.0,public,True,205.5,41.1,Fail
1430,male,group E,master degree,standard,False,15.7,6.2,69.0,70.0,60.0,public,True,220.9,44.18,Fail
1431,male,group D,some college,standard,True,6.0,6.9,63.0,65.0,52.0,public,False,192.9,38.58,Fail
1432,female,group E,high school,standard,True,4.1,7.6,71.0,55.0,83.0,public,True,220.7,44.14,Fail
1433,male,group E,high school,standard,True,4.7,7.193586956521739,84.0,82.0,100.0,public,True,277.89358695652174,55.58,Pass
1434,female,group A,associate degree,standard,True,8.1,7.193586956521739,44.0,59.0,56.0,private,True,174.29358695652172,34.86,Fail
1435,female,group B,master degree,standard,False,13.7,7.1,73.0,88.0,61.0,private,True,242.8,48.56,Fail
1436,female,group B,high school,standard,False,7.0,6.9,83.0,76.0,61.0,public,True,233.9,46.78,Fail
1437,male,group B,some college,free/reduced,False,7.8,6.4,81.0,66.0,89.0,public,True,250.2,50.04,Pass
1438,female,group E,master degree,standard,True,6.4,7.8,63.0,71.0,72.0,public,True,220.2,44.04,Fail
1439,male,group A,high school,free/reduced,True,11.6,7.3,77.0,83.0,88.0,public,True,266.9,53.38,Pass
1440,male,group E,some college,standard,True,9.66265306122449,7.193586956521739,80.0,34.0,65.0,public,True,195.85624001774625,39.17,Fail
1441,male,group B,high school,standard,False,18.8,6.3,85.0,70.0,88.0,public,True,268.1,53.62,Pass
1442,female,group C,some college,free/reduced,False,15.9,7.193586956521739,70.0,71.13410138248848,72.0,public,True,236.22768833901023,47.25,Fail
1443,male,group C,high school,standard,False,23.5,6.5,76.0,75.0,72.0,private,True,253.0,50.6,Pass
1444,male,group E,master degree,free/reduced,False,4.0,4.9,78.0,62.0,73.0,public,False,221.9,44.38,Fail
1445,male,group A,some college,standard,True,9.66265306122449,7.9,55.0,70.0,80.0,private,True,222.5626530612245,44.51,Fail
1446,female,group C,bachelor degree,standard,True,7.3,6.4,100.0,83.0,74.0,international,True,270.7,54.14,Pass
1447,male,group C,high school,standard,False,9.2,7.193586956521739,64.0,82.0,77.0,public,True,239.39358695652174,47.88,Fail
1448,female,group B,some college,free/reduced,False,18.6,8.4,96.0,77.0,94.0,public,True,294.0,58.8,Pass
1449,female,group C,associate degree,standard,True,13.4,6.6,75.0,71.13410138248848,61.0,international,True,227.1341013824885,45.43,Fail
1450,female,group A,bachelor degree,free/reduced,True,12.4,7.4,59.0,84.0,65.0,public,False,227.8,45.56,Fail
1451,female,group C,bachelor degree,free/reduced,True,9.66265306122449,6.3,85.0,70.0,70.46045112781955,private,True,241.42310418904407,48.28,Fail
1452,male,group C,master degree,standard,True,12.3,7.2,67.0,70.0,72.0,public,True,228.5,45.7,Fail
1453,male,group A,some college,standard,False,3.0,7.193586956521739,70.0,81.0,92.0,public,True,253.19358695652176,50.64,Pass
1454,male,group B,high school,free/reduced,False,10.1,8.2,65.0,93.0,42.0,public,True,218.3,43.66,Fail
1455,female,group C,high school,free/reduced,True,5.6,7.3,75.0,62.0,70.0,public,True,219.9,43.98,Fail
1456,female,group C,some college,standard,False,15.3,5.9,75.0,64.0,70.46045112781955,public,True,230.66045112781956,46.13,Fail
1457,female,group D,some college,standard,True,8.4,4.7,47.0,66.0,63.0,private,True,189.1,37.82,Fail
1458,female,group C,high school,free/reduced,True,13.6,6.0,87.0,55.0,65.0,public,True,226.6,45.32,Fail
1459,male,group B,some college,free/reduced,False,12.8,7.6,72.0,71.13410138248848,95.0,public,True,258.5341013824885,51.71,Pass
1460,male,group D,associate degree,standard,False,9.5,7.193586956521739,70.0,66.0,59.0,international,True,211.69358695652176,42.34,Fail
1461,female,group B,bachelor degree,standard,True,3.4,7.6,81.0,78.0,72.0,public,True,242.0,48.4,Fail
1462,male,group E,master degree,free/reduced,True,9.0,9.8,51.0,77.0,53.0,public,True,199.8,39.96,Fail
1463,female,group D,associate degree,standard,True,11.9,7.7,51.0,69.0,54.0,public,True,193.6,38.72,Fail
1464,female,group A,associate degree,standard,True,9.2,8.7,82.0,71.0,67.0,public,True,237.9,47.58,Fail
1465,male,group E,high school,standard,True,12.4,5.5,56.0,60.0,70.0,public,False,203.9,40.78,Fail
1466,female,group A,high school,standard,True,16.1,7.193586956521739,81.0,83.0,67.0,public,True,254.29358695652172,50.86,Pass
1467,male,group B,high school,free/reduced,True,7.2,6.0,51.0,78.0,78.0,private,True,220.2,44.04,Fail
1468,male,group E,associate degree,standard,False,18.2,7.0,71.0,70.0,67.0,private,True,233.2,46.64,Fail
1469,female,group D,high school,free/reduced,True,12.5,6.1,77.0,74.0,65.0,public,True,234.6,46.92,Fail
1470,female,group B,associate degree,standard,False,7.3,5.5,73.0,45.0,62.0,private,False,192.8,38.56,Fail
1471,male,group E,associate degree,standard,True,0.8,6.6,100.0,78.0,70.46045112781955,public,False,255.86045112781954,51.17,Pass
1472,male,group D,some college,standard,False,4.1,6.5,68.0,67.0,72.0,public,True,217.6,43.52,Fail
1473,female,group B,master degree,standard,False,16.1,4.0,65.0,77.0,56.0,public,True,218.1,43.62,Fail
1474,female,group C,bachelor degree,free/reduced,True,9.66265306122449,4.9,100.0,69.0,62.0,private,True,245.5626530612245,49.11,Fail
1475,female,group C,some college,standard,True,10.4,7.193586956521739,73.0,49.0,74.0,public,True,213.59358695652173,42.72,Fail
1476,female,group B,master degree,free/reduced,False,16.8,8.6,100.0,87.0,66.0,public,True,278.4,55.68,Pass
1477,male,group B,bachelor degree,standard,True,9.66265306122449,7.1,42.0,60.0,69.0,public,True,187.76265306122448,37.55,Fail
1478,female,group B,bachelor degree,free/reduced,False,4.6,7.193586956521739,88.0,78.0,59.0,international,True,236.79358695652172,47.36,Fail
1479,male,group C,some college,standard,False,12.5,6.7,90.0,80.0,38.0,public,True,227.2,45.44,Fail
1480,male,group D,high school,standard,False,17.4,7.193586956521739,63.0,73.0,34.0,international,True,194.59358695652173,38.92,Fail
1481,female,group C,high school,standard,False,9.66265306122449,8.5,56.0,92.0,65.0,private,True,231.1626530612245,46.23,Fail
1482,male,group C,master degree,standard,False,10.0,8.0,99.0,63.0,70.0,private,True,250.0,50.0,Pass
1483,female,group A,master degree,standard,True,5.5,5.4,57.0,70.0,60.0,public,True,197.9,39.58,Fail
1484,male,group D,some college,standard,True,0.0,8.1,61.0,55.0,67.0,public,False,191.1,38.22,Fail
1485,male,group B,associate degree,free/reduced,False,1.2,7.8,71.0,100.0,94.0,public,True,274.0,54.8,Pass
1486,female,group A,bachelor degree,standard,True,20.3,8.5,63.0,61.0,58.0,public,True,210.8,42.16,Fail
1487,female,group C,associate degree,standard,False,9.66265306122449,5.0,27.0,54.0,80.0,public,True,175.6626530612245,35.13,Fail
1488,female,group E,associate degree,free/reduced,False,9.66265306122449,8.3,69.0,75.0,77.0,public,True,238.9626530612245,47.79,Fail
1489,male,group A,high school,standard,False,15.4,7.7,36.0,98.0,68.0,public,True,225.1,45.02,Fail
1490,female,group C,high school,free/reduced,True,16.9,9.7,76.0,71.13410138248848,70.46045112781955,public,True,244.19455251030803,48.84,Fail
1491,female,group C,associate degree,free/reduced,False,11.5,7.193586956521739,79.0,77.0,49.0,public,True,223.69358695652176,44.74,Fail
1492,female,group B,high school,standard,True,8.4,6.5,59.0,63.0,79.0,private,True,215.9,43.18,Fail
1493,female,group C,high school,standard,True,12.5,8.1,88.0,82.0,84.0,public,True,274.6,54.92,Pass
1494,male,group C,some college,free/reduced,True,16.5,7.3,76.0,86.0,59.0,public,True,244.8,48.96,Fail
1495,male,group C,high school,free/reduced,False,7.7,7.4,82.0,71.0,72.0,public,True,240.1,48.02,Fail
1496,female,group C,some college,free/reduced,True,9.66265306122449,8.3,69.0,96.0,67.0,public,True,249.9626530612245,49.99,Fail
1497,female,group B,some college,free/reduced,True,9.8,7.4,100.0,58.0,71.0,public,False,246.2,49.24,Fail
1498,male,group D,some college,free/reduced,False,20.7,6.6,56.0,65.0,84.0,private,True,232.3,46.46,Fail
1499,female,group C,bachelor degree,standard,False,4.6,9.6,76.0,74.0,72.0,international,True,236.2,47.24,Fail
1500,male,group E,high school,free/reduced,True,11.8,8.9,76.0,81.0,68.0,private,True,245.7,49.14,Fail
1501,male,group B,bachelor degree,free/reduced,False,7.0,5.4,63.0,69.0,43.0,public,True,187.4,37.48,Fail
1502,male,group B,associate degree,free/reduced,False,8.9,8.3,48.0,96.0,95.0,public,False,256.2,51.24,Pass
1503,male,group C,bachelor degree,free/reduced,True,9.3,8.2,56.0,73.0,82.0,public,False,228.5,45.7,Fail
1504,female,group C,associate degree,free/reduced,False,9.7,6.8,100.0,75.0,85.0,private,False,276.5,55.3,Pass
1505,female,group E,high school,free/reduced,False,3.3,8.4,76.0,71.13410138248848,100.0,private,True,258.8341013824885,51.77,Pass
1506,male,group E,high school,free/reduced,False,8.0,7.4,59.0,62.0,45.0,international,True,181.4,36.28,Fail
1507,male,group E,associate degree,free/reduced,False,4.4,8.3,63.0,46.0,89.0,international,True,210.7,42.14,Fail
1508,male,group B,some college,free/reduced,False,9.66265306122449,8.9,66.0,62.0,76.0,public,True,222.5626530612245,44.51,Fail
1509,male,group B,some college,standard,False,8.7,7.2,59.0,62.0,76.0,public,True,212.9,42.58,Fail
1510,male,group B,associate degree,standard,True,8.0,6.6,53.0,84.0,70.46045112781955,international,True,222.06045112781953,44.41,Fail
1511,female,group A,associate degree,free/reduced,True,9.8,6.6,79.0,86.0,73.0,public,True,254.4,50.88,Pass
1512,male,group B,bachelor degree,free/reduced,False,11.8,8.8,63.0,85.0,52.0,public,True,220.6,44.12,Fail
1513,male,group D,some college,free/reduced,True,6.8,7.0,98.0,67.0,63.0,public,True,241.8,48.36,Fail
1514,male,group C,high school,standard,True,10.1,7.5,65.0,64.0,47.0,public,True,193.6,38.72,Fail
1515,male,group D,bachelor degree,standard,False,9.66265306122449,7.3,86.0,68.0,80.0,public,True,250.9626530612245,50.19,Pass
1516,female,group B,some college,standard,True,19.3,7.193586956521739,71.0,57.0,70.46045112781955,public,True,224.95403808434128,44.99,Fail
1517,male,group E,high school,standard,False,11.9,10.0,45.0,71.13410138248848,80.0,public,True,218.03410138248847,43.61,Fail
1518,male,group B,some college,standard,False,16.3,6.3,46.0,53.0,55.0,public,True,176.6,35.32,Fail
1519,female,group A,associate degree,free/reduced,False,11.0,6.9,65.0,93.0,83.0,public,True,258.9,51.78,Pass
1520,male,group E,some college,standard,True,9.1,7.5,79.0,72.0,72.0,international,False,239.6,47.92,Fail
1521,female,group D,associate degree,standard,False,0.0,8.2,71.0,66.0,60.0,private,True,205.2,41.04,Fail
1522,male,group A,bachelor degree,free/reduced,False,12.0,6.5,74.0,79.0,68.0,public,True,239.5,47.9,Fail
1523,male,group E,master degree,free/reduced,True,19.9,7.4,68.0,54.0,58.0,public,True,207.3,41.46,Fail
1524,male,group B,high school,standard,True,9.66265306122449,6.5,83.0,62.0,68.0,public,True,229.1626530612245,45.83,Fail
1525,female,group C,some college,standard,True,12.3,7.3,100.0,48.0,53.0,public,True,220.6,44.12,Fail
1526,male,group B,high school,free/reduced,True,7.5,7.9,96.0,80.0,73.0,public,True,264.4,52.88,Pass
1527,female,group E,associate degree,standard,False,9.4,8.7,81.0,58.0,95.0,private,True,252.1,50.42,Pass
1528,female,group E,bachelor degree,standard,True,8.5,8.0,55.0,72.0,69.0,international,True,212.5,42.5,Fail
1529,male,group C,high school,free/reduced,True,8.5,7.193586956521739,79.0,75.0,70.46045112781955,public,True,240.15403808434132,48.03,Fail
1530,female,group D,high school,standard,True,10.6,8.8,52.0,54.0,58.0,public,True,183.4,36.68,Fail
1531,male,group C,high school,free/reduced,False,9.66265306122449,7.1,71.0,69.0,70.0,public,True,226.76265306122448,45.35,Fail
1532,female,group D,high school,free/reduced,True,0.0,7.7,79.0,50.0,70.46045112781955,public,True,207.16045112781956,41.43,Fail
1533,male,group D,associate degree,standard,True,7.2,7.7,43.0,95.0,77.0,private,True,229.9,45.98,Fail
1534,female,group D,some college,standard,True,14.4,6.0,60.0,58.0,70.46045112781955,public,True,208.86045112781954,41.77,Fail
1535,female,group B,high school,standard,False,0.5,5.0,95.0,85.0,70.0,public,True,255.5,51.1,Pass
1536,female,group C,bachelor degree,standard,False,12.2,7.8,61.0,60.0,71.0,public,True,212.0,42.4,Fail
1537,male,group E,bachelor degree,standard,False,10.5,5.9,59.0,52.0,76.0,public,True,203.4,40.68,Fail
1538,female,group E,associate degree,standard,True,7.9,5.6,61.0,71.13410138248848,79.0,public,True,224.6341013824885,44.93,Fail
1539,male,group C,high school,standard,False,16.7,7.5,66.0,66.0,56.0,private,False,212.2,42.44,Fail
1540,male,group D,associate degree,standard,True,9.0,8.3,82.0,63.0,40.0,international,True,202.3,40.46,Fail
1541,female,group D,high school,standard,False,16.3,7.8,97.0,77.0,61.0,public,True,259.1,51.82,Pass
1542,female,group C,high school,standard,True,12.3,8.0,51.0,84.0,64.0,private,True,219.3,43.86,Fail
1543,male,group C,bachelor degree,free/reduced,False,11.1,8.5,74.0,47.0,70.46045112781955,public,True,211.06045112781953,42.21,Fail
1544,female,group D,bachelor degree,standard,False,12.7,7.193586956521739,73.0,82.0,100.0,public,False,274.89358695652174,54.98,Pass
1545,male,group A,high school,standard,True,7.7,6.8,83.0,79.0,78.0,public,True,254.5,50.9,Pass
1546,female,group C,master degree,free/reduced,True,9.2,8.5,57.0,67.0,67.0,international,True,208.7,41.74,Fail
1547,female,group E,bachelor degree,standard,False,8.5,7.6,69.0,79.0,80.0,public,False,244.1,48.82,Fail
1548,female,group A,high school,standard,False,16.1,5.6,81.0,68.0,85.0,public,True,255.7,51.14,Pass
1549,female,group A,high school,free/reduced,True,12.6,6.0,51.0,64.0,74.0,public,True,207.6,41.52,Fail
1550,female,group D,high school,standard,False,13.7,8.3,95.0,82.0,63.0,international,False,262.0,52.4,Pass
1551,female,group B,some college,standard,False,15.7,7.4,56.0,77.0,64.0,international,True,220.1,44.02,Fail
1552,female,group A,high school,standard,True,4.8,7.193586956521739,43.0,72.0,64.0,public,True,190.99358695652174,38.2,Fail
1553,female,group E,some college,standard,False,16.0,10.0,99.0,70.0,62.0,public,False,257.0,51.4,Pass
1554,male,group D,associate degree,free/reduced,False,2.2,7.193586956521739,83.0,68.0,76.0,public,True,236.39358695652174,47.28,Fail
1555,female,group E,bachelor degree,standard,True,18.6,5.4,89.0,88.0,76.0,private,True,277.0,55.4,Pass
1556,female,group B,bachelor degree,standard,False,11.9,7.8,58.0,62.0,71.0,public,False,210.7,42.14,Fail
1557,male,group B,associate degree,standard,False,11.7,6.4,62.0,100.0,66.0,public,True,246.1,49.22,Fail
1558,female,group B,high school,standard,False,5.7,6.7,67.0,69.0,84.0,international,True,232.4,46.48,Fail
1559,male,group C,some college,standard,True,17.2,11.0,73.0,78.0,53.0,international,True,232.2,46.44,Fail
1560,male,group C,master degree,free/reduced,True,9.5,7.9,58.0,71.13410138248848,69.0,public,True,215.53410138248847,43.11,Fail
1561,female,group D,high school,free/reduced,True,7.4,6.6,95.0,71.13410138248848,78.0,international,True,258.1341013824885,51.63,Pass
1562,female,group C,associate degree,standard,True,12.9,8.6,65.0,78.0,59.0,public,True,223.5,44.7,Fail
1563,male,group C,bachelor degree,standard,True,8.2,7.2,85.0,56.0,56.0,public,True,212.4,42.48,Fail
1564,female,group B,high school,standard,True,18.0,8.4,57.0,68.0,76.0,public,True,227.4,45.48,Fail
1565,male,group C,associate degree,standard,False,7.1,6.4,64.0,49.0,77.0,private,True,203.5,40.7,Fail
1566,female,group D,high school,standard,True,5.6,7.9,69.0,76.0,71.0,public,True,229.5,45.9,Fail
1567,female,group D,bachelor degree,standard,True,8.5,8.5,70.0,61.0,84.0,public,True,232.0,46.4,Fail
1568,male,group C,high school,standard,False,5.8,7.6,81.0,95.0,62.0,private,True,251.4,50.28,Pass
1569,male,group A,bachelor degree,standard,True,16.6,7.4,53.0,73.0,61.0,public,True,211.0,42.2,Fail
1570,male,group C,high school,standard,True,3.8,7.193586956521739,70.0,51.0,78.0,public,True,209.99358695652174,42.0,Fail
1571,male,group A,some college,free/reduced,False,9.66265306122449,7.4,59.0,63.0,81.0,public,True,220.0626530612245,44.01,Fail
1572,male,group C,associate degree,standard,True,15.2,6.8,71.0,72.0,75.0,public,True,240.0,48.0,Fail
1573,male,group E,bachelor degree,standard,True,10.3,6.3,76.0,86.0,55.0,public,True,233.6,46.72,Fail
1574,female,group E,high school,standard,True,12.8,5.6,74.0,71.13410138248848,53.0,public,True,216.53410138248847,43.31,Fail
1575,male,group A,associate degree,standard,False,11.3,7.1,66.0,71.13410138248848,64.0,private,True,219.53410138248847,43.91,Fail
1576,male,group C,high school,free/reduced,True,8.2,8.1,85.0,74.0,69.0,private,True,244.3,48.86,Fail
1577,male,group A,high school,standard,True,13.3,7.8,77.0,84.0,80.0,public,True,262.1,52.42,Pass
1578,female,group C,bachelor degree,standard,False,9.66265306122449,5.6,54.0,91.0,84.0,public,False,244.26265306122448,48.85,Fail
1579,male,group D,associate degree,standard,False,9.3,5.7,68.0,56.0,52.0,international,False,191.0,38.2,Fail
1580,female,group D,bachelor degree,standard,False,0.4,5.9,65.0,50.0,75.0,public,True,196.3,39.26,Fail
1581,male,group A,high school,standard,False,7.2,6.8,70.0,46.0,65.0,public,False,195.0,39.0,Fail
1582,male,group B,high school,standard,False,8.4,7.6,86.0,68.0,70.46045112781955,public,True,240.46045112781957,48.09,Fail
1583,male,group D,high school,standard,False,13.8,6.7,83.0,71.13410138248848,69.0,public,True,243.6341013824885,48.73,Fail
1584,male,group C,some college,standard,False,20.2,8.8,58.0,66.0,44.0,international,False,197.0,39.4,Fail
1585,female,group B,associate degree,standard,False,6.4,8.6,61.0,82.0,42.0,international,True,200.0,40.0,Fail
1586,male,group D,some college,standard,True,7.9,7.8,77.0,67.0,93.0,private,True,252.7,50.54,Pass
1587,female,group D,associate degree,free/reduced,True,7.8,6.7,69.0,60.0,58.0,public,True,201.5,40.3,Fail
1588,female,group D,some college,standard,False,11.0,7.1,49.0,63.0,70.46045112781955,public,True,200.56045112781953,40.11,Fail
1589,male,group B,high school,standard,True,10.8,7.4,81.0,70.0,57.0,public,True,226.2,45.24,Fail
1590,female,group D,associate degree,free/reduced,False,9.66265306122449,6.6,75.0,66.0,51.0,public,True,208.26265306122448,41.65,Fail
1591,female,group C,bachelor degree,free/reduced,True,8.6,6.6,99.0,53.0,76.0,international,True,243.2,48.64,Fail
1592,male,group C,high school,standard,False,10.4,7.8,100.0,51.0,71.0,private,True,240.2,48.04,Fail
1593,female,group D,bachelor degree,standard,False,9.66265306122449,7.7,73.0,74.0,70.46045112781955,public,True,234.82310418904405,46.96,Fail
1594,female,group E,high school,standard,True,11.8,7.9,71.0,76.0,61.0,public,True,227.7,45.54,Fail
1595,female,group D,some college,standard,True,4.6,7.5,59.0,47.0,65.0,public,True,183.1,36.62,Fail
1596,female,group C,high school,standard,False,8.6,7.6,63.0,65.0,75.0,public,True,219.2,43.84,Fail
1597,male,group C,some college,free/reduced,False,13.4,6.5,42.0,52.0,61.0,international,True,174.9,34.98,Fail
1598,male,group A,high school,free/reduced,True,1.9,7.1,60.0,72.0,45.0,public,False,186.0,37.2,Fail
1599,female,group A,some college,standard,False,6.6,9.5,74.0,78.0,56.0,public,True,224.1,44.82,Fail
1600,male,group C,bachelor degree,free/reduced,False,0.0,7.0,77.0,97.0,75.0,public,True,256.0,51.2,Pass
1601,male,group B,high school,standard,False,8.5,6.1,36.0,94.0,71.0,international,True,215.6,43.12,Fail
1602,female,group C,master degree,standard,True,15.8,5.4,54.0,77.0,77.0,public,True,229.2,45.84,Fail
1603,male,group E,high school,free/reduced,False,17.2,7.4,83.0,85.0,56.0,public,True,248.6,49.72,Fail
1604,female,group D,high school,standard,False,10.5,7.9,53.0,71.13410138248848,77.0,public,True,219.53410138248847,43.91,Fail
1605,male,group B,associate degree,free/reduced,False,9.66265306122449,7.0,65.0,68.0,69.0,public,True,218.6626530612245,43.73,Fail
1606,female,group C,high school,standard,True,9.66265306122449,8.6,73.0,62.0,85.0,public,False,238.26265306122448,47.65,Fail
1607,male,group C,some college,standard,False,16.8,9.5,71.0,89.0,65.0,private,True,251.3,50.26,Pass
1608,female,group B,bachelor degree,standard,False,8.7,8.3,59.0,61.0,39.0,public,True,176.0,35.2,Fail
1609,male,group D,high school,standard,False,2.6,6.8,75.0,77.0,76.0,public,True,237.4,47.48,Fail
1610,female,group D,high school,standard,True,6.6,4.8,89.0,71.13410138248848,85.0,public,True,256.5341013824885,51.31,Pass
1611,male,group D,associate degree,standard,False,9.66265306122449,7.7,73.0,91.0,75.0,public,True,256.3626530612245,51.27,Pass
1612,male,group C,associate degree,standard,False,14.3,7.193586956521739,68.0,50.0,43.0,public,True,182.49358695652174,36.5,Fail
1613,male,group E,associate degree,standard,False,19.8,7.0,69.0,76.0,57.0,public,True,228.8,45.76,Fail
1614,female,group B,associate degree,standard,False,15.3,5.7,66.0,62.0,74.0,private,True,223.0,44.6,Fail
1615,female,group B,bachelor degree,standard,False,11.2,8.5,61.0,77.0,65.0,public,True,222.7,44.54,Fail
1616,male,group E,some college,standard,True,14.8,5.7,77.0,74.0,72.0,public,True,243.5,48.7,Fail
1617,male,group B,some college,free/reduced,False,7.8,6.3,45.0,59.0,77.0,international,True,195.1,39.02,Fail
1618,male,group E,some college,standard,True,9.66265306122449,7.5,80.0,58.0,72.0,private,True,227.1626530612245,45.43,Fail
1619,female,group A,high school,standard,True,11.1,5.9,79.0,67.0,54.0,public,True,217.0,43.4,Fail
1620,female,group A,master degree,free/reduced,False,12.4,7.9,96.0,74.0,85.0,public,False,275.3,55.06,Pass
1621,female,group C,associate degree,free/reduced,False,9.66265306122449,7.6,68.0,84.0,87.0,international,True,256.26265306122446,51.25,Pass
1622,male,group D,associate degree,standard,True,6.1,6.0,67.0,80.0,75.0,public,True,234.1,46.82,Fail
1623,female,group A,high school,free/reduced,False,8.3,7.1,66.0,59.0,51.0,public,False,191.4,38.28,Fail
1624,female,group E,high school,standard,False,13.7,7.1,64.0,55.0,78.0,public,True,217.8,43.56,Fail
1625,male,group C,associate degree,standard,True,13.6,8.5,65.0,45.0,53.0,public,False,185.1,37.02,Fail
1626,female,group E,bachelor degree,free/reduced,False,12.7,4.6,75.0,66.0,70.0,public,True,228.3,45.66,Fail
1627,male,group C,master degree,standard,True,17.5,8.1,91.0,67.0,64.0,private,True,247.6,49.52,Fail
1628,male,group C,bachelor degree,standard,False,9.9,9.8,72.0,75.0,60.0,public,True,226.7,45.34,Fail
1629,female,group C,bachelor degree,free/reduced,False,0.6,7.9,90.0,59.0,45.0,public,True,202.5,40.5,Fail
1630,male,group E,high school,standard,False,13.0,4.1,86.0,85.0,69.0,private,True,257.1,51.42,Pass
1631,male,group C,high school,standard,False,9.66265306122449,6.1,48.0,65.0,45.0,private,True,173.76265306122448,34.75,Fail
1632,male,group C,associate degree,standard,False,16.2,7.7,83.0,63.0,81.0,private,True,250.9,50.18,Pass
1633,male,group C,associate degree,free/reduced,True,9.7,8.0,57.0,65.0,77.0,public,False,216.7,43.34,Fail
1634,male,group C,master degree,standard,False,13.2,7.6,77.0,93.0,90.0,public,True,280.8,56.16,Pass
1635,female,group A,some college,standard,False,10.0,9.7,81.0,91.0,65.0,public,True,256.7,51.34,Pass
1636,female,group D,master degree,standard,False,10.3,7.3,92.0,67.0,84.0,public,True,260.6,52.12,Pass
1637,male,group A,high school,standard,False,11.7,7.9,66.0,71.13410138248848,73.0,public,True,229.73410138248846,45.95,Fail
1638,female,group B,bachelor degree,standard,False,9.66265306122449,7.7,50.0,57.0,74.0,public,True,198.36265306122448,39.67,Fail
1639,female,group D,bachelor degree,standard,False,5.4,10.8,67.0,71.13410138248848,90.0,public,True,244.33410138248848,48.87,Fail
1640,female,group E,some college,standard,False,8.8,7.4,63.0,81.0,61.0,public,True,221.2,44.24,Fail
1641,male,group E,high school,free/reduced,False,9.66265306122449,7.5,100.0,72.0,52.0,public,True,241.1626530612245,48.23,Fail
1642,female,group B,high school,free/reduced,False,10.9,8.1,82.0,83.0,48.0,private,True,232.0,46.4,Fail
1643,male,group B,master degree,standard,False,9.4,8.1,48.0,70.0,86.0,public,True,221.5,44.3,Fail
1644,male,group E,high school,standard,True,11.8,5.7,84.0,92.0,81.0,public,True,274.5,54.9,Pass
1645,male,group A,some college,free/reduced,True,6.8,7.193586956521739,77.0,73.0,50.0,international,True,213.99358695652174,42.8,Fail
1646,male,group A,bachelor degree,standard,True,11.9,7.8,58.0,90.0,83.0,public,True,250.7,50.14,Pass
1647,female,group E,some college,free/reduced,False,10.9,5.6,67.0,45.0,70.46045112781955,international,True,198.96045112781957,39.79,Fail
1648,male,group A,high school,standard,False,14.4,7.8,77.0,72.0,69.0,private,True,240.2,48.04,Fail
1649,male,group C,some college,free/reduced,False,9.0,6.8,58.0,42.0,70.46045112781955,public,True,186.26045112781955,37.25,Fail
1650,male,group C,bachelor degree,standard,True,9.8,7.3,83.0,71.0,51.0,public,True,222.1,44.42,Fail
1651,female,group C,associate degree,standard,False,7.9,5.0,70.0,71.13410138248848,74.0,public,True,228.03410138248847,45.61,Fail
1652,female,group C,some college,standard,False,7.8,7.2,58.0,84.0,62.0,private,True,219.0,43.8,Fail
1653,male,group D,some college,standard,True,10.4,7.193586956521739,77.0,53.0,58.0,private,True,205.59358695652173,41.12,Fail
1654,male,group C,some college,free/reduced,False,20.8,7.8,87.0,76.0,76.0,public,True,267.6,53.52,Pass
1655,female,group C,high school,free/reduced,True,5.8,7.9,92.0,45.0,57.0,private,True,207.7,41.54,Fail
1656,male,group B,associate degree,free/reduced,True,9.66265306122449,4.2,73.0,82.0,44.0,public,True,212.86265306122448,42.57,Fail
1657,male,group D,some college,standard,False,2.1,7.5,83.0,67.0,78.0,public,True,237.6,47.52,Fail
1658,male,group B,high school,free/reduced,True,9.66265306122449,8.0,85.0,80.0,73.0,public,True,255.6626530612245,51.13,Pass
1659,female,group E,some college,standard,False,4.2,5.7,53.0,71.13410138248848,59.0,public,True,193.03410138248847,38.61,Fail
1660,female,group B,bachelor degree,standard,False,14.3,7.5,33.0,58.0,60.0,private,True,172.8,34.56,Fail
1661,female,group E,some college,standard,True,13.8,6.5,46.0,67.0,57.0,public,True,190.3,38.06,Fail
1662,female,group B,master degree,free/reduced,True,13.6,5.9,62.0,72.0,42.0,international,True,195.5,39.1,Fail
1663,female,group E,some college,standard,True,6.6,5.8,75.0,53.0,75.0,private,False,215.4,43.08,Fail
1664,male,group C,some college,free/reduced,False,6.9,7.193586956521739,45.0,78.0,58.0,public,True,195.09358695652173,39.02,Fail
1665,male,group D,associate degree,free/reduced,False,3.5,10.7,51.0,87.0,63.0,private,True,215.2,43.04,Fail
1666,female,group C,bachelor degree,free/reduced,True,6.8,7.0,83.0,85.0,59.0,public,False,240.8,48.16,Fail
1667,male,group D,some college,standard,False,14.6,7.9,66.0,73.0,67.0,public,True,228.5,45.7,Fail
1668,male,group C,some college,standard,False,9.3,7.5,72.0,78.0,59.0,public,True,225.8,45.16,Fail
1669,male,group A,some college,standard,True,1.3,7.9,44.0,83.0,90.0,public,False,226.2,45.24,Fail
1670,female,group B,some college,standard,True,14.6,6.3,67.0,71.13410138248848,62.0,private,True,221.03410138248847,44.21,Fail
1671,male,group C,high school,standard,True,16.9,8.4,61.0,95.0,88.0,public,True,269.3,53.86,Pass
1672,female,group D,master degree,free/reduced,True,0.8,6.5,64.0,89.0,66.0,private,True,226.3,45.26,Fail
1673,male,group E,associate degree,free/reduced,False,4.1,7.193586956521739,81.0,76.0,94.0,public,True,262.2935869565217,52.46,Pass
1674,male,group D,some college,free/reduced,True,20.5,7.9,77.0,62.0,68.0,private,False,235.4,47.08,Fail
1675,female,group A,high school,free/reduced,False,6.7,7.6,51.0,64.0,68.0,public,True,197.3,39.46,Fail
1676,female,group C,high school,standard,True,5.2,6.5,92.0,60.0,58.0,public,True,221.7,44.34,Fail
1677,female,group D,associate degree,standard,True,20.9,6.9,67.0,72.0,70.46045112781955,public,True,237.26045112781958,47.45,Fail
1678,female,group C,associate degree,free/reduced,False,8.0,4.9,79.0,57.0,57.0,private,True,205.9,41.18,Fail
1679,female,group A,bachelor degree,standard,True,13.3,4.9,58.0,52.0,87.0,public,True,215.2,43.04,Fail
1680,female,group C,some college,free/reduced,False,7.6,8.6,61.0,79.0,73.0,international,True,229.2,45.84,Fail
1681,female,group E,some college,standard,False,3.5,8.5,54.0,84.0,95.0,public,True,245.0,49.0,Fail
1682,female,group C,high school,standard,True,9.2,9.3,80.0,82.0,71.0,public,True,251.5,50.3,Pass
1683,male,group C,associate degree,standard,False,10.4,6.9,72.0,64.0,89.0,public,False,242.3,48.46,Fail
1684,male,group E,bachelor degree,free/reduced,False,10.0,6.2,84.0,69.0,70.46045112781955,public,True,239.66045112781956,47.93,Fail
1685,male,group E,bachelor degree,standard,False,16.4,7.0,55.0,71.13410138248848,72.0,private,True,221.53410138248847,44.31,Fail
1686,male,group D,associate degree,standard,True,10.3,7.9,46.0,82.0,87.0,public,True,233.2,46.64,Fail
1687,female,group B,some college,standard,True,10.1,7.8,69.0,97.0,67.0,public,True,250.9,50.18,Pass
1688,female,group C,some college,standard,False,6.7,8.1,100.0,71.13410138248848,90.0,public,True,275.9341013824885,55.19,Pass
1689,male,group E,some college,standard,False,15.3,7.2,73.0,79.0,61.0,private,True,235.5,47.1,Fail
1690,male,group C,associate degree,free/reduced,True,17.2,8.1,87.0,62.0,60.0,private,False,234.3,46.86,Fail
1691,male,group B,some college,standard,False,15.0,7.4,75.0,86.0,47.0,international,False,230.4,46.08,Fail
1692,male,group C,high school,standard,True,0.0,7.8,93.0,70.0,56.0,private,True,226.8,45.36,Fail
1693,male,group B,high school,free/reduced,False,13.5,9.2,53.0,63.0,73.0,public,True,211.7,42.34,Fail
1694,male,group C,bachelor degree,standard,True,4.6,8.6,55.0,54.0,69.0,public,True,191.2,38.24,Fail
1695,male,group A,high school,standard,False,8.4,4.3,82.0,55.0,99.0,public,True,248.7,49.74,Fail
1696,female,group D,high school,free/reduced,True,5.1,7.193586956521739,94.0,88.0,62.0,public,True,256.2935869565217,51.26,Pass
1697,female,group A,some college,standard,True,13.3,6.6,45.0,89.0,77.0,international,True,230.9,46.18,Fail
1698,female,group C,bachelor degree,free/reduced,True,7.1,7.6,70.0,52.0,70.46045112781955,public,True,207.16045112781956,41.43,Fail
1699,female,group B,high school,free/reduced,False,5.8,5.7,80.0,66.0,67.0,public,False,224.5,44.9,Fail
1700,male,group E,high school,free/reduced,True,7.6,8.4,94.0,58.0,71.0,public,True,239.0,47.8,Fail
1701,female,group E,some college,free/reduced,False,12.4,7.9,79.0,65.0,69.0,public,True,233.3,46.66,Fail
1702,female,group C,associate degree,standard,True,5.6,7.3,55.0,62.0,61.0,private,True,190.9,38.18,Fail
1703,female,group A,high school,free/reduced,False,5.7,6.4,49.0,89.0,47.0,private,True,197.1,39.42,Fail
1704,male,group E,associate degree,standard,False,3.3,8.8,67.0,44.0,99.0,public,True,222.1,44.42,Fail
1705,female,group C,high school,standard,False,0.7,9.3,50.0,71.13410138248848,93.0,public,True,224.1341013824885,44.83,Fail
1706,female,group E,some college,free/reduced,False,6.4,5.4,66.0,66.0,67.0,public,True,210.8,42.16,Fail
1707,male,group D,associate degree,standard,True,14.4,5.7,53.0,79.0,70.46045112781955,private,True,222.56045112781953,44.51,Fail
1708,male,group D,high school,standard,False,11.1,6.5,84.0,67.0,74.0,public,True,242.6,48.52,Fail
1709,female,group C,master degree,free/reduced,False,9.0,6.9,63.0,74.0,74.0,private,False,226.9,45.38,Fail
1710,female,group B,high school,standard,False,17.9,8.2,66.0,67.0,46.0,public,True,205.1,41.02,Fail
1711,female,group E,associate degree,free/reduced,False,11.1,5.5,76.0,68.0,70.46045112781955,public,True,231.06045112781953,46.21,Fail
1712,male,group B,some college,standard,False,6.6,7.7,87.0,100.0,75.0,private,True,276.3,55.26,Pass
1713,male,group C,associate degree,standard,False,11.2,4.9,88.0,62.0,93.0,international,True,259.1,51.82,Pass
1714,male,group C,some college,standard,True,6.1,7.0,59.0,93.0,73.0,public,False,238.1,47.62,Fail
1715,male,group C,high school,free/reduced,True,4.8,7.5,75.0,84.0,71.0,public,True,242.3,48.46,Fail
1716,female,group B,high school,standard,False,12.0,7.3,82.0,54.0,70.0,public,True,225.3,45.06,Fail
1717,female,group B,master degree,standard,False,5.4,8.6,65.0,40.0,74.0,private,True,193.0,38.6,Fail
1718,male,group D,some college,free/reduced,False,5.9,8.2,62.0,70.0,71.0,international,False,217.1,43.42,Fail
1719,female,group D,bachelor degree,free/reduced,True,13.3,7.9,70.0,71.0,72.0,public,True,234.2,46.84,Fail
1720,male,group C,associate degree,standard,False,14.6,7.9,84.0,78.0,87.0,international,True,271.5,54.3,Pass
1721,female,group A,high school,standard,False,5.7,5.4,62.0,79.0,82.0,private,True,234.1,46.82,Fail
1722,female,group E,high school,free/reduced,False,12.6,9.3,84.0,71.13410138248848,53.0,public,True,230.03410138248847,46.01,Fail
1723,female,group D,bachelor degree,free/reduced,True,10.0,9.2,71.0,62.0,84.0,private,True,236.2,47.24,Fail
1724,female,group B,high school,standard,False,9.66265306122449,6.9,81.0,58.0,57.0,public,True,212.5626530612245,42.51,Fail
1725,female,group C,some college,standard,True,13.3,6.3,76.0,64.0,70.0,private,False,229.6,45.92,Fail
1726,male,group D,master degree,standard,False,8.3,7.9,56.0,48.0,89.0,public,False,209.2,41.84,Fail
1727,female,group B,high school,standard,False,8.4,6.5,72.0,70.0,59.0,public,True,215.9,43.18,Fail
1728,male,group B,some college,standard,False,4.2,6.9,73.0,63.0,73.0,international,True,220.1,44.02,Fail
1729,female,group C,some college,free/reduced,True,24.3,5.9,37.0,63.0,65.0,public,False,195.2,39.04,Fail
1730,female,group C,bachelor degree,standard,False,9.9,6.7,65.0,78.0,69.0,public,True,228.6,45.72,Fail
1731,female,group B,associate degree,free/reduced,False,4.9,7.3,76.0,67.0,57.0,public,True,212.2,42.44,Fail
1732,female,group D,high school,free/reduced,True,2.8,5.5,59.0,70.0,58.0,private,True,195.3,39.06,Fail
1733,male,group D,high school,standard,True,7.5,9.4,70.0,74.0,82.0,public,True,242.9,48.58,Fail
1734,male,group A,high school,standard,False,8.7,6.1,58.0,71.0,56.0,public,True,199.8,39.96,Fail
1735,female,group E,master degree,free/reduced,False,2.7,7.193586956521739,55.0,74.0,74.0,private,True,212.89358695652174,42.58,Fail
1736,male,group A,bachelor degree,free/reduced,False,8.7,7.3,70.0,71.13410138248848,50.0,public,True,207.1341013824885,41.43,Fail
1737,male,group E,associate degree,standard,True,8.9,7.4,97.0,69.0,82.0,private,True,264.3,52.86,Pass
1738,male,group A,high school,free/reduced,False,9.66265306122449,8.7,72.0,64.0,72.0,public,True,226.36265306122448,45.27,Fail
1739,female,group A,high school,standard,True,19.2,9.3,73.0,71.13410138248848,57.0,public,True,229.6341013824885,45.93,Fail
1740,female,group E,master degree,standard,False,13.6,6.4,56.0,72.0,96.0,public,True,244.0,48.8,Fail
1741,female,group B,bachelor degree,free/reduced,True,9.66265306122449,5.9,98.0,71.13410138248848,81.0,public,False,265.69675444371296,53.14,Pass
1742,female,group C,some college,free/reduced,False,9.66265306122449,7.0,61.0,64.0,96.0,public,True,237.6626530612245,47.53,Fail
1743,male,group E,associate degree,standard,False,9.1,10.5,94.0,78.0,63.0,public,True,254.6,50.92,Pass
1744,male,group B,associate degree,free/reduced,True,10.7,7.3,39.0,68.0,57.0,public,True,182.0,36.4,Fail
1745,male,group B,high school,free/reduced,False,6.2,8.1,71.0,73.0,67.0,public,True,225.3,45.06,Fail
1746,female,group E,high school,standard,True,12.3,6.9,56.0,75.0,81.0,private,True,231.2,46.24,Fail
1747,female,group E,high school,standard,True,12.0,8.8,85.0,62.0,71.0,public,True,238.8,47.76,Fail
1748,male,group C,bachelor degree,standard,True,6.7,6.1,67.0,70.0,76.0,private,True,225.8,45.16,Fail
1749,male,group B,bachelor degree,standard,False,0.4,6.1,67.0,67.0,78.0,public,True,218.5,43.7,Fail
1750,female,group C,some college,free/reduced,True,9.1,6.9,76.0,55.0,67.0,public,True,214.0,42.8,Fail
1751,male,group E,high school,standard,True,6.2,6.4,47.0,61.0,70.0,public,True,190.6,38.12,Fail
1752,female,group E,some college,free/reduced,True,4.4,7.8,63.0,69.0,54.0,private,False,198.2,39.64,Fail
1753,female,group B,associate degree,standard,True,2.3,5.1,100.0,65.0,69.0,public,True,241.4,48.28,Fail
1754,male,group C,bachelor degree,standard,False,9.66265306122449,7.5,57.0,74.0,67.0,international,True,215.1626530612245,43.03,Fail
1755,male,group A,associate degree,free/reduced,True,1.0,4.4,61.0,86.0,89.0,international,True,241.4,48.28,Fail
1756,female,group A,high school,standard,True,13.3,4.5,54.0,71.13410138248848,83.0,public,True,225.93410138248848,45.19,Fail
1757,female,group E,associate degree,standard,True,4.5,7.5,87.0,89.0,69.0,public,True,257.0,51.4,Pass
1758,male,group D,high school,free/reduced,True,13.4,6.8,61.0,86.0,70.46045112781955,public,False,237.66045112781956,47.53,Fail
1759,male,group E,high school,standard,False,11.1,6.9,36.0,80.0,75.0,international,True,209.0,41.8,Fail
1760,male,group C,associate degree,standard,True,16.4,8.2,69.0,71.13410138248848,81.0,public,True,245.73410138248846,49.15,Fail
1761,female,group C,some college,standard,True,9.1,7.4,58.0,69.0,69.0,public,True,212.5,42.5,Fail
1762,female,group C,bachelor degree,standard,True,8.1,6.2,75.0,60.0,71.0,public,False,220.3,44.06,Fail
1763,female,group C,master degree,standard,False,14.4,9.2,57.0,82.0,60.0,international,True,222.6,44.52,Fail
1764,male,group D,master degree,standard,False,7.2,5.7,54.0,72.0,39.0,public,True,177.9,35.58,Fail
1765,female,group E,associate degree,standard,False,14.6,7.1,72.0,75.0,85.0,public,False,253.7,50.74,Pass
1766,female,group B,master degree,free/reduced,True,3.8,5.7,99.0,83.0,66.0,public,False,257.5,51.5,Pass
1767,male,group C,high school,standard,True,10.7,6.6,87.0,86.0,79.0,public,True,269.3,53.86,Pass
1768,female,group B,some college,free/reduced,False,8.4,7.193586956521739,68.0,56.0,61.0,public,True,200.59358695652173,40.12,Fail
1769,male,group A,some college,standard,False,5.5,4.7,66.0,78.0,69.0,public,True,223.2,44.64,Fail
1770,male,group B,high school,standard,True,7.5,6.8,86.0,45.0,70.0,international,True,215.3,43.06,Fail
1771,male,group D,some college,standard,True,11.6,7.0,55.0,99.0,81.0,public,True,253.6,50.72,Pass
1772,female,group C,some college,standard,False,5.5,6.7,61.0,65.0,87.0,private,True,225.2,45.04,Fail
1773,female,group A,some college,standard,False,13.2,5.5,99.0,71.13410138248848,65.0,public,True,253.83410138248848,50.77,Pass
1774,male,group B,bachelor degree,standard,False,8.0,7.3,79.0,89.0,77.0,public,True,260.3,52.06,Pass
1775,female,group B,master degree,standard,False,9.8,7.193586956521739,60.0,67.0,92.0,public,True,235.99358695652174,47.2,Fail
1776,female,group D,high school,standard,False,3.7,7.193586956521739,48.0,77.0,76.0,public,True,211.89358695652174,42.38,Fail
1777,female,group B,associate degree,standard,True,12.9,8.0,44.0,78.0,51.0,public,True,193.9,38.78,Fail
1778,female,group C,associate degree,standard,False,6.5,7.1,83.0,72.0,55.0,international,True,223.6,44.72,Fail
1779,male,group B,some college,standard,True,3.3,6.9,74.0,64.0,83.0,public,True,231.2,46.24,Fail
1780,female,group E,bachelor degree,free/reduced,True,8.7,6.6,86.0,81.0,55.0,public,True,237.3,47.46,Fail
1781,male,group B,some college,standard,True,11.6,7.3,63.0,63.0,77.0,public,True,221.9,44.38,Fail
1782,male,group E,some college,standard,True,4.3,7.5,50.0,80.0,76.0,public,True,217.8,43.56,Fail
1783,female,group A,high school,standard,True,5.4,6.4,85.0,71.13410138248848,71.0,public,True,238.93410138248848,47.79,Fail
1784,male,group D,high school,standard,False,3.9,7.3,78.0,62.0,68.0,public,True,219.2,43.84,Fail
1785,female,group A,bachelor degree,standard,False,10.8,8.6,87.0,85.0,73.0,public,True,264.4,52.88,Pass
1786,female,group C,high school,free/reduced,True,16.7,7.3,87.0,51.0,71.0,public,True,233.0,46.6,Fail
1787,female,group A,high school,standard,False,11.6,9.3,60.0,77.0,59.0,private,True,216.9,43.38,Fail
1788,female,group C,bachelor degree,standard,True,9.66265306122449,7.4,30.0,71.13410138248848,52.0,public,True,170.19675444371296,34.04,Fail
1789,female,group E,high school,standard,True,4.9,7.6,55.0,89.0,77.0,public,True,233.5,46.7,Fail
1790,female,group B,bachelor degree,standard,True,9.66265306122449,7.3,64.0,64.0,90.0,public,True,234.9626530612245,46.99,Fail
1791,male,group C,high school,standard,True,4.1,4.4,70.0,82.0,82.0,public,True,242.5,48.5,Fail
1792,female,group D,high school,standard,True,0.4,6.6,58.0,69.0,57.0,public,False,191.0,38.2,Fail
1793,male,group D,master degree,standard,False,11.6,6.7,49.0,58.0,82.0,public,True,207.3,41.46,Fail
1794,female,group D,associate degree,free/reduced,False,6.4,7.2,74.0,72.0,81.0,public,True,240.6,48.12,Fail
1795,female,group B,high school,free/reduced,True,17.2,9.1,54.0,65.0,53.0,public,True,198.3,39.66,Fail
1796,female,group E,associate degree,standard,True,12.5,7.2,44.0,86.0,53.0,public,True,202.7,40.54,Fail
1797,female,group A,some college,standard,True,20.7,7.193586956521739,58.0,96.0,76.0,international,True,257.89358695652174,51.58,Pass
1798,female,group E,master degree,standard,False,1.6,7.3,87.0,62.0,50.0,public,True,207.9,41.58,Fail
1799,male,group A,bachelor degree,standard,False,7.8,6.7,83.0,66.0,57.0,private,True,220.5,44.1,Fail
1800,male,group D,bachelor degree,standard,False,12.1,6.9,78.0,70.0,52.0,public,True,219.0,43.8,Fail
1801,male,group C,some college,standard,False,9.1,5.8,55.0,50.0,68.0,private,True,187.9,37.58,Fail
1802,male,group E,high school,free/reduced,True,12.9,6.6,85.0,71.13410138248848,55.0,private,True,230.6341013824885,46.13,Fail
1803,female,group A,high school,standard,True,18.8,11.0,81.0,47.0,70.46045112781955,international,True,228.26045112781958,45.65,Fail
1804,male,group E,some college,free/reduced,False,5.0,5.2,77.0,66.0,60.0,public,True,213.2,42.64,Fail
1805,female,group D,some college,standard,False,8.1,6.3,67.0,57.0,65.0,public,True,203.4,40.68,Fail
1806,male,group E,high school,free/reduced,False,9.1,7.2,65.0,84.0,76.0,public,False,241.3,48.26,Fail
1807,male,group C,associate degree,standard,False,1.8,8.2,92.0,70.0,62.0,private,True,234.0,46.8,Fail
1808,male,group D,associate degree,free/reduced,False,21.1,6.8,60.0,67.0,92.0,public,True,246.9,49.38,Fail
1809,male,group C,high school,free/reduced,True,3.6,8.4,64.0,64.0,81.0,public,True,221.0,44.2,Fail
1810,male,group E,high school,free/reduced,True,12.6,6.0,60.0,82.0,64.0,public,True,224.6,44.92,Fail
1811,male,group D,high school,free/reduced,True,9.66265306122449,8.3,80.0,60.0,100.0,public,True,257.9626530612245,51.59,Pass
1812,male,group E,some college,free/reduced,False,9.8,7.3,66.0,72.0,79.0,public,True,234.1,46.82,Fail
1813,male,group C,some college,free/reduced,True,7.3,8.4,70.0,93.0,87.0,public,True,265.7,53.14,Pass
1814,male,group C,high school,standard,False,9.4,6.6,75.0,84.0,70.46045112781955,public,True,245.46045112781957,49.09,Fail
1815,male,group E,high school,free/reduced,True,13.6,6.8,57.0,100.0,74.0,public,True,251.4,50.28,Pass
1816,female,group E,master degree,standard,True,13.8,6.9,39.0,78.0,81.0,public,True,218.7,43.74,Fail
1817,male,group D,high school,standard,True,4.5,7.6,80.0,82.0,70.46045112781955,private,True,244.56045112781953,48.91,Fail
1818,male,group A,some college,free/reduced,True,5.7,6.7,100.0,70.0,100.0,public,True,282.4,56.48,Pass
1819,female,group C,bachelor degree,free/reduced,True,2.7,7.5,72.0,56.0,83.0,public,True,221.2,44.24,Fail
1820,male,group D,bachelor degree,standard,True,15.9,5.2,61.0,53.0,80.0,public,True,215.1,43.02,Fail
1821,female,group C,some college,free/reduced,False,11.8,6.9,75.0,71.0,62.0,public,True,226.7,45.34,Fail
1822,female,group C,some college,standard,False,2.4,7.7,53.0,82.0,63.0,public,False,208.1,41.62,Fail
1823,female,group C,some college,standard,False,9.3,4.3,57.0,60.0,63.0,private,True,193.6,38.72,Fail
1824,male,group C,high school,standard,True,11.8,7.6,56.0,68.0,70.46045112781955,private,True,213.86045112781954,42.77,Fail
1825,male,group B,some college,standard,False,8.0,7.3,80.0,77.0,51.0,private,True,223.3,44.66,Fail
1826,female,group A,high school,free/reduced,True,4.6,6.3,89.0,63.0,70.0,public,False,232.9,46.58,Fail
1827,female,group E,high school,free/reduced,True,9.0,7.5,40.0,97.0,87.0,public,True,240.5,48.1,Fail
1828,male,group D,bachelor degree,standard,False,9.6,7.6,50.0,89.0,67.0,public,True,223.2,44.64,Fail
1829,female,group E,some college,standard,False,12.4,8.7,99.0,73.0,70.46045112781955,public,True,263.56045112781953,52.71,Pass
1830,male,group C,bachelor degree,free/reduced,False,0.5,6.1,82.0,100.0,85.0,public,True,273.6,54.72,Pass
1831,male,group C,some college,standard,True,11.1,7.3,37.0,53.0,66.0,private,True,174.4,34.88,Fail
1832,female,group D,associate degree,standard,False,11.7,8.1,71.0,92.0,87.0,private,True,269.8,53.96,Pass
1833,female,group D,master degree,standard,False,11.0,9.4,63.0,62.0,78.0,public,True,223.4,44.68,Fail
1834,male,group C,some college,standard,False,3.6,6.2,96.0,68.0,61.0,private,True,234.8,46.96,Fail
1835,male,group B,high school,standard,False,7.4,7.7,71.0,60.0,83.0,private,True,229.1,45.82,Fail
1836,female,group C,master degree,standard,True,8.8,7.1,85.0,71.0,77.0,public,True,248.9,49.78,Fail
1837,male,group D,master degree,standard,False,7.3,7.8,58.0,73.0,84.0,public,True,230.1,46.02,Fail
1838,female,group E,some college,standard,False,9.2,7.8,82.0,71.0,82.0,public,True,252.0,50.4,Pass
1839,male,group C,bachelor degree,standard,True,9.4,7.9,70.0,64.0,62.0,public,True,213.3,42.66,Fail
1840,female,group C,associate degree,free/reduced,True,11.1,6.5,81.0,57.0,72.0,public,True,227.6,45.52,Fail
1841,male,group C,high school,standard,False,9.1,5.7,92.0,70.0,66.0,private,True,242.8,48.56,Fail
1842,female,group C,high school,free/reduced,False,16.4,6.1,82.0,56.0,70.0,public,True,230.5,46.1,Fail
1843,male,group E,associate degree,free/reduced,False,15.5,7.193586956521739,67.0,94.0,62.0,public,True,245.69358695652176,49.14,Fail
1844,male,group D,high school,free/reduced,False,15.3,5.5,71.0,72.0,68.0,public,True,231.8,46.36,Fail
1845,male,group C,high school,free/reduced,True,16.5,7.2,91.0,61.0,62.0,public,False,237.7,47.54,Fail
1846,female,group D,some college,free/reduced,True,18.1,7.2,54.0,76.0,56.0,public,True,211.3,42.26,Fail
1847,female,group A,some college,standard,True,16.1,5.9,77.0,66.0,67.0,public,True,232.0,46.4,Fail
1848,male,group A,bachelor degree,free/reduced,False,2.2,8.6,56.0,82.0,53.0,public,True,201.8,40.36,Fail
1849,male,group C,high school,standard,True,17.5,8.6,63.0,65.0,59.0,international,True,213.1,42.62,Fail
1850,female,group B,high school,free/reduced,True,2.2,6.3,75.0,89.0,59.0,private,True,231.5,46.3,Fail
1851,female,group B,some college,free/reduced,True,4.6,5.4,90.0,74.0,58.0,public,True,232.0,46.4,Fail
1852,male,group E,bachelor degree,standard,False,10.0,6.5,61.0,48.0,70.46045112781955,public,True,195.96045112781957,39.19,Fail
1853,female,group E,high school,standard,False,12.6,7.193586956521739,47.0,59.0,43.0,public,True,168.79358695652172,33.76,Fail
1854,male,group A,associate degree,standard,False,13.8,6.5,80.0,67.0,69.0,private,True,236.3,47.26,Fail
1855,male,group D,high school,standard,False,3.5,5.8,78.0,69.0,70.46045112781955,private,True,226.76045112781958,45.35,Fail
1856,female,group A,associate degree,standard,True,5.5,7.2,62.0,50.0,46.0,public,True,170.7,34.14,Fail
1857,male,group E,bachelor degree,standard,True,16.3,7.8,53.0,68.0,71.0,public,True,216.1,43.22,Fail
1858,male,group B,associate degree,free/reduced,False,18.2,7.6,58.0,83.0,47.0,public,False,213.8,42.76,Fail
1859,male,group B,some college,standard,False,18.3,6.0,61.0,75.0,29.0,public,True,189.3,37.86,Fail
1860,female,group D,high school,standard,False,5.6,6.6,73.0,84.0,50.0,public,True,219.2,43.84,Fail
1861,male,group B,bachelor degree,standard,False,10.9,5.9,84.0,56.0,76.0,public,False,232.8,46.56,Fail
1862,female,group B,master degree,standard,True,10.6,6.2,65.0,59.0,67.0,public,True,207.8,41.56,Fail
1863,female,group B,high school,standard,False,7.7,6.4,95.0,52.0,68.0,international,True,229.1,45.82,Fail
1864,male,group C,high school,standard,False,9.66265306122449,5.6,54.0,64.0,45.0,public,False,178.26265306122448,35.65,Fail
1865,female,group B,associate degree,standard,True,11.0,7.6,38.0,71.0,79.0,public,True,206.6,41.32,Fail
1866,male,group B,associate degree,standard,True,9.7,8.2,51.0,77.0,85.0,public,False,230.9,46.18,Fail
1867,female,group D,master degree,free/reduced,True,9.66265306122449,6.0,86.0,60.0,56.0,public,True,217.6626530612245,43.53,Fail
1868,female,group E,high school,standard,False,10.3,9.2,61.0,72.0,83.0,public,True,235.5,47.1,Fail
1869,male,group A,some college,standard,False,10.7,6.4,68.0,67.0,81.0,public,True,233.1,46.62,Fail
1870,male,group B,bachelor degree,free/reduced,False,8.8,6.8,86.0,84.0,75.0,international,True,260.6,52.12,Pass
1871,female,group C,master degree,free/reduced,True,0.7,8.0,38.0,49.0,61.0,international,True,156.7,31.34,Fail
1872,male,group D,associate degree,free/reduced,False,11.4,8.3,67.0,78.0,75.0,public,True,239.7,47.94,Fail
1873,female,group C,high school,standard,False,3.4,7.193586956521739,69.0,71.13410138248848,70.46045112781955,public,True,221.1881394668298,44.24,Fail
1874,male,group E,associate degree,standard,True,12.8,5.8,78.0,48.0,55.0,public,True,199.6,39.92,Fail
1875,female,group D,some college,standard,True,18.7,7.5,55.0,67.0,76.0,international,False,224.2,44.84,Fail
1876,female,group E,high school,standard,False,7.5,7.3,53.0,63.0,76.0,international,True,206.8,41.36,Fail
1877,male,group E,high school,standard,True,10.9,7.0,56.0,81.0,65.0,public,True,219.9,43.98,Fail
1878,male,group C,high school,standard,True,9.6,5.3,92.0,73.0,54.0,public,True,233.9,46.78,Fail
1879,female,group B,some college,free/reduced,False,7.8,6.2,52.0,98.0,70.46045112781955,private,True,234.46045112781957,46.89,Fail
1880,male,group B,some college,free/reduced,False,11.9,8.7,79.0,63.0,69.0,public,True,231.6,46.32,Fail
1881,female,group C,master degree,standard,True,17.8,7.193586956521739,77.0,64.0,71.0,private,True,236.99358695652174,47.4,Fail
1882,female,group B,high school,standard,False,9.66265306122449,9.6,65.0,45.0,60.0,private,True,189.26265306122448,37.85,Fail
1883,male,group A,high school,free/reduced,True,0.0,8.1,73.0,75.0,68.0,international,True,224.1,44.82,Fail
1884,female,group A,associate degree,standard,False,8.8,7.8,73.0,63.0,70.46045112781955,public,True,223.06045112781953,44.61,Fail
1885,female,group C,associate degree,standard,True,9.0,9.3,75.0,79.0,75.0,public,True,247.3,49.46,Fail
1886,female,group D,high school,standard,False,13.2,8.4,78.0,64.0,77.0,public,True,240.6,48.12,Fail
1887,female,group C,high school,standard,True,2.6,6.0,53.0,87.0,67.0,public,True,215.6,43.12,Fail
1888,male,group D,high school,standard,False,13.8,9.8,65.0,90.0,61.0,international,True,239.6,47.92,Fail
1889,male,group E,high school,free/reduced,True,14.2,6.5,58.0,93.0,63.0,public,True,234.7,46.94,Fail
1890,male,group D,high school,standard,False,7.3,7.4,39.0,58.0,84.0,public,True,195.7,39.14,Fail
1891,male,group B,high school,free/reduced,False,5.8,9.8,73.0,51.0,61.0,public,True,200.6,40.12,Fail
1892,male,group B,some college,standard,True,3.8,7.193586956521739,68.0,71.13410138248848,47.0,international,True,197.1276883390102,39.43,Fail
1893,male,group B,associate degree,standard,True,14.7,7.3,81.0,75.0,54.0,international,True,232.0,46.4,Fail
1894,male,group D,high school,standard,True,9.66265306122449,8.0,71.0,71.13410138248848,57.0,public,True,216.79675444371298,43.36,Fail
1895,female,group C,high school,standard,False,16.4,8.1,67.0,74.0,88.0,international,True,253.5,50.7,Pass
1896,female,group E,bachelor degree,free/reduced,True,4.1,8.7,51.0,86.0,52.0,public,True,201.8,40.36,Fail
1897,male,group D,bachelor degree,free/reduced,True,17.5,6.3,48.0,87.0,70.0,public,True,228.8,45.76,Fail
1898,female,group C,high school,standard,True,11.3,5.6,53.0,100.0,77.0,public,False,246.9,49.38,Fail
1899,female,group C,bachelor degree,standard,True,5.0,8.0,95.0,51.0,67.0,public,True,226.0,45.2,Fail
1900,female,group B,some college,standard,True,12.8,5.2,52.0,84.0,91.0,private,True,245.0,49.0,Fail
1901,female,group E,bachelor degree,standard,True,3.9,5.7,73.0,50.0,91.0,private,True,223.6,44.72,Fail
1902,female,group C,high school,standard,True,14.9,7.2,75.0,89.0,100.0,international,False,286.1,57.22,Pass
1903,female,group E,high school,free/reduced,True,10.0,7.193586956521739,86.0,82.0,70.46045112781955,public,False,255.65403808434132,51.13,Pass
1904,male,group B,some college,standard,True,12.6,6.0,59.0,72.0,94.0,public,True,243.6,48.72,Fail
1905,female,group D,high school,free/reduced,True,2.0,4.7,79.0,63.0,54.0,private,True,202.7,40.54,Fail
1906,male,group A,master degree,standard,False,8.8,8.1,79.0,99.0,83.0,public,True,277.9,55.58,Pass
1907,male,group A,master degree,free/reduced,False,8.7,7.5,91.0,75.0,61.0,public,True,243.2,48.64,Fail
1908,male,group D,bachelor degree,standard,True,8.6,5.5,68.0,98.0,80.0,public,True,260.1,52.02,Pass
1909,male,group E,bachelor degree,standard,False,19.3,7.193586956521739,56.0,100.0,90.0,public,True,272.49358695652177,54.5,Pass
1910,female,group B,master degree,standard,False,9.66265306122449,9.0,66.0,69.0,58.0,public,True,211.6626530612245,42.33,Fail
1911,female,group D,high school,standard,False,1.8,8.9,55.0,49.0,78.0,private,True,192.7,38.54,Fail
1912,male,group E,bachelor degree,standard,True,9.6,6.6,47.0,37.0,53.0,public,True,153.2,30.64,Fail
1913,male,group D,bachelor degree,standard,True,5.8,8.4,100.0,73.0,82.0,international,True,269.2,53.84,Pass
1914,female,group E,some college,free/reduced,False,16.4,6.5,68.0,74.0,49.0,public,True,213.9,42.78,Fail
1915,male,group C,associate degree,standard,False,9.66265306122449,8.4,91.0,68.0,73.0,private,True,250.0626530612245,50.01,Pass
1916,male,group B,bachelor degree,free/reduced,True,3.9,5.6,74.0,84.0,82.0,public,True,249.5,49.9,Fail
1917,female,group B,bachelor degree,standard,True,9.1,9.1,67.0,67.0,49.0,public,True,201.2,40.24,Fail
1918,female,group C,high school,standard,True,13.2,7.3,61.0,74.0,72.0,public,True,227.5,45.5,Fail
1919,female,group C,some college,free/reduced,False,9.66265306122449,6.9,77.0,77.0,77.0,international,True,247.5626530612245,49.51,Fail
1920,male,group C,high school,standard,False,15.3,7.193586956521739,100.0,79.0,82.0,public,True,283.49358695652177,56.7,Pass
1921,male,group D,bachelor degree,standard,False,9.66265306122449,7.193586956521739,70.0,67.0,73.0,public,True,226.85624001774625,45.37,Fail
1922,male,group C,master degree,standard,False,13.2,10.1,66.0,71.13410138248848,86.0,private,True,246.43410138248848,49.29,Fail
1923,female,group E,associate degree,standard,False,15.4,8.3,94.0,67.0,64.0,private,False,248.7,49.74,Fail
1924,male,group A,master degree,free/reduced,False,7.2,7.193586956521739,72.0,76.0,84.0,public,True,246.39358695652174,49.28,Fail
1925,female,group D,bachelor degree,standard,True,11.2,7.4,71.0,57.0,51.0,private,True,197.6,39.52,Fail
1926,male,group A,high school,standard,True,6.2,9.7,69.0,66.0,55.0,public,True,205.9,41.18,Fail
1927,male,group D,bachelor degree,standard,True,12.7,7.0,81.0,48.0,43.0,public,True,191.7,38.34,Fail
1928,female,group C,some college,free/reduced,False,4.2,5.8,52.0,79.0,51.0,public,True,192.0,38.4,Fail
1929,male,group B,high school,standard,False,10.2,7.7,51.0,76.0,81.0,public,True,225.9,45.18,Fail
1930,male,group B,high school,free/reduced,False,11.4,8.2,64.0,64.0,84.0,public,True,231.6,46.32,Fail
1931,female,group D,master degree,standard,False,3.6,6.7,74.0,71.13410138248848,44.0,public,True,199.43410138248848,39.89,Fail
1932,female,group C,some college,standard,False,13.1,7.9,44.0,78.0,62.0,public,True,205.0,41.0,Fail
1933,female,group A,high school,standard,False,0.0,7.3,70.0,33.0,59.0,public,True,169.3,33.86,Fail
1934,female,group A,high school,free/reduced,True,6.1,8.3,69.0,64.0,63.0,public,True,210.4,42.08,Fail
1935,male,group A,master degree,standard,False,6.5,9.2,68.0,85.0,73.0,private,True,241.7,48.34,Fail
1936,female,group C,high school,standard,True,13.6,8.3,72.0,100.0,73.0,public,True,266.9,53.38,Pass
1937,male,group C,high school,free/reduced,False,11.3,7.193586956521739,66.0,57.0,58.0,private,False,199.49358695652174,39.9,Fail
1938,female,group B,associate degree,free/reduced,False,8.9,7.8,88.0,66.0,69.0,public,True,239.7,47.94,Fail
1939,female,group E,bachelor degree,standard,True,0.0,6.1,44.0,80.0,72.0,public,True,202.1,40.42,Fail
1940,female,group E,high school,standard,True,9.66265306122449,7.1,83.0,50.0,92.0,private,True,241.76265306122448,48.35,Fail
1941,female,group C,some college,free/reduced,False,2.7,9.3,83.0,35.0,83.0,public,True,213.0,42.6,Fail
1942,male,group A,high school,free/reduced,False,9.66265306122449,6.3,68.0,63.0,68.0,international,False,214.9626530612245,42.99,Fail
1943,male,group B,high school,standard,True,6.3,5.9,85.0,76.0,53.0,public,True,226.2,45.24,Fail
1944,male,group A,high school,free/reduced,False,6.7,9.0,64.0,75.0,70.46045112781955,international,True,225.16045112781956,45.03,Fail
1945,female,group E,high school,standard,True,5.2,6.0,66.0,71.13410138248848,58.0,private,True,206.33410138248848,41.27,Fail
1946,male,group A,some college,standard,False,14.3,6.6,60.0,84.0,54.0,private,True,218.9,43.78,Fail
1947,female,group A,associate degree,free/reduced,True,13.6,6.7,77.0,48.0,69.0,public,True,214.3,42.86,Fail
1948,male,group E,some college,free/reduced,True,16.6,6.2,50.0,55.0,74.0,public,True,201.8,40.36,Fail
1949,female,group A,high school,standard,True,11.7,7.0,96.0,70.0,75.0,public,True,259.7,51.94,Pass
1950,male,group D,bachelor degree,free/reduced,False,14.7,6.7,96.0,93.0,65.0,private,True,275.4,55.08,Pass
1951,female,group E,high school,standard,False,8.2,4.8,71.0,49.0,89.0,public,True,222.0,44.4,Fail
1952,female,group B,some college,standard,False,3.8,9.3,89.0,75.0,84.0,public,True,261.1,52.22,Pass
1953,male,group C,associate degree,standard,False,6.5,8.5,70.0,47.0,83.0,public,True,215.0,43.0,Fail
1954,male,group C,bachelor degree,free/reduced,False,9.5,6.4,93.0,90.0,64.0,private,True,262.9,52.58,Pass
1955,female,group D,high school,standard,True,11.4,6.5,95.0,69.0,82.0,private,True,263.9,52.78,Pass
1956,male,group B,some college,standard,False,10.3,7.0,76.0,71.13410138248848,65.0,public,False,229.43410138248848,45.89,Fail
1957,female,group B,high school,standard,True,6.4,5.4,50.0,100.0,58.0,public,True,219.8,43.96,Fail
1958,female,group D,high school,standard,False,9.66265306122449,7.193586956521739,54.0,72.0,91.0,private,True,233.85624001774625,46.77,Fail
1959,male,group C,bachelor degree,standard,False,9.8,9.6,69.0,67.0,83.0,public,True,238.4,47.68,Fail
1960,female,group B,some college,standard,False,9.0,4.9,91.0,71.0,73.0,public,True,248.9,49.78,Fail
1961,female,group D,high school,standard,True,1.9,5.3,76.0,39.0,79.0,public,False,201.2,40.24,Fail
1962,female,group A,associate degree,standard,True,7.9,6.6,90.0,74.0,69.0,private,True,247.5,49.5,Fail
1963,male,group E,associate degree,free/reduced,True,13.7,6.6,69.0,56.0,70.0,private,True,215.3,43.06,Fail
1964,male,group B,associate degree,standard,False,9.0,7.9,72.0,71.13410138248848,49.0,public,True,209.03410138248847,41.81,Fail
1965,female,group C,high school,free/reduced,True,10.7,7.7,73.0,67.0,56.0,public,True,214.4,42.88,Fail
1966,female,group D,associate degree,free/reduced,False,13.3,6.0,50.0,69.0,87.0,public,True,225.3,45.06,Fail
1967,male,group E,high school,standard,False,17.9,9.4,100.0,63.0,67.0,international,True,257.3,51.46,Pass
1968,male,group E,some college,free/reduced,False,6.0,5.3,96.0,48.0,89.0,public,True,244.3,48.86,Fail
1969,female,group A,bachelor degree,free/reduced,False,7.9,7.193586956521739,85.0,80.0,87.0,public,True,267.09358695652173,53.42,Pass
1970,male,group D,master degree,free/reduced,False,17.1,8.3,71.0,57.0,80.0,public,True,233.4,46.68,Fail
1971,male,group D,high school,standard,True,0.0,7.0,63.0,61.0,72.0,public,True,203.0,40.6,Fail
1972,female,group C,high school,standard,True,0.0,7.4,84.0,91.0,84.0,private,False,266.4,53.28,Pass
1973,female,group D,some college,free/reduced,True,10.5,5.5,69.0,96.0,88.0,public,True,269.0,53.8,Pass
1974,male,group A,some college,standard,True,4.6,4.4,62.0,96.0,72.0,private,True,239.0,47.8,Fail
1975,male,group C,some college,standard,True,9.0,5.1,62.0,100.0,65.0,public,True,241.1,48.22,Fail
1976,male,group C,bachelor degree,standard,False,0.0,7.1,69.0,86.0,42.0,public,False,204.1,40.82,Fail
1977,male,group C,master degree,standard,True,20.6,7.0,79.0,60.0,71.0,private,False,237.6,47.52,Fail
1978,male,group C,bachelor degree,standard,True,6.2,7.1,73.0,91.0,86.0,public,True,263.3,52.66,Pass
1979,female,group B,bachelor degree,free/reduced,False,1.8,9.2,67.0,88.0,82.0,private,True,248.0,49.6,Fail
1980,female,group E,some college,standard,True,11.5,7.1,48.0,55.0,58.0,international,True,179.6,35.92,Fail
1981,male,group B,bachelor degree,standard,False,12.8,6.5,71.0,60.0,61.0,public,True,211.3,42.26,Fail
1982,male,group C,master degree,standard,True,7.3,8.2,92.0,62.0,70.0,public,True,239.5,47.9,Fail
1983,male,group E,bachelor degree,free/reduced,True,17.1,10.6,70.0,80.0,86.0,international,True,263.7,52.74,Pass
1984,male,group B,high school,free/reduced,False,9.66265306122449,9.4,38.0,65.0,58.0,public,True,180.0626530612245,36.01,Fail
1985,female,group E,associate degree,standard,False,6.1,7.193586956521739,62.0,62.0,75.0,public,False,212.29358695652172,42.46,Fail
1986,female,group B,high school,standard,True,10.6,7.6,73.0,76.0,67.0,public,True,234.2,46.84,Fail
1987,female,group D,associate degree,standard,False,8.1,6.3,83.0,78.0,62.0,private,True,237.4,47.48,Fail
1988,male,group C,some college,free/reduced,False,12.8,7.193586956521739,67.0,54.0,52.0,public,True,192.99358695652174,38.6,Fail
1989,female,group A,high school,standard,False,1.4,7.4,54.0,62.0,58.0,public,True,182.8,36.56,Fail
1990,female,group E,some college,standard,True,11.8,7.3,57.0,50.0,45.0,international,True,171.1,34.22,Fail
1991,female,group D,master degree,standard,False,13.4,7.7,53.0,61.0,84.0,public,True,219.1,43.82,Fail
1992,male,group C,some college,standard,False,11.6,6.8,67.0,90.0,68.0,public,True,243.4,48.68,Fail
1993,male,group E,some college,free/reduced,False,6.8,7.8,88.0,80.0,67.0,private,True,249.6,49.92,Fail
1994,male,group A,high school,standard,True,13.2,5.3,36.0,78.0,64.0,private,False,196.5,39.3,Fail
1995,female,group C,bachelor degree,free/reduced,True,4.7,4.6,72.0,40.0,67.0,public,True,188.3,37.66,Fail
1996,male,group B,high school,standard,False,7.5,6.2,75.0,71.13410138248848,65.0,public,True,224.83410138248848,44.97,Fail
1997,female,group D,associate degree,standard,False,10.3,8.2,48.0,81.0,66.0,public,False,213.5,42.7,Fail
1998,male,group E,master degree,free/reduced,True,12.3,5.7,89.0,65.0,88.0,public,True,260.0,52.0,Pass
1999,male,group A,high school,standard,True,7.3,8.4,65.0,66.0,80.0,private,False,226.7,45.34,Fail
2000,female,group E,bachelor degree,standard,False,12.8,7.193586956521739,66.0,62.0,51.0,public,True,198.99358695652174,39.8,Fail
2001,female,group C,associate degree,free/reduced,False,4.3,7.193586956521739,79.0,74.0,70.46045112781955,international,True,234.95403808434128,46.99,Fail
2002,female,group E,high school,standard,False,4.4,7.4,49.0,60.0,59.0,public,True,179.8,35.96,Fail
2003,male,group B,high school,standard,False,9.66265306122449,8.5,74.0,84.0,83.0,private,True,259.1626530612245,51.83,Pass
2004,male,group C,associate degree,standard,False,12.6,5.4,58.0,85.0,83.0,public,True,244.0,48.8,Fail
2005,female,group C,some college,free/reduced,True,14.0,7.193586956521739,66.0,77.0,57.0,international,True,221.19358695652176,44.24,Fail
2006,female,group D,master degree,standard,False,11.5,6.7,53.0,58.0,54.0,public,True,183.2,36.64,Fail
2007,male,group A,high school,standard,False,6.3,7.193586956521739,45.0,98.0,83.0,public,True,239.49358695652174,47.9,Fail
2008,male,group C,bachelor degree,standard,False,15.0,6.2,63.0,71.0,81.0,international,True,236.2,47.24,Fail
2009,male,group E,master degree,standard,False,10.6,7.4,67.0,74.0,50.0,public,True,209.0,41.8,Fail
2010,female,group C,bachelor degree,free/reduced,False,10.9,6.6,78.0,74.0,54.0,public,True,223.5,44.7,Fail
2011,male,group E,associate degree,standard,True,5.8,6.8,80.0,81.0,89.0,private,True,262.6,52.52,Pass
2012,female,group E,some college,free/reduced,True,7.9,5.7,73.0,100.0,73.0,public,True,259.6,51.92,Pass
2013,female,group D,bachelor degree,standard,True,7.8,8.3,68.0,70.0,86.0,public,True,240.1,48.02,Fail
2014,female,group A,high school,standard,True,9.66265306122449,7.0,53.0,80.0,60.0,private,False,209.6626530612245,41.93,Fail
2015,female,group B,some college,standard,False,5.0,6.1,62.0,81.0,71.0,public,True,225.1,45.02,Fail
2016,male,group D,bachelor degree,free/reduced,True,11.8,7.0,62.0,62.0,56.0,public,True,198.8,39.76,Fail
2017,male,group B,some college,standard,False,0.2,5.8,78.0,79.0,100.0,private,True,263.0,52.6,Pass
2018,female,group C,associate degree,standard,False,10.4,9.6,83.0,84.0,73.0,private,True,260.0,52.0,Pass
2019,male,group E,high school,standard,True,6.1,8.1,71.0,69.0,61.0,public,True,215.2,43.04,Fail
2020,female,group C,master degree,standard,False,10.7,8.5,70.0,79.0,70.0,private,True,238.2,47.64,Fail
2021,male,group B,associate degree,free/reduced,True,6.4,7.7,63.0,55.0,96.0,public,True,228.1,45.62,Fail
2022,female,group C,high school,standard,False,10.2,6.6,91.0,68.0,100.0,private,True,275.8,55.16,Pass
2023,male,group C,bachelor degree,standard,True,9.9,7.4,75.0,71.0,83.0,public,True,246.3,49.26,Fail
2024,female,group B,high school,standard,True,8.8,4.3,84.0,63.0,75.0,public,True,235.1,47.02,Fail
2025,female,group B,associate degree,standard,True,5.8,7.2,99.0,77.0,76.0,public,True,265.0,53.0,Pass
2026,female,group D,some college,standard,True,7.0,7.193586956521739,85.0,50.0,87.0,public,True,236.19358695652176,47.24,Fail
2027,male,group A,associate degree,standard,True,9.66265306122449,6.4,65.0,74.0,85.0,public,True,240.0626530612245,48.01,Fail
2028,male,group C,high school,free/reduced,False,5.7,7.0,72.0,77.0,77.0,private,False,238.7,47.74,Fail
2029,female,group A,associate degree,standard,True,17.8,7.0,52.0,56.0,74.0,public,True,206.8,41.36,Fail
2030,male,group D,some college,free/reduced,True,6.4,9.2,69.0,71.13410138248848,67.0,public,False,222.73410138248846,44.55,Fail
2031,female,group E,some college,free/reduced,False,9.66265306122449,8.7,40.0,94.0,88.0,public,True,240.36265306122448,48.07,Fail
2032,female,group C,high school,standard,True,0.0,7.193586956521739,92.0,59.0,71.0,public,True,229.19358695652176,45.84,Fail
2033,male,group D,high school,standard,True,9.8,7.8,69.0,77.0,90.0,public,True,253.6,50.72,Pass
2034,male,group B,bachelor degree,standard,False,11.7,8.1,41.0,79.0,49.0,public,True,188.8,37.76,Fail
2035,male,group D,associate degree,standard,True,6.0,6.4,75.0,88.0,59.0,public,True,234.4,46.88,Fail
2036,female,group B,associate degree,standard,True,14.6,8.5,59.0,68.0,81.0,private,True,231.1,46.22,Fail
2037,female,group B,bachelor degree,free/reduced,True,6.5,8.0,82.0,85.0,42.0,public,True,223.5,44.7,Fail
2038,female,group B,associate degree,free/reduced,False,9.0,6.8,63.0,71.0,87.0,public,True,236.8,47.36,Fail
2039,male,group C,bachelor degree,free/reduced,True,0.9,6.3,59.0,67.0,100.0,public,True,233.2,46.64,Fail
2040,female,group C,bachelor degree,standard,False,5.2,7.7,77.0,74.0,74.0,international,True,237.9,47.58,Fail
2041,female,group B,master degree,standard,False,6.1,7.3,84.0,70.0,58.0,private,True,225.4,45.08,Fail
2042,male,group C,bachelor degree,standard,False,1.7,7.3,97.0,75.0,62.0,public,True,243.0,48.6,Fail
2043,male,group B,some college,free/reduced,False,9.66265306122449,6.5,82.0,83.0,84.0,private,True,265.1626530612245,53.03,Pass
2044,female,group E,associate degree,standard,False,11.7,8.7,48.0,76.0,51.0,private,True,195.4,39.08,Fail
2045,female,group C,some college,standard,True,8.4,7.8,69.0,44.0,75.0,public,True,204.2,40.84,Fail
2046,female,group C,some college,free/reduced,False,11.7,8.1,92.0,53.0,66.0,public,True,230.8,46.16,Fail
2047,female,group B,high school,free/reduced,False,1.9,5.1,71.0,84.0,100.0,international,True,262.0,52.4,Pass
2048,female,group D,master degree,free/reduced,False,15.9,9.1,70.0,86.0,59.0,public,True,240.0,48.0,Fail
2049,female,group E,some college,standard,False,4.7,7.0,67.0,66.0,83.0,public,False,227.7,45.54,Fail
2050,female,group E,high school,standard,False,5.1,6.4,88.0,71.13410138248848,83.0,public,True,253.6341013824885,50.73,Pass
2051,male,group B,some college,standard,False,12.3,6.0,68.0,61.0,77.0,public,True,224.3,44.86,Fail
2052,female,group D,high school,standard,True,25.4,8.7,66.0,87.0,59.0,public,True,246.1,49.22,Fail
2053,male,group D,bachelor degree,standard,True,9.66265306122449,5.8,53.0,63.0,69.0,public,True,200.4626530612245,40.09,Fail
2054,female,group A,high school,free/reduced,False,7.7,7.1,61.0,37.0,88.0,international,True,200.8,40.16,Fail
2055,male,group A,master degree,free/reduced,False,12.8,8.4,47.0,71.13410138248848,76.0,private,True,215.33410138248848,43.07,Fail
2056,male,group C,some college,standard,False,7.1,8.3,90.0,92.0,71.0,international,True,268.4,53.68,Pass
2057,female,group D,bachelor degree,standard,True,6.5,8.9,68.0,100.0,72.0,public,True,255.4,51.08,Pass
2058,female,group B,some college,free/reduced,True,8.8,8.3,64.0,59.0,52.0,public,True,192.1,38.42,Fail
2059,female,group D,high school,free/reduced,False,8.1,7.8,72.0,55.0,54.0,international,True,196.9,39.38,Fail
2060,female,group B,bachelor degree,standard,False,8.8,7.6,63.0,46.0,74.0,private,True,199.4,39.88,Fail
2061,female,group D,high school,free/reduced,False,11.9,8.0,81.0,59.0,81.0,private,True,240.9,48.18,Fail
2062,female,group C,high school,free/reduced,False,10.9,8.0,58.0,94.0,78.0,public,True,248.9,49.78,Fail
2063,male,group B,bachelor degree,standard,False,4.0,7.8,70.0,33.0,44.0,public,True,158.8,31.76,Fail
2064,female,group E,some college,standard,False,11.5,9.1,71.0,95.0,74.0,public,True,260.6,52.12,Pass
2065,female,group A,some college,free/reduced,False,7.7,7.2,90.0,91.0,70.46045112781955,public,False,266.36045112781954,53.27,Pass
2066,female,group A,high school,standard,False,5.8,9.2,45.0,47.0,88.0,private,True,195.0,39.0,Fail
2067,female,group B,some college,standard,False,10.3,5.8,51.0,47.0,58.0,public,True,172.1,34.42,Fail
2068,female,group E,some college,free/reduced,True,9.66265306122449,7.193586956521739,65.0,33.0,70.46045112781955,private,True,185.31669114556578,37.06,Fail
2069,male,group B,high school,free/reduced,False,9.66265306122449,6.1,85.0,81.0,83.0,international,True,264.76265306122446,52.95,Pass
2070,female,group C,associate degree,standard,True,9.9,8.2,59.0,83.0,67.0,public,True,227.1,45.42,Fail
2071,female,group A,some college,standard,False,9.66265306122449,6.7,64.0,62.0,78.0,public,True,220.36265306122448,44.07,Fail
2072,female,group C,associate degree,standard,True,10.7,6.8,79.0,75.0,64.0,public,True,235.5,47.1,Fail
2073,male,group D,high school,free/reduced,False,13.1,6.7,70.0,65.0,70.46045112781955,private,True,225.26045112781958,45.05,Fail
2074,female,group B,associate degree,standard,True,8.2,6.3,59.0,81.0,71.0,public,True,225.5,45.1,Fail
2075,male,group D,associate degree,free/reduced,False,5.0,5.3,74.0,74.0,63.0,public,True,221.3,44.26,Fail
2076,male,group A,some college,free/reduced,False,3.6,5.8,100.0,82.0,59.0,public,True,250.4,50.08,Pass
2077,female,group C,high school,standard,True,13.4,5.1,68.0,60.0,76.0,international,True,222.5,44.5,Fail
2078,male,group E,bachelor degree,standard,False,4.4,5.6,87.0,80.0,88.0,public,True,265.0,53.0,Pass
2079,male,group C,some college,free/reduced,True,5.0,6.5,75.0,73.0,60.0,public,True,219.5,43.9,Fail
2080,male,group C,some college,standard,False,9.5,8.8,39.0,82.0,86.0,public,True,225.3,45.06,Fail
2081,female,group C,bachelor degree,standard,False,2.7,6.2,70.0,93.0,57.0,international,False,228.9,45.78,Fail
2082,female,group D,associate degree,standard,False,6.9,6.7,59.0,94.0,66.0,public,True,232.6,46.52,Fail
2083,male,group C,master degree,standard,False,3.3,9.1,79.0,61.0,69.0,public,True,221.4,44.28,Fail
2084,male,group B,master degree,standard,False,9.9,9.2,64.0,99.0,94.0,public,True,276.1,55.22,Pass
2085,female,group C,high school,standard,True,9.3,6.5,69.0,69.0,61.0,public,True,214.8,42.96,Fail
2086,female,group D,master degree,standard,False,13.9,7.3,59.0,61.0,63.0,private,True,204.2,40.84,Fail
2087,male,group C,bachelor degree,free/reduced,False,16.0,7.1,78.0,66.0,59.0,public,True,226.1,45.22,Fail
2088,female,group A,associate degree,free/reduced,True,8.8,6.4,83.0,69.0,66.0,public,True,233.2,46.64,Fail
2089,male,group D,high school,free/reduced,False,7.9,7.2,54.0,71.13410138248848,79.0,public,True,219.23410138248846,43.85,Fail
2090,female,group C,some college,free/reduced,False,2.5,5.2,67.0,71.0,71.0,international,True,216.7,43.34,Fail
2091,male,group A,bachelor degree,standard,True,4.8,7.3,66.0,54.0,68.0,private,True,200.1,40.02,Fail
2092,male,group E,high school,free/reduced,False,9.66265306122449,7.3,74.0,55.0,62.0,public,True,207.9626530612245,41.59,Fail
2093,male,group E,bachelor degree,free/reduced,False,0.0,6.8,80.0,65.0,71.0,public,True,222.8,44.56,Fail
2094,male,group C,high school,free/reduced,False,11.0,6.9,57.0,72.0,83.0,public,True,229.9,45.98,Fail
2095,female,group A,associate degree,standard,False,13.1,7.2,64.0,71.13410138248848,65.0,private,True,220.43410138248848,44.09,Fail
2096,male,group A,associate degree,free/reduced,True,5.3,9.5,37.0,57.0,69.0,public,True,177.8,35.56,Fail
2097,female,group C,bachelor degree,standard,True,2.9,6.8,77.0,54.0,67.0,public,True,207.7,41.54,Fail
2098,female,group D,associate degree,free/reduced,True,8.5,7.7,51.0,73.0,70.0,international,True,210.2,42.04,Fail
2099,female,group A,bachelor degree,standard,True,3.6,6.4,60.0,93.0,82.0,private,True,245.0,49.0,Fail
2100,female,group E,high school,free/reduced,False,6.1,6.5,41.0,71.13410138248848,87.0,public,True,211.7341013824885,42.35,Fail
2101,female,group C,high school,free/reduced,True,12.1,5.2,64.0,83.0,53.0,private,True,217.3,43.46,Fail
2102,male,group E,bachelor degree,standard,True,6.2,9.3,52.0,90.0,71.0,public,True,228.5,45.7,Fail
2103,male,group E,master degree,standard,True,6.0,8.5,50.0,83.0,70.46045112781955,public,True,217.96045112781957,43.59,Fail
2104,female,group C,bachelor degree,standard,True,9.66265306122449,7.1,74.0,93.0,100.0,private,True,283.76265306122446,56.75,Pass
2105,female,group B,some college,standard,True,11.8,6.9,83.0,72.0,55.0,public,True,228.7,45.74,Fail
2106,female,group A,some college,free/reduced,False,2.8,6.3,62.0,67.0,70.46045112781955,public,True,208.56045112781953,41.71,Fail
2107,female,group D,high school,standard,False,13.2,5.9,85.0,82.0,81.0,public,True,267.1,53.42,Pass
2108,male,group C,high school,free/reduced,False,11.1,7.9,62.0,69.0,73.0,international,True,223.0,44.6,Fail
2109,female,group D,associate degree,standard,False,9.66265306122449,8.7,62.0,74.0,46.0,public,True,200.36265306122448,40.07,Fail
2110,female,group D,high school,standard,True,8.8,7.193586956521739,58.0,82.0,72.0,public,True,227.99358695652174,45.6,Fail
2111,female,group E,some college,standard,False,4.4,7.7,65.0,79.0,70.46045112781955,public,True,226.56045112781953,45.31,Fail
2112,female,group A,associate degree,standard,True,7.9,5.8,69.0,83.0,81.0,private,True,246.7,49.34,Fail
2113,male,group B,some college,standard,False,8.7,7.6,69.0,83.0,74.0,public,True,242.3,48.46,Fail
2114,female,group D,some college,free/reduced,True,13.7,7.193586956521739,63.0,79.0,62.0,international,True,224.89358695652174,44.98,Fail
2115,female,group E,master degree,free/reduced,True,4.7,7.193586956521739,68.0,58.0,70.46045112781955,public,False,208.3540380843413,41.67,Fail
2116,female,group A,high school,free/reduced,False,9.66265306122449,7.193586956521739,46.0,71.0,70.0,private,True,203.85624001774625,40.77,Fail
2117,male,group E,bachelor degree,standard,False,11.7,6.3,54.0,86.0,70.0,public,True,228.0,45.6,Fail
2118,male,group B,some college,standard,True,9.66265306122449,6.6,68.0,50.0,61.0,public,True,195.26265306122448,39.05,Fail
2119,female,group A,high school,standard,True,1.9,6.9,63.0,72.0,80.0,public,True,223.8,44.76,Fail
2120,female,group D,bachelor degree,standard,False,3.7,8.6,60.0,100.0,75.0,public,False,247.3,49.46,Fail
2121,male,group B,bachelor degree,free/reduced,True,9.4,7.193586956521739,43.0,100.0,80.0,public,True,239.59358695652173,47.92,Fail
2122,female,group E,master degree,standard,True,5.7,5.3,74.0,70.0,57.0,public,True,212.0,42.4,Fail
2123,female,group E,high school,free/reduced,True,21.2,8.0,81.0,74.0,53.0,public,True,237.2,47.44,Fail
2124,male,group C,some college,standard,False,19.1,6.8,44.0,75.0,69.0,public,True,213.9,42.78,Fail
2125,male,group B,bachelor degree,standard,False,14.6,7.1,85.0,63.0,56.0,public,True,225.7,45.14,Fail
2126,male,group B,bachelor degree,free/reduced,True,13.9,7.7,62.0,72.0,53.0,private,True,208.6,41.72,Fail
2127,male,group E,bachelor degree,free/reduced,True,12.1,8.1,73.0,59.0,63.0,public,True,215.2,43.04,Fail
2128,male,group C,associate degree,standard,False,10.1,7.193586956521739,73.0,77.0,75.0,international,True,242.29358695652172,48.46,Fail
2129,male,group C,some college,standard,False,9.66265306122449,8.0,61.0,71.13410138248848,77.0,public,True,226.79675444371298,45.36,Fail
2130,male,group D,bachelor degree,standard,True,4.3,7.193586956521739,81.0,100.0,70.46045112781955,public,True,262.9540380843413,52.59,Pass
2131,male,group E,some college,standard,False,12.4,6.0,45.0,91.0,88.0,public,False,242.4,48.48,Fail
2132,male,group A,high school,standard,True,10.7,7.193586956521739,67.0,71.13410138248848,75.0,public,True,231.02768833901024,46.21,Fail
2133,male,group C,high school,standard,True,10.4,7.9,72.0,60.0,79.0,private,True,229.3,45.86,Fail
2134,female,group C,some college,standard,True,3.7,7.1,57.0,53.0,53.0,public,True,173.8,34.76,Fail
2135,male,group E,associate degree,free/reduced,True,13.8,7.2,63.0,57.0,82.0,private,True,223.0,44.6,Fail
2136,female,group A,master degree,standard,False,15.8,7.2,77.0,86.0,76.0,public,True,262.0,52.4,Pass
2137,male,group A,some college,standard,True,16.8,7.7,65.0,52.0,70.46045112781955,international,True,211.96045112781957,42.39,Fail
2138,female,group C,bachelor degree,free/reduced,True,12.3,7.0,54.0,58.0,66.0,public,True,197.3,39.46,Fail
2139,female,group C,high school,standard,True,9.66265306122449,9.0,82.0,76.0,78.0,public,True,254.6626530612245,50.93,Pass
2140,male,group B,master degree,free/reduced,False,11.5,7.193586956521739,97.0,72.0,57.0,private,False,244.69358695652176,48.94,Fail
2141,female,group D,master degree,standard,True,5.1,7.193586956521739,27.0,59.0,56.0,international,True,154.29358695652172,30.86,Fail
2142,female,group B,high school,standard,True,8.3,8.8,40.0,65.0,25.0,private,True,147.1,29.42,Fail
2143,male,group C,some college,standard,True,7.3,6.8,100.0,87.0,76.0,public,True,277.1,55.42,Pass
2144,female,group B,associate degree,standard,True,5.1,6.1,83.0,88.0,66.0,private,True,248.2,49.64,Fail
2145,male,group E,some college,free/reduced,False,15.3,5.4,46.0,71.13410138248848,63.0,private,True,200.83410138248848,40.17,Fail
2146,female,group A,bachelor degree,free/reduced,False,20.6,6.4,60.0,100.0,87.0,public,True,274.0,54.8,Pass
2147,male,group A,high school,standard,False,3.7,7.8,58.0,70.0,43.0,public,True,182.5,36.5,Fail
2148,male,group C,associate degree,free/reduced,False,9.66265306122449,8.4,53.0,74.0,91.0,private,True,236.0626530612245,47.21,Fail
2149,female,group B,associate degree,standard,False,7.8,10.0,86.0,64.0,86.0,public,True,253.8,50.76,Pass
2150,male,group C,associate degree,free/reduced,False,2.5,9.1,81.0,93.0,75.0,public,True,260.6,52.12,Pass
2151,male,group D,bachelor degree,free/reduced,False,10.3,5.9,75.0,59.0,58.0,public,True,208.2,41.64,Fail
2152,female,group A,bachelor degree,free/reduced,True,9.66265306122449,7.193586956521739,80.0,78.0,69.0,public,True,243.85624001774625,48.77,Fail
2153,male,group C,bachelor degree,standard,False,2.8,7.6,86.0,56.0,69.0,public,False,221.4,44.28,Fail
2154,male,group D,master degree,standard,True,9.7,6.3,78.0,82.0,61.0,public,True,237.0,47.4,Fail
2155,male,group C,some college,standard,True,12.4,4.1,70.0,63.0,75.0,private,True,224.5,44.9,Fail
2156,female,group B,some college,standard,False,0.0,8.2,77.0,71.13410138248848,71.0,public,True,227.33410138248848,45.47,Fail
2157,female,group C,associate degree,standard,True,7.0,6.1,47.0,59.0,81.0,public,True,200.1,40.02,Fail
2158,male,group A,master degree,free/reduced,False,9.66265306122449,5.9,64.0,48.0,66.0,private,False,193.5626530612245,38.71,Fail
2159,female,group D,some college,standard,False,13.4,7.193586956521739,49.0,62.0,57.0,international,True,188.59358695652173,37.72,Fail
2160,female,group C,master degree,standard,False,5.7,8.0,70.0,70.0,34.0,public,True,187.7,37.54,Fail
2161,female,group C,master degree,free/reduced,False,0.8,5.7,76.0,64.0,42.0,public,True,188.5,37.7,Fail
2162,male,group D,bachelor degree,free/reduced,False,11.0,5.8,76.0,61.0,82.0,international,True,235.8,47.16,Fail
2163,male,group D,associate degree,standard,False,14.5,6.4,47.0,91.0,68.0,private,False,226.9,45.38,Fail
2164,female,group D,high school,standard,True,11.1,6.5,56.0,97.0,82.0,international,True,252.6,50.52,Pass
2165,female,group C,associate degree,standard,False,1.7,7.7,77.0,80.0,68.0,private,True,234.4,46.88,Fail
2166,male,group B,bachelor degree,standard,False,5.8,9.0,92.0,86.0,63.0,private,True,255.8,51.16,Pass
2167,male,group C,bachelor degree,standard,False,10.8,7.4,56.0,89.0,83.0,public,True,246.2,49.24,Fail
2168,female,group D,associate degree,standard,False,7.5,8.4,96.0,73.0,79.0,public,False,263.9,52.78,Pass
2169,male,group E,master degree,free/reduced,False,1.6,6.5,82.0,71.0,68.0,public,True,229.1,45.82,Fail
2170,male,group B,associate degree,standard,True,7.9,4.3,79.0,80.0,82.0,public,True,253.2,50.64,Pass
2171,male,group B,high school,free/reduced,False,7.7,6.9,42.0,83.0,83.0,public,True,222.6,44.52,Fail
2172,male,group B,high school,free/reduced,True,18.4,4.9,82.0,71.0,52.0,public,True,228.3,45.66,Fail
2173,female,group B,high school,standard,True,6.1,8.3,55.0,62.0,60.0,private,True,191.4,38.28,Fail
2174,male,group E,bachelor degree,standard,False,15.4,8.9,83.0,69.0,61.0,public,True,237.3,47.46,Fail
2175,female,group A,high school,standard,True,4.5,8.3,57.0,74.0,60.0,international,True,203.8,40.76,Fail
2176,female,group E,some college,standard,True,12.9,8.3,83.0,53.0,84.0,public,True,241.2,48.24,Fail
2177,female,group C,associate degree,standard,True,3.7,6.6,59.0,71.13410138248848,51.0,private,True,191.43410138248848,38.29,Fail
2178,female,group D,high school,free/reduced,True,9.66265306122449,6.7,80.0,71.0,74.0,public,True,241.36265306122448,48.27,Fail
2179,female,group D,some college,standard,True,10.9,4.4,60.0,74.0,58.0,public,True,207.3,41.46,Fail
2180,female,group C,high school,free/reduced,False,10.9,7.7,27.0,79.0,100.0,private,True,224.6,44.92,Fail
2181,female,group C,high school,standard,True,11.1,7.2,69.0,99.0,72.0,public,True,258.3,51.66,Pass
2182,female,group A,high school,standard,False,12.9,7.193586956521739,64.0,71.13410138248848,57.0,private,True,212.22768833901023,42.45,Fail
2183,female,group C,some college,standard,True,14.7,9.8,36.0,60.0,50.0,public,True,170.5,34.1,Fail
2184,female,group E,high school,standard,True,8.4,6.3,65.0,68.0,77.0,public,True,224.7,44.94,Fail
2185,male,group A,master degree,standard,True,6.9,10.1,68.0,71.0,64.0,public,True,220.0,44.0,Fail
2186,male,group A,some college,standard,False,16.3,5.7,64.0,75.0,62.0,private,True,223.0,44.6,Fail
2187,female,group A,high school,standard,False,5.8,8.5,92.0,67.0,70.0,private,True,243.3,48.66,Fail
2188,female,group D,bachelor degree,free/reduced,True,3.3,7.4,59.0,73.0,99.0,public,True,241.7,48.34,Fail
2189,male,group D,high school,free/reduced,True,0.0,5.8,59.0,73.0,63.0,public,True,200.8,40.16,Fail
2190,male,group C,high school,standard,False,11.2,8.7,57.0,80.0,74.0,public,True,230.9,46.18,Fail
2191,female,group C,bachelor degree,standard,True,17.0,7.9,83.0,100.0,68.0,public,True,275.9,55.18,Pass
2192,female,group B,high school,free/reduced,False,7.9,5.9,61.0,76.0,92.0,public,True,242.8,48.56,Fail
2193,male,group B,bachelor degree,standard,False,9.66265306122449,8.3,82.0,74.0,51.0,public,True,224.9626530612245,44.99,Fail
2194,male,group E,high school,free/reduced,False,9.5,10.0,65.0,73.0,56.0,private,True,213.5,42.7,Fail
2195,male,group D,some college,standard,False,9.66265306122449,7.193586956521739,74.0,71.13410138248848,57.0,private,True,218.9903414002347,43.8,Fail
2196,male,group C,some college,standard,False,9.66265306122449,8.2,78.0,72.0,70.46045112781955,public,True,238.32310418904405,47.66,Fail
2197,female,group A,associate degree,standard,True,13.6,5.7,81.0,72.0,69.0,public,True,241.3,48.26,Fail
2198,female,group E,bachelor degree,free/reduced,True,15.0,5.6,76.0,59.0,61.0,public,True,216.6,43.32,Fail
2199,male,group E,high school,standard,False,9.66265306122449,5.6,83.0,67.0,68.0,private,True,233.26265306122448,46.65,Fail
2200,male,group B,bachelor degree,standard,False,4.3,7.193586956521739,63.0,88.0,79.0,private,True,241.49358695652174,48.3,Fail
2201,male,group D,some college,standard,True,13.3,8.2,43.0,84.0,62.0,public,True,210.5,42.1,Fail
2202,male,group D,high school,standard,True,13.4,7.9,69.0,73.0,69.0,public,True,232.3,46.46,Fail
2203,female,group C,some college,free/reduced,False,6.1,6.2,54.0,56.0,100.0,public,True,222.3,44.46,Fail
2204,female,group B,high school,free/reduced,False,3.6,7.0,84.0,70.0,66.0,public,True,230.6,46.12,Fail
2205,male,group C,master degree,standard,True,20.2,7.193586956521739,63.0,57.0,70.46045112781955,international,True,217.8540380843413,43.57,Fail
2206,female,group B,bachelor degree,standard,False,14.3,7.7,50.0,87.0,69.0,public,True,228.0,45.6,Fail
2207,female,group A,high school,free/reduced,True,3.0,6.7,52.0,92.0,74.0,international,True,227.7,45.54,Fail
2208,female,group C,bachelor degree,standard,True,11.7,5.3,89.0,71.13410138248848,75.0,public,True,252.1341013824885,50.43,Pass
2209,female,group D,high school,free/reduced,False,9.66265306122449,8.1,89.0,71.0,100.0,public,True,277.76265306122446,55.55,Pass
2210,female,group C,high school,standard,True,7.8,6.5,62.0,66.0,69.0,public,True,211.3,42.26,Fail
2211,male,group C,master degree,free/reduced,False,1.1,7.8,79.0,63.0,43.0,public,True,193.9,38.78,Fail
2212,male,group A,bachelor degree,free/reduced,False,11.1,9.4,71.0,60.0,70.46045112781955,public,True,221.96045112781957,44.39,Fail
2213,male,group C,associate degree,standard,False,8.6,5.1,49.0,72.0,59.0,private,True,193.7,38.74,Fail
2214,female,group D,master degree,standard,False,11.4,6.7,67.0,71.13410138248848,80.0,public,True,236.23410138248846,47.25,Fail
2215,female,group B,some college,standard,True,7.2,6.8,71.0,71.13410138248848,76.0,private,True,232.1341013824885,46.43,Fail
2216,female,group B,associate degree,free/reduced,False,10.7,8.9,75.0,86.0,81.0,public,True,261.6,52.32,Pass
2217,female,group C,some college,standard,False,9.66265306122449,6.7,52.0,77.0,77.0,public,True,222.36265306122448,44.47,Fail
2218,female,group E,high school,standard,False,11.7,6.5,65.0,69.0,74.0,public,True,226.2,45.24,Fail
2219,female,group C,high school,free/reduced,False,6.3,8.2,75.0,77.0,82.0,international,True,248.5,49.7,Fail
2220,male,group B,some college,free/reduced,False,14.6,7.193586956521739,97.0,87.0,68.0,private,True,273.7935869565217,54.76,Pass
2221,female,group D,associate degree,standard,True,20.9,7.0,55.0,61.0,90.0,public,True,233.9,46.78,Fail
2222,male,group C,high school,standard,True,1.9,9.2,63.0,100.0,62.0,public,True,236.1,47.22,Fail
2223,female,group D,high school,standard,False,3.9,8.8,89.0,45.0,49.0,public,False,195.7,39.14,Fail
2224,female,group B,high school,free/reduced,True,5.6,7.1,62.0,59.0,65.0,public,True,198.7,39.74,Fail
2225,male,group B,some college,standard,True,14.9,6.3,71.0,79.0,91.0,private,True,262.2,52.44,Pass
2226,male,group C,associate degree,free/reduced,False,1.7,7.4,95.0,74.0,61.0,public,True,239.1,47.82,Fail
2227,male,group B,high school,standard,False,9.66265306122449,7.4,77.0,71.13410138248848,84.0,public,True,249.19675444371296,49.84,Fail
2228,male,group B,some college,free/reduced,False,2.9,7.9,70.0,87.0,73.0,public,True,240.8,48.16,Fail
2229,female,group E,associate degree,standard,True,15.9,6.4,60.0,64.0,59.0,public,True,205.3,41.06,Fail
2230,female,group E,high school,standard,False,13.5,5.1,58.0,69.0,62.0,public,True,207.6,41.52,Fail
2231,female,group C,high school,standard,True,17.0,8.2,100.0,62.0,54.0,public,True,241.2,48.24,Fail
2232,male,group C,associate degree,free/reduced,False,9.66265306122449,6.1,87.0,63.0,74.0,public,True,239.76265306122448,47.95,Fail
2233,male,group C,some college,standard,False,21.3,4.8,56.0,61.0,70.0,public,True,213.1,42.62,Fail
2234,male,group A,master degree,standard,False,13.9,6.7,76.0,56.0,79.0,public,True,231.6,46.32,Fail
2235,male,group C,high school,standard,True,1.6,8.6,82.0,54.0,86.0,private,True,232.2,46.44,Fail
2236,male,group D,high school,free/reduced,False,6.1,7.6,65.0,71.0,56.0,public,True,205.7,41.14,Fail
2237,male,group B,master degree,free/reduced,True,16.1,6.6,76.0,66.0,52.0,private,True,216.7,43.34,Fail
2238,female,group E,master degree,standard,True,8.1,9.5,58.0,71.0,70.46045112781955,public,True,217.06045112781953,43.41,Fail
2239,male,group B,bachelor degree,standard,False,9.5,5.8,83.0,56.0,49.0,private,False,203.3,40.66,Fail
2240,male,group B,high school,standard,True,13.6,7.9,56.0,82.0,96.0,public,True,255.5,51.1,Pass
2241,female,group A,high school,standard,False,16.2,8.2,64.0,43.0,56.0,public,True,187.4,37.48,Fail
2242,male,group E,associate degree,standard,True,7.2,5.9,63.0,49.0,71.0,public,True,196.1,39.22,Fail
2243,female,group A,associate degree,standard,True,8.8,8.6,60.0,74.0,77.0,public,True,228.4,45.68,Fail
2244,female,group E,high school,standard,True,11.1,5.6,63.0,83.0,52.0,public,True,214.7,42.94,Fail
2245,female,group E,bachelor degree,standard,True,16.7,7.9,74.0,56.0,63.0,public,True,217.6,43.52,Fail
2246,male,group E,bachelor degree,standard,True,5.5,8.0,78.0,79.0,86.0,public,True,256.5,51.3,Pass
2247,male,group B,master degree,free/reduced,False,6.8,10.0,56.0,53.0,85.0,public,True,210.8,42.16,Fail
2248,male,group D,high school,standard,True,3.8,7.2,70.0,45.0,53.0,public,True,179.0,35.8,Fail
2249,male,group D,some college,standard,False,4.9,5.6,83.0,93.0,70.0,public,True,256.5,51.3,Pass
2250,female,group E,some college,standard,False,8.2,7.0,65.0,49.0,63.0,public,True,192.2,38.44,Fail
2251,female,group E,associate degree,standard,False,4.8,5.7,75.0,68.0,72.0,public,False,225.5,45.1,Fail
2252,female,group D,high school,free/reduced,False,11.0,7.2,80.0,73.0,68.0,public,True,239.2,47.84,Fail
2253,male,group B,bachelor degree,free/reduced,False,13.9,6.6,71.0,46.0,81.0,private,True,218.5,43.7,Fail
2254,male,group B,bachelor degree,standard,False,16.2,6.0,72.0,62.0,59.0,private,False,215.2,43.04,Fail
2255,female,group E,some college,standard,False,22.1,8.8,87.0,85.0,78.0,public,True,280.9,56.18,Pass
2256,male,group A,high school,standard,False,5.0,8.2,79.0,65.0,87.0,public,True,244.2,48.84,Fail
2257,male,group D,associate degree,standard,False,6.1,8.4,72.0,71.13410138248848,51.0,public,True,208.6341013824885,41.73,Fail
2258,male,group E,some college,standard,True,10.9,6.6,89.0,78.0,68.0,private,True,252.5,50.5,Pass
2259,female,group E,bachelor degree,standard,True,9.6,7.6,66.0,65.0,97.0,public,True,245.2,49.04,Fail
2260,male,group E,high school,free/reduced,False,12.2,7.3,81.0,83.0,70.0,public,True,253.5,50.7,Pass
2261,male,group C,high school,standard,True,13.7,6.2,67.0,65.0,73.0,public,True,224.9,44.98,Fail
2262,female,group D,some college,standard,True,4.8,8.0,63.0,71.13410138248848,77.0,international,True,223.93410138248848,44.79,Fail
2263,male,group C,bachelor degree,standard,False,0.0,10.4,94.0,67.0,81.0,private,True,252.4,50.48,Pass
2264,female,group C,bachelor degree,standard,True,5.4,7.0,49.0,91.0,62.0,public,True,214.4,42.88,Fail
2265,male,group A,high school,free/reduced,False,9.4,5.7,69.0,65.0,74.0,public,False,223.1,44.62,Fail
2266,male,group A,some college,standard,False,14.2,7.7,74.0,55.0,71.0,private,True,221.9,44.38,Fail
2267,female,group B,high school,standard,False,6.6,7.193586956521739,61.0,81.0,68.0,public,True,223.79358695652172,44.76,Fail
2268,female,group E,high school,standard,False,9.66265306122449,7.2,69.0,71.0,96.0,public,True,252.86265306122448,50.57,Pass
2269,female,group E,high school,free/reduced,True,13.9,7.5,55.0,74.0,59.0,international,False,209.4,41.88,Fail
2270,male,group A,bachelor degree,standard,True,9.66265306122449,7.8,70.0,76.0,44.0,public,True,207.4626530612245,41.49,Fail
2271,male,group D,high school,standard,False,14.1,7.193586956521739,52.0,54.0,83.0,international,False,210.29358695652172,42.06,Fail
2272,female,group C,associate degree,standard,False,6.3,6.0,64.0,86.0,49.0,public,True,211.3,42.26,Fail
2273,female,group C,associate degree,standard,True,12.7,7.193586956521739,100.0,60.0,71.0,private,True,250.89358695652174,50.18,Pass
2274,female,group C,high school,standard,False,7.1,7.0,86.0,78.0,79.0,public,True,257.1,51.42,Pass
2275,female,group A,associate degree,standard,True,14.2,7.2,59.0,98.0,61.0,public,False,239.4,47.88,Fail
2276,male,group B,high school,free/reduced,False,8.5,8.3,65.0,69.0,75.0,public,False,225.8,45.16,Fail
2277,male,group B,high school,standard,True,2.3,4.9,53.0,60.0,74.0,public,True,194.2,38.84,Fail
2278,male,group E,some college,free/reduced,True,8.4,6.8,69.0,69.0,50.0,public,True,203.2,40.64,Fail
2279,male,group A,master degree,free/reduced,True,15.6,8.7,62.0,58.0,42.0,public,True,186.3,37.26,Fail
2280,female,group D,bachelor degree,standard,False,12.6,7.4,61.0,95.0,79.0,international,True,255.0,51.0,Pass
2281,male,group D,some college,free/reduced,False,10.8,8.0,76.0,79.0,65.0,public,True,238.8,47.76,Fail
2282,male,group D,bachelor degree,standard,False,16.3,7.193586956521739,40.0,85.0,63.0,public,False,211.49358695652174,42.3,Fail
2283,male,group E,high school,free/reduced,True,0.0,9.7,86.0,80.0,66.0,public,False,241.7,48.34,Fail
2284,male,group A,master degree,free/reduced,False,9.66265306122449,7.1,52.0,42.0,88.0,public,True,198.76265306122448,39.75,Fail
2285,male,group A,high school,free/reduced,False,8.4,7.0,64.0,56.0,60.0,public,True,195.4,39.08,Fail
2286,female,group C,high school,standard,True,0.0,5.8,69.0,100.0,72.0,private,True,246.8,49.36,Fail
2287,female,group D,bachelor degree,free/reduced,True,9.66265306122449,7.1,84.0,62.0,84.0,private,True,246.76265306122448,49.35,Fail
2288,female,group D,high school,standard,True,9.66265306122449,7.7,54.0,71.0,51.0,public,True,193.36265306122448,38.67,Fail
2289,female,group A,bachelor degree,standard,True,12.1,8.0,78.0,70.0,81.0,private,True,249.1,49.82,Fail
2290,female,group A,bachelor degree,standard,False,12.2,7.193586956521739,60.0,78.0,77.0,public,True,234.39358695652174,46.88,Fail
2291,female,group B,high school,standard,True,11.8,7.193586956521739,83.0,64.0,77.0,public,True,242.99358695652174,48.6,Fail
2292,male,group D,associate degree,free/reduced,False,14.8,7.193586956521739,73.0,32.0,54.0,public,True,180.99358695652174,36.2,Fail
2293,male,group B,high school,standard,True,9.66265306122449,9.5,83.0,72.0,96.0,international,True,270.1626530612245,54.03,Pass
2294,female,group E,associate degree,free/reduced,False,6.8,9.5,89.0,71.0,69.0,public,True,245.3,49.06,Fail
2295,male,group B,associate degree,standard,True,18.8,7.193586956521739,58.0,67.0,78.0,private,True,228.99358695652174,45.8,Fail
2296,male,group E,high school,free/reduced,False,9.3,8.6,84.0,81.0,79.0,international,True,261.9,52.38,Pass
2297,male,group C,bachelor degree,free/reduced,False,4.9,5.0,74.0,72.0,69.0,public,True,224.9,44.98,Fail
2298,male,group B,some college,standard,False,9.7,6.9,57.0,72.0,60.0,public,True,205.6,41.12,Fail
2299,female,group E,bachelor degree,standard,False,10.4,7.5,44.0,44.0,83.0,private,True,188.9,37.78,Fail
2300,female,group C,master degree,standard,True,14.0,7.193586956521739,58.0,65.0,69.0,public,False,213.19358695652176,42.64,Fail
2301,female,group B,master degree,standard,True,18.0,6.2,72.0,94.0,67.0,public,True,257.2,51.44,Pass
2302,female,group B,bachelor degree,standard,False,10.6,6.9,100.0,86.0,86.0,public,True,289.5,57.9,Pass
2303,female,group A,master degree,standard,False,6.0,7.3,73.0,75.0,68.0,public,True,229.3,45.86,Fail
2304,male,group C,master degree,free/reduced,False,15.3,7.5,59.0,42.0,59.0,public,True,182.8,36.56,Fail
2305,male,group E,bachelor degree,standard,False,9.7,5.5,57.0,87.0,83.0,public,True,242.2,48.44,Fail
2306,female,group A,high school,standard,False,9.66265306122449,5.5,85.0,69.0,70.46045112781955,public,True,239.62310418904406,47.92,Fail
2307,male,group E,associate degree,standard,False,15.0,6.3,54.0,64.0,68.0,international,False,207.3,41.46,Fail
2308,female,group C,high school,standard,True,1.2,5.4,56.0,66.0,62.0,public,True,190.6,38.12,Fail
2309,female,group E,high school,standard,False,16.4,7.0,57.0,71.13410138248848,72.0,private,True,223.53410138248847,44.71,Fail
2310,female,group C,high school,standard,False,12.0,7.193586956521739,69.0,53.0,72.0,private,True,213.19358695652176,42.64,Fail
2311,male,group E,high school,free/reduced,True,11.5,8.5,87.0,79.0,57.0,public,True,243.0,48.6,Fail
2312,female,group A,some college,standard,False,9.66265306122449,9.9,56.0,65.0,25.0,public,True,165.5626530612245,33.11,Fail
2313,male,group D,high school,standard,False,10.7,6.2,75.0,87.0,80.0,public,False,258.9,51.78,Pass
2314,male,group B,high school,standard,True,8.9,7.193586956521739,48.0,72.0,82.0,public,True,218.09358695652173,43.62,Fail
2315,female,group B,high school,free/reduced,False,5.9,6.1,62.0,85.0,78.0,public,False,237.0,47.4,Fail
2316,female,group C,high school,standard,False,15.6,6.6,57.0,56.0,75.0,international,True,210.2,42.04,Fail
2317,female,group E,bachelor degree,standard,False,11.1,6.2,72.0,80.0,80.0,public,True,249.3,49.86,Fail
2318,female,group B,some college,standard,False,15.2,9.0,83.0,73.0,80.0,public,True,260.2,52.04,Pass
2319,female,group B,high school,standard,False,6.2,7.9,58.0,54.0,83.0,public,False,209.1,41.82,Fail
2320,male,group D,some college,free/reduced,True,15.9,6.6,82.0,70.0,100.0,public,True,274.5,54.9,Pass
2321,female,group B,high school,standard,True,6.0,7.193586956521739,92.0,69.0,52.0,international,True,226.19358695652176,45.24,Fail
2322,female,group C,some college,standard,True,9.66265306122449,7.193586956521739,44.0,66.0,57.0,public,True,183.85624001774625,36.77,Fail
2323,female,group A,high school,standard,False,14.7,9.3,66.0,39.0,83.0,public,False,212.0,42.4,Fail
2324,female,group D,some college,standard,False,9.66265306122449,7.4,59.0,73.0,72.0,public,True,221.0626530612245,44.21,Fail
2325,male,group B,associate degree,standard,False,10.1,6.4,73.0,71.13410138248848,82.0,private,False,242.6341013824885,48.53,Fail
2326,female,group C,high school,free/reduced,False,12.6,5.6,36.0,65.0,87.0,private,True,206.2,41.24,Fail
2327,female,group D,high school,standard,False,9.6,6.0,61.0,71.13410138248848,61.0,public,True,208.73410138248846,41.75,Fail
2328,female,group A,high school,standard,False,12.7,7.9,50.0,69.0,64.0,international,False,203.6,40.72,Fail
2329,male,group A,high school,free/reduced,False,16.0,6.9,74.0,78.0,66.0,private,False,240.9,48.18,Fail
2330,male,group D,associate degree,standard,False,13.0,7.193586956521739,71.0,68.0,75.0,international,True,234.19358695652176,46.84,Fail
2331,female,group E,high school,standard,True,10.9,6.9,68.0,48.0,72.0,private,True,205.8,41.16,Fail
2332,female,group C,high school,standard,True,9.5,6.4,83.0,59.0,97.0,private,True,254.9,50.98,Pass
2333,female,group D,some college,standard,False,15.9,6.3,51.0,89.0,51.0,public,False,213.2,42.64,Fail
2334,male,group D,bachelor degree,free/reduced,True,9.66265306122449,8.1,44.0,90.0,77.0,public,True,228.76265306122448,45.75,Fail
2335,female,group D,associate degree,free/reduced,False,9.8,6.9,77.0,62.0,86.0,public,True,241.7,48.34,Fail
2336,male,group B,some college,standard,True,2.7,9.2,73.0,71.13410138248848,53.0,public,True,209.03410138248847,41.81,Fail
2337,female,group E,associate degree,standard,True,9.66265306122449,7.9,71.0,74.0,63.0,international,True,225.5626530612245,45.11,Fail
2338,male,group A,high school,free/reduced,False,3.0,6.6,62.0,80.0,63.0,private,True,214.6,42.92,Fail
2339,male,group E,high school,free/reduced,True,9.66265306122449,8.0,85.0,82.0,70.46045112781955,public,True,255.12310418904406,51.02,Pass
2340,female,group C,some college,standard,False,16.0,6.8,90.0,88.0,86.0,international,False,286.8,57.36,Pass
2341,male,group B,bachelor degree,standard,False,10.8,7.193586956521739,61.0,77.0,61.0,public,True,216.99358695652174,43.4,Fail
2342,male,group C,some college,standard,False,11.2,7.7,52.0,66.0,60.0,private,True,196.9,39.38,Fail
2343,male,group C,some college,standard,True,9.1,6.2,76.0,80.0,61.0,international,True,232.3,46.46,Fail
2344,male,group C,some college,standard,False,1.1,8.6,67.0,62.0,34.0,public,True,172.7,34.54,Fail
2345,female,group C,some college,standard,False,10.2,6.7,87.0,60.0,83.0,public,True,246.9,49.38,Fail
2346,female,group E,bachelor degree,standard,False,1.3,8.4,77.0,70.0,61.0,public,True,217.7,43.54,Fail
2347,male,group D,bachelor degree,standard,False,14.6,6.8,86.0,66.0,77.0,public,True,250.4,50.08,Pass
2348,male,group B,bachelor degree,free/reduced,True,6.0,5.9,75.0,68.0,66.0,private,False,220.9,44.18,Fail
2349,male,group A,high school,free/reduced,False,10.9,7.193586956521739,78.0,71.13410138248848,82.0,public,True,249.22768833901023,49.85,Fail
2350,male,group B,associate degree,standard,False,11.3,6.5,66.0,63.0,90.0,private,True,236.8,47.36,Fail
2351,female,group D,high school,standard,False,8.0,8.4,78.0,48.0,70.0,international,True,212.4,42.48,Fail
2352,female,group E,high school,standard,False,8.1,6.5,51.0,66.0,84.0,public,True,215.6,43.12,Fail
2353,male,group C,associate degree,standard,False,9.66265306122449,9.3,87.0,61.0,67.0,private,True,233.9626530612245,46.79,Fail
2354,male,group C,master degree,standard,True,14.5,5.5,77.0,71.13410138248848,60.0,public,True,228.1341013824885,45.63,Fail
2355,male,group A,some college,standard,False,9.8,6.4,57.0,98.0,70.46045112781955,public,True,241.66045112781956,48.33,Fail
2356,male,group B,high school,free/reduced,True,19.1,7.0,64.0,66.0,91.0,international,True,247.1,49.42,Fail
2357,male,group B,bachelor degree,standard,False,15.3,7.7,74.0,91.0,61.0,public,True,249.0,49.8,Fail
2358,female,group D,some college,free/reduced,False,18.3,7.193586956521739,56.0,69.0,86.0,public,False,236.49358695652174,47.3,Fail
2359,male,group E,associate degree,free/reduced,True,8.2,6.6,68.0,71.13410138248848,70.46045112781955,public,True,224.39455251030802,44.88,Fail
2360,male,group C,high school,free/reduced,True,2.9,5.5,70.0,60.0,70.0,public,True,208.4,41.68,Fail
2361,male,group C,bachelor degree,standard,False,11.3,4.8,79.0,100.0,53.0,private,True,248.1,49.62,Fail
2362,female,group D,high school,standard,True,2.9,7.8,86.0,60.0,61.0,public,True,217.7,43.54,Fail
2363,female,group B,master degree,standard,False,3.7,6.9,70.0,75.0,78.0,public,True,233.6,46.72,Fail
2364,male,group D,bachelor degree,free/reduced,True,9.9,8.6,88.0,72.0,67.0,international,True,245.5,49.1,Fail
2365,male,group E,bachelor degree,standard,True,5.8,7.9,56.0,54.0,54.0,private,True,177.7,35.54,Fail
2366,male,group D,high school,standard,False,6.8,9.0,86.0,69.0,70.46045112781955,private,True,241.26045112781958,48.25,Fail
2367,male,group B,some college,standard,False,18.2,6.6,82.0,72.0,77.0,private,True,255.8,51.16,Pass
2368,female,group A,some college,standard,False,6.0,8.8,76.0,68.0,63.0,public,True,221.8,44.36,Fail
2369,female,group B,bachelor degree,standard,False,9.1,7.9,59.0,85.0,53.0,private,True,214.0,42.8,Fail
2370,female,group D,bachelor degree,free/reduced,False,12.9,7.193586956521739,36.0,46.0,92.0,private,True,194.09358695652173,38.82,Fail
2371,female,group C,high school,standard,False,9.66265306122449,5.5,84.0,97.0,63.0,private,True,259.1626530612245,51.83,Pass
2372,male,group E,bachelor degree,free/reduced,True,3.6,8.0,80.0,48.0,64.0,public,False,203.6,40.72,Fail
2373,male,group D,high school,standard,False,9.66265306122449,7.6,49.0,55.0,55.0,private,True,176.26265306122448,35.25,Fail
2374,female,group E,high school,standard,False,5.6,7.8,100.0,75.0,75.0,public,True,263.4,52.68,Pass
2375,female,group A,master degree,standard,False,9.4,7.8,59.0,70.0,64.0,private,True,210.2,42.04,Fail
2376,female,group D,bachelor degree,standard,True,13.9,8.7,71.0,72.0,89.0,public,True,254.6,50.92,Pass
2377,male,group B,high school,standard,True,7.8,7.4,79.0,93.0,79.0,public,True,266.2,53.24,Pass
2378,male,group C,bachelor degree,free/reduced,True,9.66265306122449,5.6,49.0,77.0,81.0,private,True,222.26265306122448,44.45,Fail
2379,male,group D,some college,standard,True,9.6,5.3,95.0,67.0,80.0,public,True,256.9,51.38,Pass
2380,male,group C,high school,standard,False,14.7,7.193586956521739,79.0,82.0,73.0,public,True,255.89358695652174,51.18,Pass
2381,male,group A,some college,standard,False,6.1,5.5,96.0,45.0,83.0,private,True,235.6,47.12,Fail
2382,male,group C,master degree,standard,True,21.0,6.6,65.0,71.13410138248848,66.0,public,True,229.73410138248846,45.95,Fail
2383,female,group C,master degree,standard,False,18.0,8.7,81.0,72.0,86.0,public,True,265.7,53.14,Pass
2384,male,group D,bachelor degree,standard,True,8.6,6.5,64.0,75.0,60.0,public,False,214.1,42.82,Fail
2385,female,group A,high school,free/reduced,False,7.9,8.0,75.0,71.13410138248848,91.0,international,True,253.03410138248847,50.61,Pass
2386,female,group C,high school,standard,False,8.0,6.3,65.0,75.0,79.0,public,True,233.3,46.66,Fail
2387,female,group C,high school,standard,False,6.8,4.9,90.0,67.0,62.0,public,True,230.7,46.14,Fail
2388,male,group B,high school,standard,True,8.1,7.9,45.0,54.0,46.0,public,True,161.0,32.2,Fail
2389,female,group A,high school,standard,False,17.3,7.9,74.0,62.0,71.0,international,True,232.2,46.44,Fail
2390,male,group A,master degree,free/reduced,True,9.66265306122449,8.8,84.0,68.0,60.0,private,True,230.4626530612245,46.09,Fail
2391,female,group D,bachelor degree,free/reduced,False,0.9,7.1,82.0,85.0,100.0,private,True,275.0,55.0,Pass
2392,female,group B,master degree,free/reduced,True,9.66265306122449,7.6,51.0,71.0,72.0,private,False,211.26265306122448,42.25,Fail
2393,female,group C,some college,standard,True,4.7,9.3,90.0,68.0,53.0,public,True,225.0,45.0,Fail
2394,female,group E,high school,standard,False,11.2,3.3,73.0,71.13410138248848,51.0,international,True,209.6341013824885,41.93,Fail
2395,female,group A,high school,standard,True,10.2,6.4,76.0,71.13410138248848,31.0,public,True,194.73410138248846,38.95,Fail
2396,female,group C,associate degree,standard,False,12.4,5.4,60.0,61.0,52.0,private,True,190.8,38.16,Fail
2397,male,group A,bachelor degree,free/reduced,True,8.1,7.8,52.0,82.0,54.0,international,True,203.9,40.78,Fail
2398,male,group D,some college,standard,True,17.2,8.4,65.0,54.0,82.0,private,False,226.6,45.32,Fail
2399,female,group C,bachelor degree,standard,False,11.0,4.9,62.0,73.0,64.0,public,True,214.9,42.98,Fail
2400,female,group C,some college,free/reduced,True,7.9,7.9,44.0,79.0,69.0,private,True,207.8,41.56,Fail
2401,female,group C,high school,standard,True,1.7,7.8,77.0,53.0,87.0,public,True,226.5,45.3,Fail
2402,female,group D,high school,free/reduced,False,10.1,5.9,67.0,71.13410138248848,86.0,private,False,240.1341013824885,48.03,Fail
2403,female,group C,some college,standard,False,19.7,5.1,71.0,71.13410138248848,71.0,international,True,237.93410138248848,47.59,Fail
2404,male,group D,high school,free/reduced,False,19.8,5.2,59.0,72.0,63.0,international,True,219.0,43.8,Fail
2405,female,group C,high school,standard,True,11.2,7.7,56.0,71.13410138248848,57.0,public,False,203.03410138248847,40.61,Fail
2406,male,group C,associate degree,standard,False,17.9,6.4,55.0,63.0,85.0,private,True,227.3,45.46,Fail
2407,female,group A,bachelor degree,standard,False,4.3,6.4,84.0,84.0,70.46045112781955,private,True,249.16045112781956,49.83,Fail
2408,female,group E,some college,free/reduced,True,2.2,7.3,55.0,70.0,85.0,international,True,219.5,43.9,Fail
2409,female,group E,some college,standard,False,14.1,6.1,74.0,85.0,67.0,private,True,246.2,49.24,Fail
2410,male,group B,some college,standard,False,5.2,5.5,53.0,75.0,51.0,public,True,189.7,37.94,Fail
2411,female,group D,some college,free/reduced,True,13.9,5.5,60.0,71.13410138248848,73.0,public,True,223.53410138248847,44.71,Fail
2412,male,group A,high school,standard,True,9.1,5.9,72.0,71.13410138248848,70.46045112781955,public,True,228.59455251030806,45.72,Fail
2413,male,group E,some college,standard,True,0.2,7.4,70.0,67.0,70.0,public,True,214.6,42.92,Fail
2414,female,group B,associate degree,free/reduced,False,8.5,6.3,63.0,71.13410138248848,56.0,public,True,204.93410138248848,40.99,Fail
2415,male,group E,high school,free/reduced,False,4.9,4.7,85.0,79.0,72.0,private,True,245.6,49.12,Fail
2416,female,group B,bachelor degree,standard,False,13.2,5.9,84.0,62.0,59.0,public,True,224.1,44.82,Fail
2417,female,group B,associate degree,standard,False,0.0,7.6,44.0,71.0,85.0,public,True,207.6,41.52,Fail
2418,female,group A,some college,free/reduced,False,4.3,6.8,75.0,77.0,63.0,public,True,226.1,45.22,Fail
2419,female,group D,high school,free/reduced,True,1.5,9.6,55.0,72.0,63.0,public,True,201.1,40.22,Fail
2420,male,group D,some college,free/reduced,True,6.1,8.6,52.0,67.0,64.0,private,True,197.7,39.54,Fail
2421,male,group A,associate degree,free/reduced,True,9.66265306122449,7.6,100.0,72.0,76.0,public,True,265.26265306122446,53.05,Pass
2422,female,group E,high school,standard,True,6.0,7.2,79.0,84.0,54.0,public,False,230.2,46.04,Fail
2423,male,group C,high school,standard,False,9.66265306122449,6.3,79.0,74.0,84.0,public,True,252.9626530612245,50.59,Pass
2424,male,group A,associate degree,free/reduced,False,12.1,5.4,63.0,72.0,79.0,private,True,231.5,46.3,Fail
2425,male,group E,master degree,standard,True,13.4,7.5,60.0,83.0,52.0,private,True,215.9,43.18,Fail
2426,female,group B,associate degree,free/reduced,True,3.2,6.9,97.0,100.0,61.0,public,True,268.1,53.62,Pass
2427,male,group E,some college,standard,False,7.5,7.0,63.0,71.0,91.0,public,True,239.5,47.9,Fail
2428,female,group D,some college,standard,False,0.0,6.3,56.0,80.0,70.0,public,False,212.3,42.46,Fail
2429,male,group C,associate degree,free/reduced,True,9.66265306122449,7.7,51.0,100.0,74.0,public,True,242.36265306122448,48.47,Fail
2430,male,group D,high school,standard,False,7.0,3.7,81.0,80.0,56.0,public,False,227.7,45.54,Fail
2431,male,group A,some college,free/reduced,False,15.7,7.4,90.0,63.0,72.0,public,False,248.1,49.62,Fail
2432,male,group E,bachelor degree,standard,True,8.6,7.193586956521739,45.0,82.0,80.0,public,True,222.79358695652172,44.56,Fail
2433,male,group D,high school,free/reduced,False,5.0,8.8,70.0,58.0,83.0,international,True,224.8,44.96,Fail
2434,male,group A,high school,standard,False,11.1,9.2,70.0,91.0,73.0,public,True,254.3,50.86,Pass
2435,male,group E,high school,free/reduced,True,9.66265306122449,6.6,79.0,82.0,68.0,public,True,245.26265306122448,49.05,Fail
2436,female,group C,associate degree,standard,False,11.8,5.6,20.0,86.0,70.46045112781955,public,True,193.86045112781954,38.77,Fail
2437,female,group E,bachelor degree,free/reduced,False,13.0,6.8,72.0,61.0,75.0,private,True,227.8,45.56,Fail
2438,female,group D,bachelor degree,standard,False,8.2,8.6,70.0,65.0,51.0,private,True,202.8,40.56,Fail
2439,male,group D,some college,standard,True,10.8,4.8,75.0,61.0,70.46045112781955,public,True,222.06045112781953,44.41,Fail
2440,male,group A,associate degree,standard,False,11.3,9.6,90.0,56.0,61.0,public,True,227.9,45.58,Fail
2441,female,group E,bachelor degree,free/reduced,False,11.3,6.0,71.0,71.0,80.0,public,True,239.3,47.86,Fail
2442,female,group C,high school,free/reduced,True,16.6,6.7,44.0,67.0,79.0,public,True,213.3,42.66,Fail
2443,male,group C,high school,free/reduced,False,5.4,5.9,78.0,70.0,90.0,public,False,249.3,49.86,Fail
2444,female,group A,some college,standard,True,6.6,5.4,79.0,71.13410138248848,74.0,public,True,236.1341013824885,47.23,Fail
2445,female,group C,associate degree,free/reduced,True,4.1,8.0,66.0,71.13410138248848,59.0,public,True,208.23410138248846,41.65,Fail
2446,female,group D,associate degree,standard,True,12.3,7.1,58.0,71.13410138248848,73.0,private,True,221.53410138248847,44.31,Fail
2447,female,group B,master degree,standard,True,10.4,5.9,62.0,81.0,86.0,public,True,245.3,49.06,Fail
2448,male,group C,some college,standard,False,10.7,10.2,53.0,81.0,70.46045112781955,private,True,225.36045112781954,45.07,Fail
2449,male,group B,high school,standard,False,8.1,6.7,62.0,62.0,95.0,international,True,233.8,46.76,Fail
2450,male,group E,high school,standard,False,7.3,8.6,93.0,62.0,75.0,public,True,245.9,49.18,Fail
2451,female,group A,some college,free/reduced,False,19.3,6.9,67.0,85.0,66.0,public,True,244.2,48.84,Fail
2452,male,group D,bachelor degree,free/reduced,False,9.66265306122449,7.1,52.0,95.0,46.0,public,True,209.76265306122448,41.95,Fail
2453,male,group C,some college,standard,False,4.6,6.9,88.0,77.0,70.46045112781955,public,True,246.96045112781957,49.39,Fail
2454,female,group C,bachelor degree,free/reduced,False,5.0,6.7,74.0,78.0,54.0,public,True,217.7,43.54,Fail
2455,female,group B,associate degree,free/reduced,True,11.4,4.6,81.0,70.0,64.0,public,True,231.0,46.2,Fail
2456,male,group B,some college,standard,True,5.7,6.1,46.0,40.0,86.0,public,True,183.8,36.76,Fail
2457,female,group C,high school,standard,False,9.66265306122449,8.4,82.0,84.0,73.0,private,True,257.0626530612245,51.41,Pass
2458,female,group C,bachelor degree,free/reduced,False,9.7,7.6,75.0,80.0,60.0,private,True,232.3,46.46,Fail
2459,female,group D,high school,free/reduced,True,16.6,7.7,43.0,87.0,89.0,public,True,243.3,48.66,Fail
2460,male,group D,high school,free/reduced,False,9.66265306122449,7.6,77.0,70.0,59.0,public,True,223.26265306122448,44.65,Fail
2461,female,group A,high school,standard,False,13.2,9.2,75.0,63.0,59.0,international,True,219.4,43.88,Fail
2462,female,group D,some college,free/reduced,False,13.0,7.6,69.0,72.0,74.0,private,True,235.6,47.12,Fail
2463,female,group A,associate degree,free/reduced,True,8.6,7.1,88.0,52.0,68.0,public,True,223.7,44.74,Fail
2464,male,group C,associate degree,standard,False,12.1,6.1,94.0,97.0,70.0,private,True,279.2,55.84,Pass
2465,male,group B,high school,standard,False,5.9,5.0,63.0,87.0,56.0,public,False,216.9,43.38,Fail
2466,male,group D,high school,free/reduced,False,7.9,8.0,68.0,73.0,63.0,public,True,219.9,43.98,Fail
2467,male,group E,master degree,standard,True,9.1,7.1,79.0,65.0,90.0,private,True,250.2,50.04,Pass
2468,male,group C,bachelor degree,free/reduced,False,2.8,7.3,68.0,61.0,83.0,public,True,222.1,44.42,Fail
2469,male,group E,high school,standard,True,9.66265306122449,7.193586956521739,81.0,56.0,81.0,public,True,234.85624001774625,46.97,Fail
2470,male,group A,associate degree,free/reduced,True,12.1,7.0,50.0,70.0,63.0,public,True,202.1,40.42,Fail
2471,female,group C,bachelor degree,standard,False,2.3,7.193586956521739,91.0,95.0,62.0,public,True,257.49358695652177,51.5,Pass
2472,female,group C,high school,free/reduced,False,11.2,7.1,72.0,64.0,77.0,public,True,231.3,46.26,Fail
2473,female,group C,high school,standard,True,7.8,7.3,59.0,71.0,61.0,public,False,206.1,41.22,Fail
2474,male,group C,high school,standard,False,4.5,7.2,66.0,34.0,56.0,private,True,167.7,33.54,Fail
2475,male,group D,bachelor degree,standard,False,13.4,7.5,60.0,71.0,70.0,private,True,221.9,44.38,Fail
2476,female,group D,high school,standard,False,17.1,6.2,63.0,79.0,66.0,public,True,231.3,46.26,Fail
2477,female,group E,some college,standard,True,3.7,7.193586956521739,57.0,52.0,70.0,private,False,189.89358695652174,37.98,Fail
2478,female,group B,some college,free/reduced,False,8.6,7.8,82.0,99.0,49.0,public,True,246.4,49.28,Fail
2479,female,group E,high school,free/reduced,True,1.3,6.3,80.0,67.0,34.0,public,False,188.6,37.72,Fail
2480,male,group B,high school,standard,False,17.3,6.9,63.0,82.0,60.0,international,True,229.2,45.84,Fail
2481,female,group C,some college,free/reduced,False,9.66265306122449,6.7,66.0,84.0,100.0,public,True,266.3626530612245,53.27,Pass
2482,female,group B,bachelor degree,standard,False,6.9,7.3,60.0,68.0,69.0,public,True,211.2,42.24,Fail
2483,male,group E,high school,free/reduced,False,16.9,9.0,83.0,94.0,59.0,private,True,261.9,52.38,Pass
2484,male,group C,bachelor degree,standard,False,5.9,6.4,77.0,73.0,73.0,international,True,235.3,47.06,Fail
2485,female,group E,associate degree,standard,False,20.9,8.0,86.0,64.0,61.0,public,True,239.9,47.98,Fail
2486,male,group C,some college,free/reduced,False,14.7,9.2,70.0,65.0,77.0,public,False,235.9,47.18,Fail
2487,male,group C,some college,standard,False,17.6,6.2,50.0,58.0,58.0,private,True,189.8,37.96,Fail
2488,male,group C,bachelor degree,standard,False,19.5,7.193586956521739,70.0,84.0,44.0,public,True,224.69358695652176,44.94,Fail
2489,male,group A,high school,standard,True,13.9,8.9,71.0,85.0,72.0,public,False,250.8,50.16,Pass
2490,male,group C,high school,standard,True,18.1,5.3,63.0,75.0,70.46045112781955,international,True,231.86045112781954,46.37,Fail
2491,male,group B,some college,standard,True,0.7,6.7,74.0,63.0,77.0,public,True,221.4,44.28,Fail
2492,male,group A,associate degree,standard,False,7.7,6.5,63.0,43.0,88.0,public,True,208.2,41.64,Fail
2493,male,group B,associate degree,standard,True,11.0,9.4,78.0,70.0,96.0,public,True,264.4,52.88,Pass
2494,female,group A,bachelor degree,standard,False,11.0,5.7,76.0,84.0,66.0,public,True,242.7,48.54,Fail
2495,male,group C,master degree,standard,False,6.5,6.8,80.0,62.0,60.0,public,True,215.3,43.06,Fail
2496,female,group C,associate degree,free/reduced,True,12.0,4.3,81.0,86.0,66.0,public,True,249.3,49.86,Fail
2497,female,group B,master degree,free/reduced,False,10.7,6.4,63.0,88.0,85.0,public,False,253.1,50.62,Pass
2498,male,group C,associate degree,standard,False,18.4,6.0,87.0,66.0,62.0,public,False,239.4,47.88,Fail
2499,male,group A,some college,free/reduced,True,3.8,6.4,68.0,89.0,81.0,public,True,248.2,49.64,Fail
2500,male,group C,some college,standard,True,6.4,3.6,75.0,74.0,43.0,public,True,202.0,40.4,Fail
2501,male,group E,some college,free/reduced,True,6.7,9.5,69.0,76.0,59.0,public,True,220.2,44.04,Fail
2502,female,group A,high school,standard,False,10.9,6.5,71.0,63.0,56.0,public,True,207.4,41.48,Fail
2503,male,group E,bachelor degree,standard,False,9.66265306122449,7.7,54.0,75.0,71.0,international,True,217.36265306122448,43.47,Fail
2504,female,group A,some college,standard,True,11.0,7.193586956521739,67.0,69.0,85.0,public,True,239.19358695652176,47.84,Fail
2505,female,group C,bachelor degree,free/reduced,False,9.4,9.1,100.0,90.0,49.0,international,False,257.5,51.5,Pass
2506,female,group E,high school,free/reduced,True,14.5,7.9,86.0,73.0,96.0,public,True,277.4,55.48,Pass
2507,female,group B,some college,standard,False,12.4,7.193586956521739,64.0,86.0,59.0,international,True,228.59358695652173,45.72,Fail
2508,female,group E,some college,free/reduced,False,8.8,3.0,88.0,54.0,49.0,public,True,202.8,40.56,Fail
2509,male,group E,bachelor degree,free/reduced,False,8.2,5.9,83.0,87.0,82.0,public,True,266.1,53.22,Pass
2510,female,group B,some college,standard,True,17.3,7.9,67.0,75.0,83.0,public,True,250.2,50.04,Pass
2511,male,group B,high school,free/reduced,False,9.9,6.6,69.0,52.0,71.0,public,True,208.5,41.7,Fail
2512,male,group B,some college,standard,True,4.2,6.5,73.0,61.0,69.0,public,True,213.7,42.74,Fail
2513,female,group C,associate degree,standard,False,9.66265306122449,6.8,65.0,75.0,52.0,private,True,208.4626530612245,41.69,Fail
2514,female,group C,high school,standard,True,19.9,5.2,71.0,57.0,95.0,public,True,248.1,49.62,Fail
2515,male,group C,associate degree,standard,True,10.4,8.7,81.0,74.0,70.46045112781955,international,True,244.56045112781953,48.91,Fail
2516,male,group A,bachelor degree,standard,False,9.66265306122449,6.8,72.0,75.0,71.0,public,True,234.4626530612245,46.89,Fail
2517,male,group C,master degree,free/reduced,False,12.1,5.1,53.0,50.0,67.0,public,True,187.2,37.44,Fail
2518,female,group D,some college,standard,False,14.2,7.5,80.0,49.0,88.0,public,True,238.7,47.74,Fail
2519,male,group A,some college,standard,True,6.4,5.6,90.0,57.0,62.0,public,True,221.0,44.2,Fail
2520,female,group C,high school,free/reduced,True,7.9,8.2,62.0,72.0,88.0,international,True,238.1,47.62,Fail
2521,female,group A,bachelor degree,standard,True,7.9,7.7,92.0,85.0,89.0,public,True,281.6,56.32,Pass
2522,female,group B,some college,free/reduced,False,9.66265306122449,5.8,68.0,80.0,48.0,public,True,211.4626530612245,42.29,Fail
2523,female,group A,bachelor degree,free/reduced,False,2.3,6.5,81.0,79.0,65.0,private,True,233.8,46.76,Fail
2524,male,group E,associate degree,standard,False,10.2,6.7,63.0,76.0,63.0,public,True,218.9,43.78,Fail
2525,male,group B,associate degree,standard,False,2.5,8.3,75.0,77.0,58.0,public,True,220.8,44.16,Fail
2526,female,group E,high school,standard,True,9.66265306122449,7.193586956521739,44.0,59.0,74.0,public,True,193.85624001774625,38.77,Fail
2527,female,group B,some college,standard,False,8.1,7.5,100.0,64.0,72.0,public,True,251.6,50.32,Pass
2528,male,group E,bachelor degree,standard,False,5.2,6.0,84.0,76.0,73.0,international,False,244.2,48.84,Fail
2529,male,group B,some college,standard,True,2.2,8.4,82.0,78.0,84.0,public,True,254.6,50.92,Pass
2530,female,group B,high school,standard,False,10.5,7.6,67.0,84.0,83.0,public,True,252.1,50.42,Pass
2531,male,group E,associate degree,free/reduced,True,9.66265306122449,7.7,81.0,64.0,61.0,private,False,223.36265306122448,44.67,Fail
2532,female,group C,high school,standard,True,9.7,6.1,41.0,71.13410138248848,77.0,public,True,204.93410138248848,40.99,Fail
2533,female,group E,high school,free/reduced,False,21.2,6.6,49.0,56.0,70.46045112781955,public,True,203.26045112781958,40.65,Fail
2534,male,group B,bachelor degree,free/reduced,False,9.9,8.5,87.0,61.0,70.46045112781955,international,True,236.86045112781954,47.37,Fail
2535,male,group E,high school,free/reduced,False,2.7,9.8,58.0,62.0,87.0,private,False,219.5,43.9,Fail
2536,male,group E,master degree,standard,False,3.3,7.5,68.0,47.0,64.0,public,True,189.8,37.96,Fail
2537,female,group C,high school,standard,False,12.6,7.193586956521739,86.0,71.0,54.0,international,True,230.79358695652172,46.16,Fail
2538,female,group E,bachelor degree,free/reduced,True,15.1,5.6,97.0,69.0,38.0,private,False,224.7,44.94,Fail
2539,female,group E,bachelor degree,standard,True,9.66265306122449,6.2,69.0,62.0,67.0,public,True,213.86265306122448,42.77,Fail
2540,female,group C,bachelor degree,free/reduced,False,13.8,8.8,84.0,61.0,66.0,public,False,233.6,46.72,Fail
2541,female,group E,master degree,free/reduced,True,4.6,7.4,76.0,48.0,70.46045112781955,public,True,206.46045112781957,41.29,Fail
2542,male,group E,some college,free/reduced,True,16.3,6.9,45.0,60.0,59.0,public,True,187.2,37.44,Fail
2543,male,group C,some college,standard,False,3.5,6.3,97.0,90.0,76.0,public,False,272.8,54.56,Pass
2544,male,group E,associate degree,free/reduced,False,12.5,8.3,78.0,79.0,71.0,public,False,248.8,49.76,Fail
2545,male,group C,high school,free/reduced,False,5.6,7.6,80.0,49.0,84.0,public,True,226.2,45.24,Fail
2546,male,group E,some college,free/reduced,False,16.6,6.6,65.0,64.0,85.0,private,True,237.2,47.44,Fail
2547,male,group D,bachelor degree,standard,False,14.7,6.3,77.0,38.0,35.0,public,True,171.0,34.2,Fail
2548,male,group C,master degree,standard,False,6.6,8.1,57.0,69.0,81.0,public,True,221.7,44.34,Fail
2549,male,group A,high school,standard,False,1.2,7.3,81.0,68.0,100.0,public,True,257.5,51.5,Pass
2550,female,group C,associate degree,standard,True,3.8,7.5,66.0,46.0,61.0,public,True,184.3,36.86,Fail
2551,female,group D,high school,free/reduced,True,9.66265306122449,7.5,61.0,70.0,52.0,private,True,200.1626530612245,40.03,Fail
2552,female,group B,associate degree,standard,True,0.5,5.6,73.0,55.0,86.0,private,True,220.1,44.02,Fail
2553,female,group D,high school,free/reduced,True,13.9,7.0,51.0,60.0,58.0,private,False,189.9,37.98,Fail
2554,male,group E,high school,standard,True,9.66265306122449,6.2,91.0,62.0,69.0,public,True,237.86265306122448,47.57,Fail
2555,female,group D,high school,free/reduced,True,10.6,5.9,83.0,66.0,61.0,public,True,226.5,45.3,Fail
2556,female,group B,some college,standard,False,5.2,8.1,63.0,47.0,91.0,public,True,214.3,42.86,Fail
2557,female,group B,bachelor degree,standard,True,0.0,7.1,61.0,65.0,62.0,public,True,195.1,39.02,Fail
2558,male,group A,high school,standard,False,12.3,7.1,78.0,78.0,70.46045112781955,public,False,245.86045112781954,49.17,Fail
2559,female,group C,high school,free/reduced,True,6.0,8.9,91.0,54.0,54.0,public,True,213.9,42.78,Fail
2560,female,group C,some college,free/reduced,False,9.5,8.4,72.0,29.0,100.0,private,True,218.9,43.78,Fail
2561,male,group A,bachelor degree,standard,False,13.8,9.6,61.0,61.0,61.0,public,True,206.4,41.28,Fail
2562,female,group E,high school,standard,False,9.66265306122449,6.5,60.0,73.0,53.0,private,False,202.1626530612245,40.43,Fail
2563,male,group D,associate degree,free/reduced,False,12.9,6.7,90.0,67.0,55.0,international,True,231.6,46.32,Fail
2564,female,group E,high school,free/reduced,False,11.1,5.3,60.0,68.0,77.0,private,True,221.4,44.28,Fail
2565,male,group C,some college,free/reduced,False,5.5,7.4,76.0,100.0,45.0,public,True,233.9,46.78,Fail
2566,female,group E,bachelor degree,standard,True,9.5,8.5,73.0,93.0,50.0,public,True,234.0,46.8,Fail
2567,female,group A,bachelor degree,standard,False,3.2,7.5,75.0,74.0,62.0,public,True,221.7,44.34,Fail
2568,female,group E,high school,standard,False,21.0,6.4,90.0,76.0,79.0,public,True,272.4,54.48,Pass
2569,male,group A,bachelor degree,standard,False,7.4,6.8,92.0,100.0,84.0,public,True,290.2,58.04,Pass
2570,male,group C,high school,standard,False,9.66265306122449,5.2,59.0,66.0,82.0,private,True,221.86265306122448,44.37,Fail
2571,male,group C,some college,standard,True,6.1,8.8,48.0,64.0,57.0,private,True,183.9,36.78,Fail
2572,female,group D,bachelor degree,standard,True,9.0,9.9,89.0,76.0,57.0,public,True,240.9,48.18,Fail
2573,female,group E,master degree,standard,False,13.9,6.1,56.0,69.0,67.0,private,True,212.0,42.4,Fail
2574,male,group D,bachelor degree,standard,True,10.2,7.0,58.0,83.0,97.0,private,True,255.2,51.04,Pass
2575,male,group B,some college,free/reduced,False,15.6,7.8,93.0,52.0,80.0,private,True,248.4,49.68,Fail
2576,female,group E,high school,standard,True,13.4,7.193586956521739,88.0,74.0,70.0,public,True,252.59358695652173,50.52,Pass
2577,female,group D,high school,free/reduced,True,10.4,7.4,57.0,58.0,77.0,public,True,209.8,41.96,Fail
2578,female,group C,master degree,standard,False,12.6,7.193586956521739,61.0,78.0,100.0,public,False,258.7935869565217,51.76,Pass
2579,male,group E,high school,standard,False,9.66265306122449,8.1,75.0,76.0,70.46045112781955,public,False,239.22310418904402,47.84,Fail
2580,male,group D,high school,standard,False,4.6,6.9,47.0,58.0,71.0,public,True,187.5,37.5,Fail
2581,female,group C,high school,standard,False,6.2,8.6,59.0,67.0,90.0,public,True,230.8,46.16,Fail
2582,male,group A,high school,standard,False,9.5,7.3,72.0,71.13410138248848,75.0,public,True,234.93410138248848,46.99,Fail
2583,male,group D,high school,standard,True,6.2,6.9,74.0,58.0,75.0,public,True,220.1,44.02,Fail
2584,male,group D,high school,standard,False,9.66265306122449,8.6,54.0,72.0,73.0,international,True,217.26265306122448,43.45,Fail
2585,male,group A,some college,free/reduced,False,12.7,5.3,74.0,84.0,76.0,public,True,252.0,50.4,Pass
2586,male,group B,associate degree,free/reduced,True,7.9,9.2,61.0,63.0,67.0,public,True,208.1,41.62,Fail
2587,male,group C,some college,standard,True,9.66265306122449,7.193586956521739,100.0,65.0,79.0,public,True,260.85624001774625,52.17,Pass
2588,female,group D,master degree,standard,False,7.6,7.0,56.0,67.0,94.0,public,True,231.6,46.32,Fail
2589,female,group A,some college,standard,True,12.3,9.3,88.0,85.0,70.46045112781955,private,True,265.06045112781953,53.01,Pass
2590,male,group E,associate degree,standard,False,0.1,7.193586956521739,73.0,57.0,69.0,public,True,206.29358695652172,41.26,Fail
2591,female,group B,high school,standard,False,4.2,8.1,65.0,71.13410138248848,70.0,public,False,218.43410138248848,43.69,Fail
2592,female,group A,high school,standard,False,3.8,6.3,57.0,66.0,52.0,public,True,185.1,37.02,Fail
2593,male,group B,high school,standard,True,12.0,7.193586956521739,72.0,100.0,49.0,public,True,240.19358695652176,48.04,Fail
2594,male,group E,high school,standard,False,3.4,8.9,85.0,45.0,87.0,public,True,229.3,45.86,Fail
2595,male,group D,high school,standard,True,9.66265306122449,6.7,69.0,75.0,52.0,public,True,212.36265306122448,42.47,Fail
2596,male,group C,high school,free/reduced,False,2.8,6.4,68.0,76.0,82.0,public,True,235.2,47.04,Fail
2597,female,group C,associate degree,free/reduced,True,7.7,6.2,68.0,67.0,56.0,private,True,204.9,40.98,Fail
2598,female,group E,associate degree,free/reduced,True,9.2,7.4,95.0,61.0,73.0,international,False,245.6,49.12,Fail
2599,female,group B,high school,standard,False,5.6,6.1,68.0,81.0,58.0,public,True,218.7,43.74,Fail
2600,male,group C,bachelor degree,standard,True,5.6,8.6,63.0,71.13410138248848,78.0,public,True,226.33410138248848,45.27,Fail
2601,female,group A,associate degree,standard,True,11.4,8.0,45.0,58.0,57.0,public,True,179.4,35.88,Fail
2602,male,group C,high school,free/reduced,False,8.1,5.8,73.0,79.0,77.0,public,False,242.9,48.58,Fail
2603,male,group C,associate degree,free/reduced,True,9.66265306122449,5.0,100.0,92.0,57.0,public,False,263.6626530612245,52.73,Pass
2604,female,group E,high school,standard,False,0.0,5.8,81.0,87.0,71.0,international,True,244.8,48.96,Fail
2605,male,group C,associate degree,standard,True,19.1,7.6,84.0,75.0,78.0,public,True,263.7,52.74,Pass
2606,male,group A,bachelor degree,standard,True,4.1,8.6,92.0,77.0,72.0,public,True,253.7,50.74,Pass
2607,female,group C,high school,standard,False,9.66265306122449,7.193586956521739,60.0,84.0,49.0,private,True,209.85624001774625,41.97,Fail
2608,female,group C,high school,standard,False,1.5,6.5,73.0,87.0,79.0,public,True,247.0,49.4,Fail
2609,male,group C,bachelor degree,free/reduced,True,12.2,7.4,60.0,72.0,78.0,public,True,229.6,45.92,Fail
2610,female,group C,some college,standard,False,9.8,6.1,45.0,69.0,81.0,public,True,210.9,42.18,Fail
2611,male,group D,high school,standard,False,9.1,6.4,81.0,56.0,89.0,private,True,241.5,48.3,Fail
2612,female,group E,bachelor degree,free/reduced,True,17.4,6.4,100.0,63.0,79.0,private,True,265.8,53.16,Pass
2613,female,group E,high school,free/reduced,True,8.4,7.2,50.0,68.0,41.0,public,True,174.6,34.92,Fail
2614,male,group A,bachelor degree,standard,True,16.8,8.9,67.0,76.0,70.46045112781955,public,True,239.16045112781956,47.83,Fail
2615,male,group E,some college,standard,False,6.4,7.2,32.0,65.0,60.0,public,True,170.6,34.12,Fail
2616,female,group E,high school,free/reduced,True,4.2,8.4,74.0,68.0,58.0,public,True,212.6,42.52,Fail
2617,male,group D,some college,standard,False,0.0,6.6,87.0,97.0,35.0,public,True,225.6,45.12,Fail
2618,male,group C,high school,free/reduced,True,9.66265306122449,8.4,56.0,77.0,62.0,public,True,213.0626530612245,42.61,Fail
2619,female,group A,bachelor degree,standard,True,13.7,6.2,75.0,95.0,47.0,public,True,236.9,47.38,Fail
2620,female,group C,bachelor degree,standard,False,7.2,7.6,90.0,82.0,70.46045112781955,public,True,257.2604511278196,51.45,Pass
2621,male,group E,high school,standard,False,9.6,6.7,66.0,80.0,61.0,private,False,223.3,44.66,Fail
2622,male,group A,some college,standard,True,7.2,6.3,81.0,71.13410138248848,60.0,public,True,225.6341013824885,45.13,Fail
2623,male,group A,some college,standard,False,6.3,7.6,78.0,69.0,68.0,public,True,228.9,45.78,Fail
2624,female,group A,high school,standard,True,1.4,6.9,96.0,79.0,80.0,private,True,263.3,52.66,Pass
2625,female,group A,some college,standard,False,4.2,7.3,63.0,70.0,60.0,public,True,204.5,40.9,Fail
2626,female,group A,associate degree,standard,False,1.6,8.0,65.0,55.0,72.0,public,True,201.6,40.32,Fail
2627,male,group C,high school,standard,False,13.6,7.8,42.0,72.0,62.0,public,True,197.4,39.48,Fail
2628,male,group A,bachelor degree,standard,True,5.3,8.5,44.0,70.0,50.0,public,True,177.8,35.56,Fail
2629,male,group A,bachelor degree,free/reduced,False,7.8,7.1,88.0,53.0,55.0,public,True,210.9,42.18,Fail
2630,male,group D,master degree,free/reduced,True,6.4,5.4,59.0,63.0,80.0,public,True,213.8,42.76,Fail
2631,female,group C,master degree,standard,False,9.66265306122449,7.0,85.0,80.0,62.0,public,False,243.6626530612245,48.73,Fail
2632,male,group D,associate degree,standard,True,18.0,7.1,63.0,71.13410138248848,83.0,public,True,242.23410138248846,48.45,Fail
2633,female,group E,bachelor degree,free/reduced,False,12.0,7.3,81.0,81.0,55.0,public,True,236.3,47.26,Fail
2634,male,group E,associate degree,standard,False,14.9,7.0,90.0,71.0,48.0,private,True,230.9,46.18,Fail
2635,male,group C,bachelor degree,standard,False,13.5,7.6,73.0,69.0,75.0,public,True,238.1,47.62,Fail
2636,female,group C,master degree,free/reduced,True,7.2,11.0,94.0,69.0,66.0,public,True,247.2,49.44,Fail
2637,male,group B,some college,standard,True,15.4,6.3,62.0,79.0,83.0,public,True,245.7,49.14,Fail
2638,male,group D,associate degree,standard,True,7.4,8.7,46.0,96.0,57.0,public,True,215.1,43.02,Fail
2639,male,group B,some college,standard,True,6.1,4.6,88.0,90.0,72.0,public,True,260.7,52.14,Pass
2640,female,group B,associate degree,standard,False,9.8,7.3,62.0,58.0,59.0,public,True,196.1,39.22,Fail
2641,male,group D,some college,free/reduced,False,15.7,7.2,59.0,69.0,79.0,private,True,229.9,45.98,Fail
2642,female,group B,associate degree,standard,False,9.66265306122449,7.193586956521739,51.0,55.0,88.0,private,True,210.85624001774625,42.17,Fail
2643,female,group C,high school,standard,True,6.5,4.8,62.0,86.0,63.0,international,True,222.3,44.46,Fail
2644,female,group B,high school,standard,False,11.7,7.9,74.0,69.0,68.0,public,True,230.6,46.12,Fail
2645,male,group B,high school,free/reduced,True,6.6,8.1,74.0,82.0,57.0,private,True,227.7,45.54,Fail
2646,male,group B,high school,free/reduced,False,6.9,8.4,48.0,86.0,53.0,public,True,202.3,40.46,Fail
2647,female,group A,some college,standard,False,10.3,6.7,92.0,80.0,45.0,private,True,234.0,46.8,Fail
2648,female,group B,some college,free/reduced,False,8.9,6.4,62.0,89.0,75.0,public,True,241.3,48.26,Fail
2649,female,group B,associate degree,standard,True,2.4,6.3,47.0,80.0,65.0,private,True,200.7,40.14,Fail
2650,male,group D,some college,standard,False,9.66265306122449,7.8,65.0,81.0,86.0,international,True,249.4626530612245,49.89,Fail
2651,female,group A,high school,standard,False,16.1,6.6,58.0,53.0,70.0,private,True,203.7,40.74,Fail
2652,male,group D,high school,free/reduced,True,9.1,4.4,43.0,54.0,57.0,private,True,167.5,33.5,Fail
2653,male,group E,associate degree,free/reduced,False,11.7,5.7,37.0,75.0,49.0,public,True,178.4,35.68,Fail
2654,female,group E,associate degree,standard,True,8.0,7.9,87.0,69.0,87.0,public,True,258.9,51.78,Pass
2655,female,group E,bachelor degree,free/reduced,False,12.8,7.9,58.0,79.0,83.0,public,True,240.7,48.14,Fail
2656,female,group D,high school,standard,False,2.3,7.5,55.0,55.0,100.0,public,True,219.8,43.96,Fail
2657,male,group D,high school,standard,False,9.66265306122449,6.5,100.0,76.0,80.0,private,True,272.1626530612245,54.43,Pass
2658,female,group C,some college,free/reduced,True,12.6,6.8,59.0,66.0,65.0,international,True,209.4,41.88,Fail
2659,male,group B,associate degree,standard,False,12.6,8.0,66.0,84.0,80.0,public,True,250.6,50.12,Pass
2660,female,group A,high school,free/reduced,True,3.3,7.193586956521739,79.0,100.0,82.0,international,True,271.49358695652177,54.3,Pass
2661,female,group D,high school,free/reduced,False,8.3,10.0,49.0,59.0,70.0,public,True,196.3,39.26,Fail
2662,female,group C,associate degree,free/reduced,False,5.1,9.4,77.0,70.0,62.0,private,True,223.5,44.7,Fail
2663,female,group E,high school,free/reduced,False,2.7,7.3,52.0,68.0,99.0,public,True,229.0,45.8,Fail
2664,male,group B,associate degree,free/reduced,True,7.5,5.8,49.0,77.0,66.0,public,True,205.3,41.06,Fail
2665,male,group E,high school,standard,True,7.8,7.2,73.0,66.0,53.0,public,True,207.0,41.4,Fail
2666,male,group C,bachelor degree,free/reduced,True,10.4,6.9,77.0,57.0,83.0,public,True,234.3,46.86,Fail
2667,male,group E,high school,standard,True,5.5,7.3,68.0,58.0,91.0,public,True,229.8,45.96,Fail
2668,female,group D,high school,free/reduced,False,17.8,8.2,53.0,88.0,58.0,public,True,225.0,45.0,Fail
2669,female,group E,some college,standard,True,6.5,6.3,52.0,69.0,91.0,public,True,224.8,44.96,Fail
2670,female,group E,high school,free/reduced,True,19.6,8.3,63.0,54.0,86.0,public,False,230.9,46.18,Fail
2671,male,group E,some college,standard,True,6.9,7.193586956521739,63.0,81.0,77.0,public,True,235.09358695652173,47.02,Fail
2672,male,group D,master degree,standard,False,1.3,8.3,67.0,58.0,61.0,public,True,195.6,39.12,Fail
2673,female,group A,high school,standard,False,9.66265306122449,3.6,68.0,66.0,64.0,private,True,211.26265306122448,42.25,Fail
2674,female,group E,associate degree,standard,True,9.4,6.5,55.0,79.0,81.0,public,True,230.9,46.18,Fail
2675,male,group B,high school,standard,True,9.66265306122449,7.193586956521739,89.0,63.0,73.0,public,False,241.85624001774625,48.37,Fail
2676,female,group E,some college,standard,True,19.9,5.8,69.0,59.0,94.0,private,True,247.7,49.54,Fail
2677,female,group E,high school,standard,False,8.7,7.1,77.0,78.0,71.0,international,True,241.8,48.36,Fail
2678,male,group C,bachelor degree,free/reduced,False,6.8,8.3,82.0,63.0,60.0,international,True,220.1,44.02,Fail
2679,male,group E,high school,free/reduced,False,4.2,6.9,47.0,71.13410138248848,55.0,public,True,184.2341013824885,36.85,Fail
2680,female,group A,bachelor degree,standard,True,1.8,6.0,80.0,84.0,62.0,public,True,233.8,46.76,Fail
2681,male,group E,bachelor degree,standard,False,11.1,7.6,65.0,76.0,56.0,public,True,215.7,43.14,Fail
2682,male,group C,associate degree,standard,False,4.7,4.2,60.0,71.13410138248848,70.46045112781955,public,True,210.49455251030804,42.1,Fail
2683,female,group A,high school,standard,False,0.8,6.9,99.0,71.0,39.0,private,True,216.7,43.34,Fail
2684,male,group A,some college,free/reduced,True,12.1,8.7,79.0,54.0,70.46045112781955,public,True,224.26045112781958,44.85,Fail
2685,male,group A,associate degree,standard,True,16.2,7.6,100.0,94.0,94.0,public,True,311.8,62.36,Pass
2686,male,group D,associate degree,standard,False,9.66265306122449,7.8,68.0,82.0,47.0,international,False,214.4626530612245,42.89,Fail
2687,female,group C,high school,standard,False,8.8,6.9,55.0,83.0,85.0,public,True,238.7,47.74,Fail
2688,male,group D,high school,standard,False,11.9,5.3,55.0,59.0,87.0,public,True,218.2,43.64,Fail
2689,female,group D,high school,standard,False,7.2,5.4,61.0,71.0,49.0,public,True,193.6,38.72,Fail
2690,male,group C,high school,standard,True,10.5,6.4,100.0,77.0,71.0,public,True,264.9,52.98,Pass
2691,female,group E,some college,standard,True,9.8,6.7,62.0,63.0,68.0,public,True,209.5,41.9,Fail
2692,female,group B,bachelor degree,standard,False,17.6,5.5,70.0,71.13410138248848,62.0,public,False,226.23410138248846,45.25,Fail
2693,male,group B,associate degree,free/reduced,True,7.7,8.4,65.0,71.13410138248848,68.0,international,True,220.23410138248846,44.05,Fail
2694,male,group A,associate degree,standard,False,12.6,8.1,87.0,74.0,74.0,international,True,255.7,51.14,Pass
2695,male,group D,bachelor degree,standard,False,13.0,8.2,75.0,63.0,73.0,international,True,232.2,46.44,Fail
2696,male,group A,associate degree,standard,False,3.6,9.3,73.0,62.0,60.0,public,True,207.9,41.58,Fail
2697,male,group C,bachelor degree,standard,False,4.0,6.7,88.0,98.0,78.0,public,True,274.7,54.94,Pass
2698,male,group D,high school,free/reduced,False,9.66265306122449,8.0,61.0,49.0,70.46045112781955,public,True,198.12310418904406,39.62,Fail
2699,male,group C,some college,standard,True,13.3,7.193586956521739,82.0,79.0,95.0,public,True,276.49358695652177,55.3,Pass
2700,female,group A,some college,standard,False,6.5,8.5,51.0,63.0,76.0,public,True,205.0,41.0,Fail
2701,male,group D,some college,standard,False,9.66265306122449,7.193586956521739,51.0,71.13410138248848,80.0,public,True,218.9903414002347,43.8,Fail
2702,female,group D,some college,standard,True,17.2,7.6,56.0,82.0,71.0,public,False,233.8,46.76,Fail
2703,female,group D,bachelor degree,free/reduced,True,8.4,7.7,67.0,73.0,67.0,public,True,223.1,44.62,Fail
2704,male,group C,high school,standard,False,7.5,6.3,93.0,78.0,88.0,public,True,272.8,54.56,Pass
2705,male,group D,associate degree,standard,False,0.5,3.7,72.0,80.0,55.0,public,True,211.2,42.24,Fail
2706,male,group D,bachelor degree,standard,False,9.4,8.6,88.0,53.0,90.0,public,True,249.0,49.8,Fail
2707,male,group A,high school,standard,True,9.6,7.8,94.0,81.0,82.0,public,True,274.4,54.88,Pass
2708,male,group B,associate degree,standard,False,7.4,6.7,64.0,71.13410138248848,60.0,public,True,209.23410138248846,41.85,Fail
2709,female,group D,high school,standard,True,10.4,6.5,83.0,59.0,77.0,public,True,235.9,47.18,Fail
2710,female,group D,master degree,standard,True,11.9,7.9,52.0,69.0,72.0,public,False,212.8,42.56,Fail
2711,female,group D,bachelor degree,free/reduced,False,9.66265306122449,7.6,100.0,75.0,50.0,international,False,242.26265306122448,48.45,Fail
2712,female,group A,some college,standard,False,15.8,6.3,78.0,71.0,91.0,public,True,262.1,52.42,Pass
2713,female,group C,high school,standard,False,7.9,6.9,64.0,46.0,67.0,public,True,191.8,38.36,Fail
2714,male,group B,associate degree,standard,True,11.6,4.5,81.0,72.0,64.0,public,True,233.1,46.62,Fail
2715,female,group A,high school,standard,True,13.4,5.6,92.0,50.0,69.0,public,True,230.0,46.0,Fail
2716,male,group C,high school,standard,True,6.5,8.3,77.0,81.0,66.0,private,True,238.8,47.76,Fail
2717,female,group C,master degree,standard,False,9.0,6.8,86.0,55.0,64.0,private,True,220.8,44.16,Fail
2718,male,group C,some college,free/reduced,True,3.5,7.7,65.0,90.0,74.0,public,True,240.2,48.04,Fail
2719,female,group E,some college,standard,True,11.7,7.4,100.0,68.0,94.0,public,True,281.1,56.22,Pass
2720,male,group E,some college,free/reduced,False,10.1,7.193586956521739,64.0,83.0,78.0,private,True,242.29358695652172,48.46,Fail
2721,female,group A,high school,standard,False,10.6,4.2,75.0,74.0,89.0,public,True,252.8,50.56,Pass
2722,male,group E,associate degree,standard,True,12.3,6.0,47.0,72.0,85.0,private,True,222.3,44.46,Fail
2723,male,group D,some college,free/reduced,False,0.2,7.8,76.0,71.13410138248848,89.0,private,True,244.1341013824885,48.83,Fail
2724,female,group E,bachelor degree,standard,False,8.2,7.6,43.0,65.0,70.46045112781955,public,True,194.26045112781955,38.85,Fail
2725,male,group C,high school,free/reduced,False,14.0,8.0,76.0,75.0,61.0,public,True,234.0,46.8,Fail
2726,male,group B,associate degree,standard,False,13.4,7.5,52.0,100.0,68.0,public,False,240.9,48.18,Fail
2727,female,group E,associate degree,free/reduced,True,11.5,9.5,43.0,76.0,65.0,private,True,205.0,41.0,Fail
2728,female,group A,bachelor degree,free/reduced,True,6.1,5.4,79.0,74.0,64.0,public,True,228.5,45.7,Fail
2729,male,group E,bachelor degree,standard,False,10.3,6.4,82.0,71.13410138248848,88.0,private,True,257.8341013824885,51.57,Pass
2730,female,group A,high school,standard,False,14.8,6.0,89.0,55.0,55.0,public,True,219.8,43.96,Fail
2731,female,group D,high school,standard,True,10.7,4.3,78.0,63.0,63.0,public,False,219.0,43.8,Fail
2732,male,group A,bachelor degree,free/reduced,False,0.0,6.0,58.0,76.0,58.0,public,True,198.0,39.6,Fail
2733,female,group C,high school,standard,True,14.1,6.0,79.0,48.0,75.0,public,True,222.1,44.42,Fail
2734,male,group A,associate degree,standard,False,0.3,8.7,67.0,87.0,88.0,public,True,251.0,50.2,Pass
2735,female,group C,high school,standard,False,11.9,6.4,92.0,80.0,81.0,public,True,271.3,54.26,Pass
2736,female,group A,high school,standard,True,9.66265306122449,4.3,69.0,71.0,79.0,public,True,232.9626530612245,46.59,Fail
2737,male,group C,some college,free/reduced,True,3.6,7.9,85.0,82.0,79.0,private,True,257.5,51.5,Pass
2738,male,group D,master degree,standard,False,13.5,8.0,56.0,76.0,76.0,private,True,229.5,45.9,Fail
2739,female,group E,some college,standard,True,12.0,7.8,86.0,71.13410138248848,89.0,public,True,265.9341013824885,53.19,Pass
2740,male,group B,bachelor degree,standard,False,9.66265306122449,7.193586956521739,72.0,81.0,78.0,public,True,247.85624001774625,49.57,Fail
2741,male,group A,high school,standard,True,8.5,7.9,97.0,66.0,70.0,international,True,249.4,49.88,Fail
2742,male,group B,bachelor degree,standard,True,12.7,7.1,77.0,55.0,47.0,public,True,198.8,39.76,Fail
2743,female,group C,high school,standard,False,14.7,8.2,76.0,84.0,37.0,public,True,219.9,43.98,Fail
2744,male,group A,high school,free/reduced,False,8.0,7.2,71.0,69.0,69.0,private,True,224.2,44.84,Fail
2745,female,group B,some college,free/reduced,False,11.1,6.5,76.0,66.0,60.0,private,True,219.6,43.92,Fail
2746,male,group B,some college,free/reduced,True,1.3,8.3,73.0,78.0,73.0,public,True,233.6,46.72,Fail
2747,male,group C,high school,free/reduced,True,4.9,6.8,52.0,66.0,74.0,public,True,203.7,40.74,Fail
2748,male,group A,high school,standard,True,9.66265306122449,9.5,61.0,36.0,70.46045112781955,private,True,186.62310418904406,37.32,Fail
2749,male,group B,some college,standard,False,9.3,4.3,67.0,62.0,58.0,international,True,200.6,40.12,Fail
2750,male,group A,master degree,free/reduced,False,9.4,7.193586956521739,66.0,63.0,83.0,private,True,228.59358695652173,45.72,Fail
2751,male,group E,bachelor degree,standard,True,10.2,5.8,59.0,79.0,63.0,private,True,217.0,43.4,Fail
2752,male,group E,high school,free/reduced,False,10.6,7.3,76.0,53.0,53.0,public,True,199.9,39.98,Fail
2753,male,group E,some college,standard,True,10.2,8.9,70.0,60.0,62.0,private,True,211.1,42.22,Fail
2754,female,group C,high school,standard,True,15.0,7.1,53.0,83.0,54.0,international,True,212.1,42.42,Fail
2755,female,group C,master degree,standard,True,9.9,5.5,52.0,58.0,72.0,international,True,197.4,39.48,Fail
2756,female,group C,associate degree,standard,False,9.66265306122449,8.6,100.0,93.0,63.0,public,True,274.26265306122446,54.85,Pass
2757,female,group B,high school,standard,False,5.7,8.5,82.0,80.0,64.0,public,True,240.2,48.04,Fail
2758,female,group B,associate degree,free/reduced,False,7.7,8.9,85.0,89.0,87.0,public,True,277.6,55.52,Pass
2759,female,group B,high school,free/reduced,True,7.6,7.4,85.0,85.0,80.0,public,True,265.0,53.0,Pass
2760,male,group E,associate degree,free/reduced,False,9.66265306122449,4.7,80.0,65.0,40.0,public,True,199.36265306122448,39.87,Fail
2761,male,group C,high school,free/reduced,False,8.8,9.5,69.0,77.0,53.0,private,True,217.3,43.46,Fail
2762,male,group C,high school,free/reduced,True,6.0,6.2,69.0,71.13410138248848,76.0,public,True,228.33410138248848,45.67,Fail
2763,female,group C,bachelor degree,standard,False,14.2,7.1,64.0,59.0,46.0,public,False,190.3,38.06,Fail
2764,female,group C,master degree,free/reduced,True,2.5,7.1,55.0,75.0,70.0,public,True,209.6,41.92,Fail
2765,male,group D,bachelor degree,free/reduced,True,8.3,5.8,87.0,52.0,68.0,public,True,221.1,44.22,Fail
2766,female,group E,master degree,standard,False,0.7,8.7,82.0,92.0,70.46045112781955,public,True,253.86045112781954,50.77,Pass
2767,male,group E,associate degree,standard,False,19.6,6.9,67.0,63.0,64.0,public,False,220.5,44.1,Fail
2768,female,group D,high school,standard,True,4.3,8.4,41.0,68.0,80.0,private,True,201.7,40.34,Fail
2769,female,group A,some college,standard,True,8.9,5.6,89.0,68.0,57.0,private,True,228.5,45.7,Fail
2770,female,group E,associate degree,free/reduced,True,12.4,6.6,83.0,68.0,68.0,public,True,238.0,47.6,Fail
2771,male,group B,bachelor degree,standard,False,9.66265306122449,8.5,83.0,77.0,59.0,public,True,237.1626530612245,47.43,Fail
2772,male,group D,bachelor degree,free/reduced,True,19.9,7.8,63.0,67.0,59.0,public,True,216.7,43.34,Fail
2773,male,group A,bachelor degree,free/reduced,True,7.7,7.0,64.0,76.0,71.0,public,False,225.7,45.14,Fail
2774,male,group A,high school,free/reduced,True,9.66265306122449,7.0,66.0,80.0,93.0,public,True,255.6626530612245,51.13,Pass
2775,female,group D,associate degree,standard,True,3.5,6.5,56.0,81.0,94.0,public,True,241.0,48.2,Fail
2776,male,group E,high school,standard,False,7.3,7.2,81.0,50.0,59.0,public,True,204.5,40.9,Fail
2777,female,group D,some college,standard,True,8.8,7.193586956521739,81.0,71.0,74.0,public,False,241.99358695652174,48.4,Fail
2778,female,group A,high school,free/reduced,False,16.7,9.1,85.0,72.0,88.0,private,True,270.8,54.16,Pass
2779,male,group A,high school,free/reduced,False,9.6,8.8,90.0,50.0,43.0,public,True,201.4,40.28,Fail
2780,male,group D,high school,standard,True,9.4,7.1,57.0,90.0,83.0,private,True,246.5,49.3,Fail
2781,female,group D,associate degree,standard,True,14.1,8.6,55.0,32.0,66.0,public,True,175.7,35.14,Fail
2782,female,group E,high school,standard,True,16.3,7.193586956521739,75.0,79.0,77.0,public,True,254.49358695652174,50.9,Pass
2783,female,group C,high school,standard,True,11.5,6.4,50.0,70.0,93.0,private,True,230.9,46.18,Fail
2784,male,group D,some college,free/reduced,False,10.4,8.9,70.0,89.0,100.0,public,True,278.3,55.66,Pass
2785,female,group B,some college,standard,False,12.6,8.0,60.0,88.0,48.0,public,True,216.6,43.32,Fail
2786,female,group B,master degree,free/reduced,True,10.4,8.6,82.0,57.0,80.0,public,True,238.0,47.6,Fail
2787,male,group C,high school,free/reduced,False,5.7,6.0,82.0,53.0,57.0,public,True,203.7,40.74,Fail
2788,male,group C,master degree,free/reduced,False,10.8,7.7,43.0,86.0,71.0,private,True,218.5,43.7,Fail
2789,male,group B,high school,standard,False,6.1,6.6,50.0,60.0,70.0,public,True,192.7,38.54,Fail
2790,male,group E,master degree,standard,False,6.4,6.5,94.0,58.0,69.0,international,False,233.9,46.78,Fail
2791,female,group B,bachelor degree,standard,True,6.9,7.9,88.0,75.0,65.0,public,True,242.8,48.56,Fail
2792,female,group C,master degree,standard,True,5.8,6.6,45.0,73.0,80.0,public,True,210.4,42.08,Fail
2793,male,group C,associate degree,standard,True,5.1,8.4,80.0,55.0,64.0,public,True,212.5,42.5,Fail
2794,male,group A,associate degree,free/reduced,True,14.1,8.7,61.0,58.0,74.0,public,True,215.8,43.16,Fail
2795,female,group C,associate degree,standard,True,10.3,5.3,87.0,59.0,52.0,international,True,213.6,42.72,Fail
2796,male,group B,bachelor degree,free/reduced,False,2.6,6.1,88.0,68.0,81.0,public,True,245.7,49.14,Fail
2797,male,group B,bachelor degree,free/reduced,True,12.3,7.193586956521739,72.0,70.0,67.0,international,True,228.49358695652174,45.7,Fail
2798,female,group E,high school,standard,False,3.4,7.5,80.0,73.0,83.0,public,True,246.9,49.38,Fail
2799,male,group C,master degree,free/reduced,False,14.9,6.1,100.0,42.0,91.0,public,True,254.0,50.8,Pass
2800,male,group B,high school,standard,True,9.8,7.7,54.0,82.0,38.0,public,True,191.5,38.3,Fail
2801,male,group C,high school,standard,True,18.1,6.3,47.0,61.0,77.0,public,True,209.4,41.88,Fail
2802,male,group E,high school,standard,False,11.7,7.3,76.0,65.0,72.0,public,True,232.0,46.4,Fail
2803,male,group C,high school,standard,True,8.4,5.5,65.0,64.0,62.0,public,True,204.9,40.98,Fail
2804,male,group B,high school,standard,False,4.5,6.7,61.0,79.0,58.0,public,True,209.2,41.84,Fail
2805,female,group E,bachelor degree,standard,False,7.9,8.1,91.0,57.0,89.0,private,True,253.0,50.6,Pass
2806,male,group C,high school,free/reduced,False,5.2,5.5,37.0,95.0,84.0,public,True,226.7,45.34,Fail
2807,male,group A,high school,standard,True,6.8,5.7,52.0,52.0,74.0,public,True,190.5,38.1,Fail
2808,female,group C,bachelor degree,free/reduced,False,4.5,7.7,38.0,99.0,88.0,public,True,237.2,47.44,Fail
2809,female,group D,high school,free/reduced,False,9.66265306122449,7.193586956521739,89.0,80.0,73.0,public,True,258.85624001774625,51.77,Pass
2810,male,group C,bachelor degree,standard,False,9.66265306122449,8.3,90.0,58.0,67.0,public,False,232.9626530612245,46.59,Fail
2811,female,group B,high school,standard,False,3.5,10.3,83.0,71.0,49.0,private,False,216.8,43.36,Fail
2812,male,group C,high school,standard,True,17.1,5.7,49.0,82.0,92.0,private,True,245.8,49.16,Fail
2813,female,group B,some college,standard,False,9.1,6.3,45.0,60.0,48.0,public,True,168.4,33.68,Fail
2814,female,group B,some college,free/reduced,True,12.5,6.5,71.0,49.0,95.0,international,True,234.0,46.8,Fail
2815,female,group A,master degree,standard,False,11.5,9.5,65.0,93.0,50.0,public,True,229.0,45.8,Fail
2816,female,group D,master degree,free/reduced,False,15.7,9.5,69.0,57.0,53.0,public,True,204.2,40.84,Fail
2817,male,group D,master degree,free/reduced,False,6.8,7.0,60.0,60.0,76.0,public,True,209.8,41.96,Fail
2818,male,group D,high school,standard,False,11.5,6.6,63.0,88.0,73.0,private,True,242.1,48.42,Fail
2819,female,group C,high school,free/reduced,True,17.2,5.0,88.0,44.0,51.0,public,True,205.2,41.04,Fail
2820,male,group A,bachelor degree,free/reduced,False,10.7,8.0,61.0,64.0,79.0,private,True,222.7,44.54,Fail
2821,male,group C,associate degree,standard,False,11.0,5.3,69.0,80.0,85.0,public,True,250.3,50.06,Pass
2822,female,group B,high school,standard,True,7.3,7.6,88.0,82.0,40.0,public,True,224.9,44.98,Fail
2823,male,group D,associate degree,standard,True,13.8,6.8,53.0,71.13410138248848,61.0,public,True,205.73410138248846,41.15,Fail
2824,female,group C,bachelor degree,free/reduced,True,10.6,8.6,71.0,51.0,49.0,private,True,190.2,38.04,Fail
2825,female,group B,bachelor degree,standard,True,11.1,6.1,63.0,83.0,69.0,public,True,232.2,46.44,Fail
2826,male,group A,master degree,standard,False,8.5,6.5,83.0,79.0,78.0,public,False,255.0,51.0,Pass
2827,female,group C,associate degree,free/reduced,True,10.6,9.2,69.0,56.0,57.0,international,True,201.8,40.36,Fail
2828,female,group B,master degree,free/reduced,True,6.5,5.9,64.0,78.0,63.0,private,True,217.4,43.48,Fail
2829,male,group D,high school,free/reduced,True,10.4,7.7,67.0,82.0,68.0,public,True,235.1,47.02,Fail
2830,male,group B,high school,free/reduced,False,8.9,7.0,84.0,81.0,93.0,international,True,273.9,54.78,Pass
2831,male,group C,high school,free/reduced,False,11.5,6.1,76.0,87.0,81.0,international,True,261.6,52.32,Pass
2832,male,group E,high school,free/reduced,False,1.1,5.6,73.0,71.13410138248848,70.46045112781955,public,True,221.29455251030805,44.26,Fail
2833,female,group E,some college,standard,False,0.9,8.2,59.0,47.0,89.0,public,True,204.1,40.82,Fail
2834,male,group D,associate degree,standard,True,9.66265306122449,7.6,77.0,59.0,66.0,public,True,219.26265306122448,43.85,Fail
2835,female,group E,bachelor degree,standard,True,6.6,7.7,65.0,86.0,73.0,public,True,238.3,47.66,Fail
2836,female,group B,associate degree,free/reduced,True,0.0,5.8,65.0,80.0,86.0,public,False,236.8,47.36,Fail
2837,female,group E,some college,standard,True,9.66265306122449,7.6,73.0,64.0,55.0,public,True,209.26265306122448,41.85,Fail
2838,female,group D,bachelor degree,standard,False,6.6,5.9,65.0,67.0,81.0,public,True,225.5,45.1,Fail
2839,male,group A,high school,standard,False,3.7,8.2,70.0,50.0,93.0,private,False,224.9,44.98,Fail
2840,female,group C,some college,free/reduced,False,10.8,6.0,78.0,83.0,74.0,public,True,251.8,50.36,Pass
2841,female,group C,associate degree,free/reduced,False,7.0,5.3,89.0,58.0,98.0,public,True,257.3,51.46,Pass
2842,female,group D,bachelor degree,free/reduced,False,5.9,8.1,77.0,100.0,69.0,private,True,260.0,52.0,Pass
2843,male,group E,bachelor degree,free/reduced,True,9.7,8.4,51.0,65.0,70.46045112781955,private,True,204.56045112781953,40.91,Fail
2844,female,group D,bachelor degree,free/reduced,False,13.0,8.0,44.0,58.0,79.0,public,True,202.0,40.4,Fail
2845,female,group E,high school,standard,False,9.5,6.5,51.0,84.0,50.0,public,True,201.0,40.2,Fail
2846,female,group D,master degree,free/reduced,False,9.5,7.1,75.0,68.0,50.0,private,False,209.6,41.92,Fail
2847,male,group B,high school,standard,True,6.6,6.4,83.0,65.0,39.0,public,True,200.0,40.0,Fail
2848,female,group D,associate degree,standard,True,11.5,6.8,61.0,71.13410138248848,59.0,public,True,209.43410138248848,41.89,Fail
2849,male,group D,some college,standard,False,2.2,8.5,59.0,99.0,72.0,public,False,240.7,48.14,Fail
2850,female,group D,high school,free/reduced,False,12.1,6.0,90.0,76.0,60.0,public,True,244.1,48.82,Fail
2851,male,group E,high school,standard,False,17.0,7.3,96.0,57.0,70.0,public,True,247.3,49.46,Fail
2852,female,group D,master degree,standard,False,3.2,10.1,76.0,54.0,77.0,public,True,220.3,44.06,Fail
2853,female,group C,master degree,standard,False,1.0,6.9,68.0,55.0,92.0,public,True,222.9,44.58,Fail
2854,female,group C,some college,standard,False,18.5,7.4,74.0,72.0,57.0,private,True,228.9,45.78,Fail
2855,female,group B,associate degree,standard,True,16.4,7.193586956521739,58.0,66.0,74.0,public,True,221.59358695652173,44.32,Fail
2856,male,group D,high school,free/reduced,False,3.1,6.7,83.0,56.0,58.0,public,True,206.8,41.36,Fail
2857,female,group C,high school,standard,False,9.66265306122449,7.193586956521739,62.0,89.0,60.0,public,True,227.85624001774625,45.57,Fail
2858,male,group B,high school,standard,True,7.2,7.193586956521739,68.0,65.0,51.0,public,True,198.39358695652174,39.68,Fail
2859,male,group E,some college,standard,False,1.5,7.193586956521739,85.0,56.0,63.0,private,True,212.69358695652176,42.54,Fail
2860,male,group A,high school,standard,True,8.0,7.9,45.0,61.0,56.0,public,False,177.9,35.58,Fail
2861,female,group E,some college,standard,False,0.0,10.0,72.0,65.0,43.0,public,True,190.0,38.0,Fail
2862,male,group E,high school,standard,True,1.5,7.193586956521739,51.0,93.0,97.0,public,True,249.69358695652176,49.94,Fail
2863,male,group A,bachelor degree,standard,True,5.9,9.4,95.0,48.0,55.0,private,False,213.3,42.66,Fail
2864,male,group D,high school,standard,False,16.5,7.5,77.0,82.0,71.0,public,True,254.0,50.8,Pass
2865,male,group E,high school,standard,True,13.7,7.0,88.0,75.0,72.0,international,True,255.7,51.14,Pass
2866,female,group B,associate degree,standard,True,9.66265306122449,7.3,74.0,66.0,59.0,public,True,215.9626530612245,43.19,Fail
2867,male,group B,high school,free/reduced,False,9.66265306122449,5.1,68.0,71.13410138248848,100.0,international,True,253.89675444371295,50.78,Pass
2868,female,group A,high school,free/reduced,False,8.0,7.193586956521739,68.0,79.0,88.0,public,False,250.19358695652176,50.04,Pass
2869,male,group B,high school,standard,True,10.5,11.0,74.0,98.0,65.0,public,True,258.5,51.7,Pass
2870,male,group E,associate degree,free/reduced,False,13.2,6.7,64.0,100.0,37.0,public,True,220.9,44.18,Fail
2871,female,group A,bachelor degree,standard,False,20.3,6.8,87.0,52.0,71.0,public,True,237.1,47.42,Fail
2872,female,group A,master degree,free/reduced,True,12.2,7.4,53.0,67.0,67.0,public,False,206.6,41.32,Fail
2873,female,group C,some college,standard,True,9.66265306122449,7.5,81.0,82.0,82.0,public,True,262.1626530612245,52.43,Pass
2874,female,group C,high school,standard,False,13.6,8.1,67.0,70.0,62.0,private,True,220.7,44.14,Fail
2875,female,group E,high school,standard,True,3.0,6.9,37.0,86.0,83.0,public,True,215.9,43.18,Fail
2876,male,group A,high school,standard,False,10.4,6.5,81.0,73.0,66.0,public,True,236.9,47.38,Fail
2877,male,group B,some college,standard,True,7.3,7.5,83.0,85.0,50.0,private,True,232.8,46.56,Fail
2878,male,group E,some college,standard,True,5.9,7.193586956521739,100.0,74.0,89.0,private,True,276.09358695652173,55.22,Pass
2879,female,group D,some college,standard,False,9.7,7.193586956521739,63.0,67.0,86.0,public,True,232.89358695652174,46.58,Fail
2880,male,group B,high school,standard,True,12.7,6.8,65.0,54.0,80.0,international,True,218.5,43.7,Fail
2881,female,group A,high school,standard,False,13.2,7.6,81.0,63.0,91.0,private,False,255.8,51.16,Pass
2882,female,group B,bachelor degree,free/reduced,False,18.1,7.4,40.0,74.0,75.0,private,True,214.5,42.9,Fail
2883,female,group C,some college,standard,False,12.0,6.8,61.0,62.0,86.0,public,True,227.8,45.56,Fail
2884,male,group A,some college,free/reduced,True,17.7,8.3,86.0,66.0,64.0,public,True,242.0,48.4,Fail
2885,male,group B,associate degree,standard,False,4.1,7.4,53.0,66.0,56.0,public,True,186.5,37.3,Fail
2886,female,group D,high school,free/reduced,True,10.9,9.6,73.0,73.0,64.0,public,True,230.5,46.1,Fail
2887,male,group B,associate degree,standard,False,19.9,7.193586956521739,78.0,49.0,60.0,public,True,214.09358695652173,42.82,Fail
2888,female,group E,high school,standard,True,10.0,6.2,84.0,38.0,83.0,public,True,221.2,44.24,Fail
2889,male,group E,bachelor degree,standard,True,9.7,7.193586956521739,46.0,70.0,63.0,public,True,195.89358695652174,39.18,Fail
2890,female,group B,some college,free/reduced,False,8.9,7.2,61.0,47.0,71.0,public,True,195.1,39.02,Fail
2891,female,group B,master degree,free/reduced,True,13.4,8.6,62.0,71.0,72.0,public,False,227.0,45.4,Fail
2892,female,group B,bachelor degree,standard,True,9.0,6.5,61.0,68.0,70.0,public,False,214.5,42.9,Fail
2893,female,group D,high school,standard,False,11.3,6.0,56.0,64.0,61.0,private,True,198.3,39.66,Fail
2894,female,group D,high school,free/reduced,False,9.66265306122449,7.1,59.0,95.0,62.0,public,True,232.76265306122448,46.55,Fail
2895,female,group D,master degree,free/reduced,True,7.4,6.5,76.0,71.13410138248848,81.0,public,True,242.03410138248847,48.41,Fail
2896,female,group B,high school,standard,True,9.9,7.6,55.0,78.0,86.0,private,True,236.5,47.3,Fail
2897,female,group B,associate degree,standard,True,12.4,9.1,46.0,56.0,51.0,public,True,174.5,34.9,Fail
2898,male,group C,high school,free/reduced,True,13.9,5.7,49.0,59.0,91.0,private,False,218.6,43.72,Fail
2899,male,group D,high school,standard,True,11.1,7.3,91.0,63.0,79.0,public,True,251.4,50.28,Pass
2900,male,group D,high school,free/reduced,True,7.3,6.8,64.0,57.0,87.0,public,True,222.1,44.42,Fail
2901,female,group E,high school,standard,False,8.6,6.4,77.0,82.0,73.0,public,True,247.0,49.4,Fail
2902,female,group E,master degree,standard,True,8.5,6.1,48.0,71.13410138248848,71.0,public,False,204.7341013824885,40.95,Fail
2903,male,group E,high school,standard,False,11.2,7.193586956521739,69.0,83.0,56.0,public,True,226.39358695652174,45.28,Fail
2904,male,group D,master degree,standard,True,14.1,9.1,74.0,76.0,61.0,public,True,234.2,46.84,Fail
2905,male,group A,bachelor degree,free/reduced,True,9.6,7.8,65.0,95.0,46.0,public,True,223.4,44.68,Fail
2906,female,group B,high school,standard,False,12.2,5.8,44.0,64.0,82.0,public,True,208.0,41.6,Fail
2907,female,group A,high school,standard,True,9.66265306122449,7.8,51.0,82.0,71.0,public,True,221.4626530612245,44.29,Fail
2908,male,group E,associate degree,standard,True,6.5,7.193586956521739,69.0,68.0,58.0,public,True,208.69358695652176,41.74,Fail
2909,female,group C,master degree,standard,True,14.7,8.3,70.0,53.0,77.0,public,True,223.0,44.6,Fail
2910,female,group D,some college,standard,True,10.5,4.0,52.0,38.0,85.0,public,True,189.5,37.9,Fail
2911,female,group C,high school,free/reduced,True,6.4,7.3,70.0,72.0,47.0,international,True,202.7,40.54,Fail
2912,female,group C,high school,free/reduced,False,9.5,8.9,45.0,70.0,72.0,public,True,205.4,41.08,Fail
2913,female,group A,some college,standard,True,4.6,7.193586956521739,56.0,81.0,65.0,private,True,213.79358695652172,42.76,Fail
2914,male,group D,some college,standard,True,3.3,7.2,48.0,56.0,70.46045112781955,private,True,184.96045112781957,36.99,Fail
2915,female,group C,some college,free/reduced,True,13.8,5.6,36.0,84.0,59.0,private,True,198.4,39.68,Fail
2916,female,group C,high school,standard,True,4.3,8.4,54.0,82.0,61.0,international,True,209.7,41.94,Fail
2917,male,group E,high school,free/reduced,True,14.4,8.3,57.0,100.0,67.0,public,True,246.7,49.34,Fail
2918,female,group C,high school,standard,False,12.4,6.7,58.0,57.0,81.0,public,True,215.1,43.02,Fail
2919,male,group B,associate degree,standard,True,10.0,8.5,71.0,44.0,59.0,private,True,192.5,38.5,Fail
2920,male,group A,master degree,standard,False,9.3,9.7,70.0,58.0,71.0,public,False,218.0,43.6,Fail
2921,male,group E,high school,free/reduced,False,11.1,6.5,71.0,68.0,70.46045112781955,public,True,227.06045112781953,45.41,Fail
2922,male,group B,some college,standard,False,7.5,3.7,86.0,66.0,82.0,private,True,245.2,49.04,Fail
2923,male,group E,associate degree,standard,False,17.8,7.9,83.0,83.0,78.0,public,True,269.7,53.94,Pass
2924,female,group D,bachelor degree,standard,True,4.9,7.9,64.0,52.0,85.0,public,True,213.8,42.76,Fail
2925,female,group B,high school,standard,True,5.5,7.4,72.0,68.0,68.0,private,True,220.9,44.18,Fail
2926,female,group B,master degree,standard,False,12.5,7.1,97.0,74.0,72.0,public,True,262.6,52.52,Pass
2927,male,group D,high school,standard,False,9.66265306122449,7.193586956521739,80.0,83.0,78.0,public,True,257.85624001774625,51.57,Pass
2928,male,group C,high school,standard,False,4.0,4.0,71.0,89.0,54.0,public,True,222.0,44.4,Fail
2929,female,group D,master degree,standard,True,6.7,8.8,99.0,66.0,87.0,public,True,267.5,53.5,Pass
2930,male,group B,high school,standard,True,7.4,9.4,55.0,71.13410138248848,73.0,public,True,215.93410138248848,43.19,Fail
2931,female,group C,high school,free/reduced,True,13.9,6.0,50.0,83.0,67.0,public,True,219.9,43.98,Fail
2932,female,group A,high school,free/reduced,True,2.4,5.0,80.0,71.13410138248848,67.0,private,False,225.53410138248847,45.11,Fail
2933,male,group B,some college,free/reduced,True,9.9,8.0,68.0,81.0,99.0,public,False,265.9,53.18,Pass
2934,male,group E,high school,standard,True,9.66265306122449,7.1,60.0,64.0,65.0,private,True,205.76265306122448,41.15,Fail
2935,female,group C,associate degree,free/reduced,True,7.2,7.5,72.0,42.0,57.0,international,True,185.7,37.14,Fail
2936,female,group B,some college,standard,False,9.4,4.7,90.0,84.0,73.0,public,True,261.1,52.22,Pass
2937,female,group D,master degree,standard,False,21.9,6.3,78.0,80.0,82.0,public,True,268.2,53.64,Pass
2938,male,group B,high school,free/reduced,False,9.66265306122449,6.7,66.0,63.0,70.46045112781955,public,True,215.82310418904405,43.16,Fail
2939,female,group C,associate degree,free/reduced,False,1.6,8.5,89.0,56.0,47.0,international,True,202.1,40.42,Fail
2940,male,group E,bachelor degree,standard,True,6.5,9.8,65.0,59.0,61.0,public,True,201.3,40.26,Fail
2941,female,group D,associate degree,free/reduced,False,0.7,7.1,98.0,76.0,97.0,public,True,278.8,55.76,Pass
2942,male,group C,high school,free/reduced,False,5.9,7.8,63.0,76.0,55.0,private,True,207.7,41.54,Fail
2943,female,group D,high school,standard,False,5.9,8.5,82.0,59.0,70.0,public,True,225.4,45.08,Fail
2944,male,group C,high school,free/reduced,False,12.2,6.9,67.0,53.0,61.0,private,True,200.1,40.02,Fail
2945,male,group C,associate degree,standard,False,10.6,6.5,49.0,65.0,91.0,public,True,222.1,44.42,Fail
2946,female,group C,high school,free/reduced,False,0.0,5.9,49.0,67.0,70.46045112781955,private,True,192.36045112781954,38.47,Fail
2947,male,group C,high school,standard,False,1.0,8.2,57.0,75.0,76.0,public,False,217.2,43.44,Fail
2948,female,group A,master degree,free/reduced,False,12.4,8.5,76.0,64.0,86.0,public,True,246.9,49.38,Fail
2949,male,group A,high school,free/reduced,True,15.6,9.1,58.0,71.13410138248848,85.0,public,True,238.83410138248848,47.77,Fail
2950,female,group D,bachelor degree,standard,True,13.4,6.9,49.0,59.0,80.0,public,True,208.3,41.66,Fail
2951,male,group B,some college,standard,False,15.1,7.193586956521739,83.0,54.0,51.0,public,True,210.29358695652172,42.06,Fail
2952,female,group A,master degree,free/reduced,True,6.6,8.3,48.0,88.0,62.0,private,True,212.9,42.58,Fail
2953,female,group D,master degree,free/reduced,False,10.5,6.5,53.0,58.0,69.0,private,True,197.0,39.4,Fail
2954,male,group D,high school,free/reduced,False,8.9,7.0,52.0,74.0,52.0,public,True,193.9,38.78,Fail
2955,male,group D,master degree,standard,False,9.66265306122449,6.8,83.0,100.0,69.0,public,True,268.4626530612245,53.69,Pass
2956,female,group A,master degree,free/reduced,False,7.6,6.5,88.0,77.0,75.0,public,True,254.1,50.82,Pass
2957,male,group D,high school,standard,False,10.3,8.6,87.0,82.0,67.0,public,True,254.9,50.98,Pass
2958,female,group B,some college,standard,False,2.8,5.4,82.0,41.0,100.0,international,True,231.2,46.24,Fail
2959,female,group C,high school,standard,False,12.3,8.8,74.0,52.0,100.0,public,True,247.1,49.42,Fail
2960,male,group C,associate degree,standard,True,17.6,9.0,90.0,81.0,39.0,public,True,236.6,47.32,Fail
2961,male,group E,high school,standard,True,15.5,8.6,62.0,73.0,73.0,private,True,232.1,46.42,Fail
2962,male,group B,associate degree,free/reduced,True,15.4,8.5,59.0,51.0,78.0,private,True,211.9,42.38,Fail
2963,male,group C,high school,standard,True,1.6,7.8,100.0,70.0,71.0,public,True,250.4,50.08,Pass
2964,female,group B,master degree,standard,True,5.5,8.2,64.0,80.0,42.0,public,False,199.7,39.94,Fail
2965,male,group A,high school,free/reduced,False,15.4,7.6,60.0,96.0,89.0,public,True,268.0,53.6,Pass
2966,female,group D,master degree,free/reduced,True,6.5,7.3,83.0,71.13410138248848,75.0,public,True,242.93410138248848,48.59,Fail
2967,male,group D,some college,standard,True,4.9,7.193586956521739,52.0,88.0,49.0,international,True,201.09358695652173,40.22,Fail
2968,female,group B,high school,free/reduced,False,7.3,5.6,92.0,63.0,91.0,public,True,258.9,51.78,Pass
2969,male,group D,bachelor degree,standard,False,7.7,7.193586956521739,94.0,62.0,54.0,public,True,224.89358695652174,44.98,Fail
2970,male,group E,some college,standard,True,11.3,10.5,78.0,92.0,90.0,private,True,281.8,56.36,Pass
2971,male,group D,some college,standard,True,3.0,7.0,71.0,89.0,78.0,public,True,248.0,49.6,Fail
2972,female,group A,some college,standard,False,11.7,7.4,60.0,50.0,76.0,public,False,205.1,41.02,Fail
2973,male,group C,some college,standard,True,1.4,7.0,66.0,65.0,73.0,private,True,212.4,42.48,Fail
2974,male,group B,high school,standard,False,10.3,5.9,85.0,73.0,68.0,public,True,242.2,48.44,Fail
2975,male,group C,high school,standard,False,14.3,8.3,73.0,82.0,70.46045112781955,public,True,248.06045112781953,49.61,Fail
2976,female,group B,associate degree,standard,False,9.66265306122449,7.0,72.0,82.0,79.0,private,True,249.6626530612245,49.93,Fail
2977,female,group E,high school,standard,True,14.9,4.9,58.0,86.0,55.0,international,True,218.8,43.76,Fail
2978,male,group B,some college,standard,False,16.8,8.2,76.0,75.0,70.46045112781955,public,True,246.46045112781957,49.29,Fail
2979,female,group C,some college,standard,True,3.4,5.2,53.0,91.0,66.0,public,True,218.6,43.72,Fail
2980,male,group E,some college,standard,False,10.9,5.5,88.0,71.13410138248848,62.0,international,True,237.53410138248847,47.51,Fail
2981,female,group B,bachelor degree,standard,False,5.8,9.4,92.0,71.0,38.0,public,True,216.2,43.24,Fail
2982,female,group D,high school,standard,False,0.7,6.7,84.0,53.0,63.0,public,True,207.4,41.48,Fail
2983,male,group C,high school,standard,False,6.9,5.8,88.0,81.0,90.0,international,False,271.7,54.34,Pass
2984,male,group A,some college,standard,False,8.2,7.193586956521739,77.0,37.0,63.0,public,True,192.39358695652174,38.48,Fail
2985,female,group D,high school,standard,True,9.1,7.3,100.0,90.0,71.0,public,True,277.4,55.48,Pass
2986,female,group E,associate degree,standard,False,6.2,7.7,83.0,35.0,63.0,public,True,194.9,38.98,Fail
2987,female,group C,high school,standard,True,20.4,8.0,81.0,64.0,27.0,public,True,200.4,40.08,Fail
2988,male,group A,some college,free/reduced,False,13.5,6.1,62.0,68.0,66.0,public,True,215.6,43.12,Fail
2989,male,group D,high school,standard,False,11.1,9.2,85.0,89.0,87.0,private,True,281.3,56.26,Pass
2990,male,group D,high school,free/reduced,False,10.0,7.193586956521739,73.0,82.0,76.0,public,True,248.19358695652176,49.64,Fail
2991,male,group A,some college,free/reduced,False,7.9,7.1,55.0,70.0,67.0,international,True,207.0,41.4,Fail
2992,female,group D,some college,free/reduced,True,9.66265306122449,7.1,76.0,70.0,48.0,public,True,210.76265306122448,42.15,Fail
2993,male,group B,high school,standard,True,11.6,5.3,85.0,71.13410138248848,80.0,public,True,253.03410138248847,50.61,Pass
2994,male,group E,high school,standard,True,9.66265306122449,7.193586956521739,96.0,69.0,80.0,public,True,261.85624001774625,52.37,Pass
2995,female,group B,bachelor degree,free/reduced,True,9.66265306122449,8.9,74.0,57.0,70.46045112781955,private,True,220.02310418904403,44.0,Fail
2996,female,group C,associate degree,standard,True,8.1,9.2,82.0,82.0,64.0,public,True,245.3,49.06,Fail
2997,male,group C,high school,standard,False,16.9,7.6,46.0,71.13410138248848,75.0,international,True,216.6341013824885,43.33,Fail
2998,male,group C,high school,free/reduced,True,2.5,7.2,69.0,78.0,70.46045112781955,public,True,227.16045112781956,45.43,Fail
2999,female,group C,some college,standard,False,15.8,9.2,64.0,76.0,36.0,public,True,201.0,40.2,Fail
3000,male,group C,bachelor degree,standard,True,15.1,7.193586956521739,75.0,71.13410138248848,74.0,public,True,242.42768833901022,48.49,Fail
3001,female,group D,high school,free/reduced,True,11.2,7.193586956521739,100.0,75.0,68.0,public,True,261.39358695652174,52.28,Pass
3002,male,group C,master degree,standard,True,6.1,7.1,60.0,84.0,70.46045112781955,public,True,227.66045112781956,45.53,Fail
3003,male,group C,high school,standard,True,3.8,7.3,68.0,80.0,65.0,private,True,224.1,44.82,Fail
3004,female,group E,bachelor degree,standard,True,15.1,8.4,78.0,100.0,74.0,public,True,275.5,55.1,Pass
3005,female,group C,master degree,free/reduced,False,9.4,7.6,67.0,51.0,70.0,public,True,205.0,41.0,Fail
3006,female,group E,associate degree,free/reduced,False,6.0,7.8,62.0,94.0,94.0,public,True,263.8,52.76,Pass
3007,male,group B,some college,standard,True,14.8,7.193586956521739,45.0,42.0,63.0,public,False,171.99358695652174,34.4,Fail
3008,male,group D,associate degree,standard,False,10.6,9.3,70.0,75.0,70.0,private,True,234.9,46.98,Fail
3009,female,group E,associate degree,free/reduced,False,13.3,8.2,49.0,84.0,56.0,international,True,210.5,42.1,Fail
3010,male,group C,associate degree,standard,False,13.0,7.8,32.0,58.0,70.46045112781955,public,True,181.26045112781955,36.25,Fail
3011,male,group D,associate degree,standard,True,8.5,5.5,87.0,78.0,75.0,private,True,254.0,50.8,Pass
3012,male,group D,some college,standard,True,9.66265306122449,8.5,79.0,74.0,39.0,international,False,210.1626530612245,42.03,Fail
3013,male,group E,high school,free/reduced,True,14.8,6.6,55.0,56.0,82.0,public,True,214.4,42.88,Fail
3014,female,group B,some college,free/reduced,True,10.9,6.4,77.0,71.0,86.0,public,True,251.3,50.26,Pass
3015,male,group C,some college,free/reduced,False,20.5,7.7,64.0,62.0,66.0,private,True,220.2,44.04,Fail
3016,male,group C,some college,standard,True,14.8,7.1,77.0,74.0,46.0,public,True,218.9,43.78,Fail
3017,male,group C,some college,standard,False,9.66265306122449,6.3,68.0,58.0,83.0,private,False,224.9626530612245,44.99,Fail
3018,male,group A,high school,standard,True,10.4,6.7,66.0,82.0,79.0,public,True,244.1,48.82,Fail
3019,female,group B,high school,free/reduced,True,5.0,7.8,63.0,80.0,56.0,public,True,211.8,42.36,Fail
3020,male,group E,bachelor degree,standard,True,10.3,7.193586956521739,82.0,53.0,68.0,private,False,220.49358695652174,44.1,Fail
3021,male,group D,master degree,standard,False,9.66265306122449,6.5,80.0,51.0,70.46045112781955,public,True,217.62310418904406,43.52,Fail
3022,female,group C,high school,standard,False,17.0,8.0,72.0,71.13410138248848,69.0,international,True,237.1341013824885,47.43,Fail
3023,female,group B,master degree,standard,False,5.3,7.193586956521739,69.0,53.0,57.0,public,True,191.49358695652174,38.3,Fail
3024,male,group C,associate degree,standard,False,16.5,6.5,59.0,72.0,49.0,public,True,203.0,40.6,Fail
3025,female,group D,bachelor degree,free/reduced,False,9.66265306122449,7.193586956521739,63.0,76.0,75.0,private,True,230.85624001774625,46.17,Fail
3026,female,group A,high school,standard,False,3.4,5.2,91.0,96.0,65.0,international,True,260.6,52.12,Pass
3027,male,group B,bachelor degree,standard,True,5.6,7.3,74.0,63.0,80.0,public,True,229.9,45.98,Fail
3028,male,group C,high school,standard,False,10.5,8.6,68.0,79.0,84.0,public,True,250.1,50.02,Pass
3029,male,group B,high school,free/reduced,False,14.0,7.193586956521739,43.0,68.0,74.0,public,True,206.19358695652176,41.24,Fail
3030,female,group B,high school,free/reduced,False,8.9,5.5,74.0,61.0,70.46045112781955,public,True,219.86045112781954,43.97,Fail
3031,male,group C,high school,standard,False,4.3,7.3,68.0,73.0,79.0,international,True,231.6,46.32,Fail
3032,female,group C,some college,standard,False,16.2,7.5,100.0,79.0,68.0,public,True,270.7,54.14,Pass
3033,male,group B,master degree,standard,False,9.66265306122449,5.5,70.0,73.0,52.0,public,True,210.1626530612245,42.03,Fail
3034,male,group B,master degree,standard,False,11.7,8.5,80.0,71.0,67.0,public,True,238.2,47.64,Fail
3035,male,group B,some college,standard,True,9.66265306122449,7.6,54.0,57.0,74.0,private,True,202.26265306122448,40.45,Fail
3036,male,group D,some college,standard,False,7.2,9.7,92.0,65.0,49.0,international,True,222.9,44.58,Fail
3037,male,group C,bachelor degree,free/reduced,False,5.8,7.2,31.0,53.0,93.0,public,True,190.0,38.0,Fail
3038,male,group C,high school,standard,False,9.66265306122449,6.0,44.0,82.0,65.0,public,True,206.6626530612245,41.33,Fail
3039,male,group A,high school,standard,False,6.8,9.3,63.0,71.13410138248848,64.0,public,True,214.23410138248846,42.85,Fail
3040,male,group C,high school,standard,False,11.0,6.4,73.0,68.0,52.0,public,True,210.4,42.08,Fail
3041,female,group E,bachelor degree,standard,False,11.7,4.5,43.0,74.0,73.0,public,True,206.2,41.24,Fail
3042,male,group B,associate degree,standard,True,8.0,8.5,69.0,71.13410138248848,93.0,public,True,249.6341013824885,49.93,Fail
3043,male,group B,high school,standard,False,6.6,6.6,75.0,71.13410138248848,58.0,private,True,217.33410138248848,43.47,Fail
3044,male,group D,high school,standard,True,13.2,7.4,63.0,72.0,85.0,public,True,240.6,48.12,Fail
3045,male,group A,high school,free/reduced,False,7.4,8.1,40.0,99.0,79.0,public,True,233.5,46.7,Fail
3046,male,group E,high school,free/reduced,True,9.2,7.193586956521739,80.0,89.0,63.0,public,True,248.39358695652174,49.68,Fail
3047,female,group B,bachelor degree,standard,False,9.66265306122449,8.8,80.0,74.0,85.0,public,True,257.4626530612245,51.49,Pass
3048,female,group B,bachelor degree,standard,True,5.2,7.2,81.0,74.0,74.0,public,True,241.4,48.28,Fail
3049,male,group B,some college,standard,True,13.0,6.6,58.0,78.0,69.0,public,True,224.6,44.92,Fail
3050,male,group D,some college,free/reduced,False,14.2,7.9,69.0,53.0,66.0,public,True,210.1,42.02,Fail
3051,male,group C,high school,standard,True,18.5,10.5,95.0,77.0,57.0,public,True,258.0,51.6,Pass
3052,female,group E,high school,standard,True,6.3,7.193586956521739,64.0,81.0,74.0,private,True,232.49358695652174,46.5,Fail
3053,female,group C,associate degree,standard,True,9.66265306122449,6.8,96.0,68.0,81.0,public,True,261.4626530612245,52.29,Pass
3054,female,group D,high school,free/reduced,False,9.66265306122449,7.193586956521739,100.0,62.0,81.0,public,True,259.85624001774625,51.97,Pass
3055,male,group C,high school,standard,False,7.7,6.7,65.0,72.0,67.0,public,True,218.4,43.68,Fail
3056,female,group C,associate degree,free/reduced,True,8.6,7.193586956521739,61.0,77.0,69.0,international,False,222.79358695652172,44.56,Fail
3057,female,group E,high school,standard,False,8.2,8.1,82.0,85.0,74.0,public,True,257.3,51.46,Pass
3058,female,group B,high school,standard,True,8.5,7.2,82.0,78.0,51.0,public,True,226.7,45.34,Fail
3059,male,group C,bachelor degree,standard,False,9.0,8.0,73.0,79.0,48.0,public,True,217.0,43.4,Fail
3060,male,group B,associate degree,standard,False,19.4,5.8,64.0,58.0,80.0,public,True,227.2,45.44,Fail
3061,female,group B,high school,standard,True,7.2,8.3,65.0,56.0,99.0,public,True,235.5,47.1,Fail
3062,female,group A,bachelor degree,free/reduced,True,11.1,8.0,68.0,71.13410138248848,61.0,public,False,219.23410138248846,43.85,Fail
3063,female,group B,bachelor degree,free/reduced,False,8.1,5.7,71.0,70.0,48.0,public,True,202.8,40.56,Fail
3064,female,group C,some college,standard,False,5.8,5.8,59.0,50.0,58.0,public,True,178.6,35.72,Fail
3065,male,group B,high school,free/reduced,False,6.9,8.7,69.0,68.0,66.0,public,True,218.6,43.72,Fail
3066,female,group D,master degree,standard,True,16.1,6.7,79.0,59.0,41.0,public,True,201.8,40.36,Fail
3067,female,group A,master degree,free/reduced,False,15.2,5.9,71.0,69.0,82.0,public,True,243.1,48.62,Fail
3068,female,group A,associate degree,free/reduced,True,6.1,7.4,95.0,70.0,71.0,international,True,249.5,49.9,Fail
3069,female,group A,high school,standard,False,12.7,6.0,89.0,71.13410138248848,45.0,private,True,223.83410138248848,44.77,Fail
3070,male,group B,high school,standard,False,13.8,9.5,60.0,70.0,81.0,public,True,234.3,46.86,Fail
3071,female,group C,associate degree,standard,False,6.9,6.5,52.0,88.0,60.0,public,True,213.4,42.68,Fail
3072,female,group A,some college,free/reduced,False,9.66265306122449,6.4,50.0,51.0,59.0,private,True,176.0626530612245,35.21,Fail
3073,male,group C,some college,free/reduced,True,8.3,6.7,40.0,70.0,55.0,public,True,180.0,36.0,Fail
3074,female,group C,high school,free/reduced,True,11.3,7.0,65.0,94.0,77.0,public,True,254.3,50.86,Pass
3075,female,group E,bachelor degree,standard,True,4.3,6.2,67.0,63.0,73.0,private,True,213.5,42.7,Fail
3076,female,group C,bachelor degree,standard,False,10.7,6.8,50.0,58.0,65.0,public,True,190.5,38.1,Fail
3077,female,group C,some college,standard,False,9.66265306122449,3.0,65.0,71.13410138248848,91.0,public,True,239.79675444371298,47.96,Fail
3078,female,group A,high school,standard,False,8.6,6.0,63.0,85.0,85.0,public,True,247.6,49.52,Fail
3079,female,group C,bachelor degree,standard,True,11.2,5.8,67.0,72.0,72.0,public,True,228.0,45.6,Fail
3080,female,group C,some college,standard,True,14.6,7.193586956521739,68.0,64.0,76.0,public,True,229.79358695652172,45.96,Fail
3081,male,group A,high school,standard,True,14.1,5.3,56.0,71.13410138248848,95.0,public,True,241.53410138248847,48.31,Fail
3082,male,group B,associate degree,free/reduced,False,5.8,7.193586956521739,69.0,81.0,67.0,private,True,229.99358695652174,46.0,Fail
3083,male,group C,high school,standard,False,13.8,8.6,67.0,95.0,61.0,public,True,245.4,49.08,Fail
3084,male,group C,some college,free/reduced,True,6.6,7.6,59.0,71.13410138248848,84.0,public,True,228.33410138248848,45.67,Fail
3085,female,group D,some college,standard,False,10.1,7.9,54.0,71.13410138248848,65.0,private,True,208.1341013824885,41.63,Fail
3086,female,group D,some college,standard,True,12.1,7.9,68.0,78.0,72.0,public,True,238.0,47.6,Fail
3087,female,group B,high school,standard,False,14.0,6.2,57.0,73.0,90.0,public,True,240.2,48.04,Fail
3088,female,group E,some college,free/reduced,False,8.7,7.3,60.0,65.0,85.0,international,True,226.0,45.2,Fail
3089,male,group D,high school,standard,False,1.8,6.4,48.0,93.0,77.0,public,True,226.2,45.24,Fail
3090,male,group D,some college,free/reduced,False,17.4,7.3,55.0,58.0,76.0,public,False,213.7,42.74,Fail
3091,male,group C,bachelor degree,standard,False,10.7,6.6,78.0,71.13410138248848,66.0,public,True,232.43410138248848,46.49,Fail
3092,male,group B,bachelor degree,standard,True,12.7,7.7,81.0,66.0,94.0,public,True,261.4,52.28,Pass
3093,female,group D,some college,free/reduced,False,10.6,11.0,89.0,76.0,81.0,public,True,267.6,53.52,Pass
3094,female,group A,master degree,free/reduced,False,12.3,5.3,72.0,78.0,49.0,public,False,216.6,43.32,Fail
3095,female,group C,associate degree,standard,False,15.6,6.7,73.0,63.0,50.0,public,False,208.3,41.66,Fail
3096,male,group B,high school,standard,True,9.4,5.3,83.0,59.0,67.0,public,True,223.7,44.74,Fail
3097,male,group D,associate degree,free/reduced,True,7.0,6.9,54.0,71.13410138248848,71.0,public,True,210.03410138248847,42.01,Fail
3098,male,group D,some college,free/reduced,False,3.0,6.0,75.0,71.13410138248848,73.0,private,False,228.1341013824885,45.63,Fail
3099,male,group E,some college,standard,True,8.2,8.1,55.0,60.0,59.0,public,True,190.3,38.06,Fail
3100,female,group E,associate degree,standard,False,9.8,7.6,74.0,93.0,66.0,public,True,250.4,50.08,Pass
3101,male,group B,high school,free/reduced,True,6.2,8.6,79.0,85.0,62.0,international,True,240.8,48.16,Fail
3102,male,group A,high school,free/reduced,False,18.1,5.0,69.0,69.0,68.0,public,True,229.1,45.82,Fail
3103,female,group C,bachelor degree,free/reduced,True,17.6,6.9,71.0,75.0,83.0,public,True,253.5,50.7,Pass
3104,female,group E,bachelor degree,standard,False,11.4,9.1,65.0,96.0,66.0,private,True,247.5,49.5,Fail
3105,female,group B,high school,standard,False,9.66265306122449,8.0,78.0,100.0,61.0,private,False,256.6626530612245,51.33,Pass
3106,male,group A,high school,standard,False,13.3,5.1,85.0,60.0,82.0,public,True,245.4,49.08,Fail
3107,male,group E,high school,free/reduced,True,8.5,7.5,84.0,56.0,65.0,public,True,221.0,44.2,Fail
3108,male,group C,some college,standard,True,17.7,8.7,86.0,90.0,68.0,private,True,270.4,54.08,Pass
3109,female,group B,some college,standard,False,22.2,6.6,56.0,91.0,24.0,private,True,199.8,39.96,Fail
3110,female,group E,high school,standard,False,8.5,7.0,77.0,88.0,80.0,public,True,260.5,52.1,Pass
3111,male,group B,high school,standard,False,6.1,8.0,43.0,76.0,51.0,public,False,184.1,36.82,Fail
3112,female,group E,high school,free/reduced,False,7.0,7.8,91.0,67.0,82.0,international,True,254.8,50.96,Pass
3113,female,group B,associate degree,standard,True,3.3,7.5,73.0,83.0,85.0,public,True,251.8,50.36,Pass
3114,male,group E,associate degree,standard,False,13.4,6.3,76.0,85.0,81.0,private,True,261.7,52.34,Pass
3115,female,group B,high school,standard,False,16.7,6.8,59.0,78.0,74.0,public,True,234.5,46.9,Fail
3116,female,group D,some college,standard,True,10.2,8.6,40.0,46.0,99.0,public,True,203.8,40.76,Fail
3117,female,group B,associate degree,standard,False,4.5,7.4,69.0,77.0,64.0,public,True,221.9,44.38,Fail
3118,male,group D,bachelor degree,free/reduced,True,19.6,7.8,95.0,26.0,48.0,private,True,196.4,39.28,Fail
3119,female,group A,master degree,free/reduced,True,5.1,5.8,63.0,79.0,69.0,private,True,221.9,44.38,Fail
3120,male,group B,some college,free/reduced,False,16.2,8.4,51.0,83.0,72.0,public,True,230.6,46.12,Fail
3121,female,group E,bachelor degree,standard,True,13.3,8.3,78.0,72.0,96.0,public,True,267.6,53.52,Pass
3122,male,group B,high school,standard,False,1.5,3.7,73.0,52.0,73.0,public,True,203.2,40.64,Fail
3123,female,group A,high school,free/reduced,False,5.8,7.193586956521739,86.0,75.0,66.0,private,True,239.99358695652174,48.0,Fail
3124,male,group D,master degree,standard,True,2.5,7.5,72.0,45.0,53.0,public,True,180.0,36.0,Fail
3125,male,group B,associate degree,free/reduced,False,13.5,4.6,64.0,84.0,76.0,public,False,242.1,48.42,Fail
3126,female,group D,bachelor degree,standard,True,9.0,5.6,69.0,53.0,70.0,public,True,206.6,41.32,Fail
3127,male,group B,master degree,free/reduced,False,4.1,8.1,70.0,100.0,81.0,public,True,263.2,52.64,Pass
3128,female,group B,master degree,standard,True,11.1,6.8,56.0,83.0,50.0,international,True,206.9,41.38,Fail
3129,male,group D,some college,standard,False,5.7,8.8,68.0,62.0,63.0,international,False,207.5,41.5,Fail
3130,male,group D,high school,standard,False,5.1,7.193586956521739,70.0,66.0,69.0,public,True,217.29358695652172,43.46,Fail
3131,male,group A,some college,free/reduced,True,14.9,5.7,74.0,98.0,65.0,public,True,257.6,51.52,Pass
3132,male,group A,high school,standard,True,17.2,7.193586956521739,97.0,72.0,49.0,private,True,242.39358695652174,48.48,Fail
3133,male,group B,some college,standard,False,8.1,8.2,72.0,71.0,69.0,public,True,228.3,45.66,Fail
3134,male,group D,high school,standard,False,10.7,6.9,88.0,62.0,62.0,international,True,229.6,45.92,Fail
3135,male,group D,associate degree,standard,False,3.9,7.193586956521739,70.0,73.0,73.0,public,True,227.09358695652173,45.42,Fail
3136,male,group C,associate degree,standard,True,12.0,7.7,79.0,81.0,90.0,public,True,269.7,53.94,Pass
3137,female,group D,high school,standard,False,6.6,5.4,56.0,86.0,63.0,private,True,217.0,43.4,Fail
3138,female,group E,high school,standard,True,8.2,6.8,43.0,57.0,72.0,public,True,187.0,37.4,Fail
3139,female,group C,high school,standard,False,11.9,6.3,65.0,51.0,72.0,international,False,206.2,41.24,Fail
3140,female,group A,high school,standard,False,6.7,4.1,69.0,75.0,85.0,international,False,239.8,47.96,Fail
3141,female,group D,some college,standard,False,7.9,4.9,81.0,58.0,87.0,public,True,238.8,47.76,Fail
3142,female,group B,bachelor degree,free/reduced,True,12.6,7.193586956521739,58.0,85.0,68.0,private,True,230.79358695652172,46.16,Fail
3143,female,group E,master degree,free/reduced,True,3.9,9.2,78.0,68.0,66.0,public,True,225.1,45.02,Fail
3144,female,group A,associate degree,free/reduced,False,9.66265306122449,8.0,68.0,65.0,70.0,public,True,220.6626530612245,44.13,Fail
3145,male,group E,high school,free/reduced,False,2.3,5.7,68.0,61.0,51.0,private,True,188.0,37.6,Fail
3146,female,group D,high school,free/reduced,False,3.5,7.0,77.0,52.0,92.0,public,True,231.5,46.3,Fail
3147,female,group D,high school,free/reduced,True,14.7,7.5,69.0,70.0,83.0,private,True,244.2,48.84,Fail
3148,male,group B,some college,standard,False,18.5,5.6,61.0,80.0,59.0,public,True,224.1,44.82,Fail
3149,male,group C,master degree,standard,True,17.7,9.1,66.0,79.0,69.0,private,True,240.8,48.16,Fail
3150,female,group C,high school,free/reduced,True,7.2,5.8,77.0,47.0,62.0,public,True,199.0,39.8,Fail
3151,female,group C,high school,standard,True,19.5,7.3,72.0,60.0,71.0,private,True,229.8,45.96,Fail
3152,male,group B,high school,standard,False,7.8,7.6,79.0,75.0,71.0,public,True,240.4,48.08,Fail
3153,male,group B,associate degree,standard,True,6.3,7.6,77.0,88.0,74.0,public,True,252.9,50.58,Pass
3154,male,group B,associate degree,standard,False,15.3,6.8,42.0,69.0,54.0,public,True,187.1,37.42,Fail
3155,female,group C,some college,free/reduced,False,13.6,6.5,42.0,88.0,66.0,public,True,216.1,43.22,Fail
3156,female,group C,high school,standard,False,0.7,8.2,68.0,50.0,71.0,international,False,197.9,39.58,Fail
3157,female,group C,some college,standard,True,13.1,6.4,98.0,78.0,70.46045112781955,international,True,265.96045112781957,53.19,Pass
3158,female,group C,bachelor degree,free/reduced,False,5.8,6.5,72.0,83.0,73.0,private,True,240.3,48.06,Fail
3159,male,group D,high school,free/reduced,False,6.8,7.8,46.0,59.0,62.0,public,True,181.6,36.32,Fail
3160,female,group C,bachelor degree,standard,False,4.8,7.193586956521739,51.0,61.0,95.0,public,True,218.99358695652174,43.8,Fail
3161,male,group E,high school,standard,False,16.8,7.193586956521739,90.0,88.0,100.0,international,True,301.99358695652177,60.4,Pass
3162,female,group C,high school,standard,False,19.8,7.5,83.0,57.0,75.0,public,True,242.3,48.46,Fail
3163,female,group E,high school,standard,False,9.66265306122449,8.3,51.0,97.0,66.0,public,True,231.9626530612245,46.39,Fail
3164,female,group B,some college,standard,False,10.3,8.4,50.0,76.0,92.0,public,False,236.7,47.34,Fail
3165,male,group C,master degree,standard,True,5.7,4.0,88.0,91.0,62.0,public,True,250.7,50.14,Pass
3166,male,group D,some college,free/reduced,True,12.7,8.0,86.0,71.0,73.0,private,False,250.7,50.14,Pass
3167,male,group D,high school,standard,True,9.66265306122449,6.8,75.0,81.0,91.0,public,True,263.4626530612245,52.69,Pass
3168,male,group B,some college,free/reduced,True,13.6,9.0,43.0,75.0,83.0,international,True,223.6,44.72,Fail
3169,male,group C,associate degree,standard,False,6.7,7.4,67.0,90.0,70.46045112781955,private,True,241.56045112781953,48.31,Fail
3170,male,group A,high school,standard,False,2.0,7.1,52.0,76.0,70.46045112781955,public,True,207.56045112781953,41.51,Fail
3171,female,group B,associate degree,free/reduced,True,5.2,8.7,67.0,62.0,74.0,private,True,216.9,43.38,Fail
3172,female,group B,some college,standard,False,16.5,8.1,66.0,82.0,41.0,international,True,213.6,42.72,Fail
3173,male,group C,high school,free/reduced,False,5.2,6.2,78.0,49.0,62.0,public,True,200.4,40.08,Fail
3174,male,group C,high school,free/reduced,False,9.66265306122449,6.8,59.0,84.0,76.0,public,True,235.4626530612245,47.09,Fail
3175,male,group B,high school,standard,True,0.0,6.5,56.0,71.13410138248848,56.0,public,False,189.6341013824885,37.93,Fail
3176,female,group C,high school,standard,True,9.4,8.4,43.0,80.0,61.0,international,True,201.8,40.36,Fail
3177,female,group D,some college,standard,False,4.0,9.7,66.0,88.0,65.0,public,True,232.7,46.54,Fail
3178,male,group D,bachelor degree,standard,False,6.4,6.7,96.0,60.0,70.46045112781955,private,True,239.56045112781953,47.91,Fail
3179,female,group E,high school,standard,True,9.66265306122449,9.3,53.0,27.0,72.0,public,True,170.9626530612245,34.19,Fail
3180,female,group C,high school,free/reduced,True,15.5,6.2,75.0,61.0,81.0,public,True,238.7,47.74,Fail
3181,male,group B,high school,standard,False,9.66265306122449,7.4,82.0,69.0,88.0,public,True,256.0626530612245,51.21,Pass
3182,female,group D,some college,free/reduced,True,12.8,7.193586956521739,76.0,81.0,98.0,public,True,274.99358695652177,55.0,Pass
3183,male,group E,high school,standard,True,8.7,5.7,65.0,75.0,74.0,public,True,228.4,45.68,Fail
3184,male,group C,some college,free/reduced,True,12.5,6.8,55.0,77.0,89.0,private,True,240.3,48.06,Fail
3185,male,group E,some college,standard,True,10.8,6.6,64.0,68.0,65.0,public,True,214.4,42.88,Fail
3186,female,group E,master degree,standard,False,11.5,8.7,54.0,63.0,69.0,public,True,206.2,41.24,Fail
3187,female,group D,master degree,standard,False,11.0,9.1,89.0,81.0,89.0,public,True,279.1,55.82,Pass
3188,male,group A,some college,standard,False,7.9,6.6,59.0,83.0,72.0,public,True,228.5,45.7,Fail
3189,male,group C,some college,free/reduced,False,15.8,7.8,46.0,68.0,43.0,public,True,180.6,36.12,Fail
3190,male,group E,bachelor degree,free/reduced,True,14.2,8.8,66.0,65.0,60.0,public,True,214.0,42.8,Fail
3191,female,group D,master degree,standard,False,10.7,4.1,81.0,73.0,85.0,public,False,253.8,50.76,Pass
3192,male,group C,high school,free/reduced,True,10.3,8.2,63.0,73.0,69.0,public,False,223.5,44.7,Fail
3193,female,group C,master degree,standard,False,13.3,7.7,64.0,67.0,65.0,public,True,217.0,43.4,Fail
3194,male,group B,associate degree,standard,False,10.5,9.5,70.0,52.0,76.0,public,False,218.0,43.6,Fail
3195,male,group C,some college,standard,False,8.7,7.193586956521739,63.0,78.0,64.0,international,True,220.89358695652174,44.18,Fail
3196,male,group B,associate degree,standard,True,17.6,6.4,88.0,71.13410138248848,65.0,private,True,248.1341013824885,49.63,Fail
3197,female,group A,bachelor degree,standard,True,11.1,8.1,90.0,69.0,61.0,public,True,239.2,47.84,Fail
3198,male,group D,some college,standard,False,9.66265306122449,7.1,67.0,100.0,63.0,private,True,246.76265306122448,49.35,Fail
3199,female,group E,some college,standard,False,9.0,8.7,73.0,62.0,70.0,public,True,222.7,44.54,Fail
3200,female,group B,bachelor degree,standard,False,8.9,8.3,75.0,81.0,78.0,public,True,251.2,50.24,Pass
3201,female,group E,some college,free/reduced,False,11.1,6.2,84.0,92.0,63.0,public,False,256.3,51.26,Pass
3202,female,group E,bachelor degree,free/reduced,False,16.9,6.0,68.0,67.0,59.0,public,True,216.9,43.38,Fail
3203,female,group E,high school,free/reduced,False,6.6,7.3,76.0,66.0,77.0,public,True,232.9,46.58,Fail
3204,male,group C,high school,standard,True,1.3,7.4,44.0,71.13410138248848,70.0,private,False,193.83410138248848,38.77,Fail
3205,male,group C,some college,standard,True,13.5,7.3,72.0,83.0,77.0,public,False,252.8,50.56,Pass
3206,female,group D,bachelor degree,standard,True,9.66265306122449,9.8,79.0,80.0,80.0,private,True,258.4626530612245,51.69,Pass
3207,female,group E,some college,standard,False,11.5,6.9,94.0,76.0,61.0,public,True,249.4,49.88,Fail
3208,female,group D,some college,standard,False,7.1,8.4,90.0,53.0,83.0,international,True,241.5,48.3,Fail
3209,male,group C,some college,standard,False,10.1,7.2,51.0,80.0,85.0,public,True,233.3,46.66,Fail
3210,female,group C,high school,standard,True,2.5,6.8,70.0,37.0,34.0,public,True,150.3,30.06,Fail
3211,female,group C,associate degree,standard,False,11.5,8.1,55.0,91.0,60.0,public,True,225.6,45.12,Fail
3212,male,group D,high school,standard,True,10.8,6.5,72.0,84.0,87.0,public,True,260.3,52.06,Pass
3213,female,group B,high school,free/reduced,False,3.3,9.0,72.0,64.0,79.0,public,True,227.3,45.46,Fail
3214,female,group B,associate degree,standard,True,13.1,5.9,100.0,75.0,100.0,private,True,294.0,58.8,Pass
3215,male,group E,bachelor degree,standard,True,5.6,6.7,56.0,82.0,84.0,public,True,234.3,46.86,Fail
3216,female,group C,associate degree,standard,True,7.4,7.8,90.0,70.0,78.0,public,True,253.2,50.64,Pass
3217,female,group E,high school,standard,False,10.7,6.2,40.0,80.0,81.0,public,True,217.9,43.58,Fail
3218,male,group A,high school,standard,False,6.5,7.193586956521739,72.0,64.0,44.0,international,True,193.69358695652176,38.74,Fail
3219,male,group C,high school,standard,False,12.5,8.3,59.0,74.0,70.46045112781955,public,True,224.26045112781958,44.85,Fail
3220,female,group D,bachelor degree,standard,True,8.4,7.193586956521739,60.0,62.0,82.0,international,True,219.59358695652173,43.92,Fail
3221,female,group E,high school,free/reduced,True,9.66265306122449,7.3,92.0,91.0,69.0,private,True,268.9626530612245,53.79,Pass
3222,female,group D,high school,standard,True,18.3,6.9,75.0,55.0,60.0,public,True,215.2,43.04,Fail
3223,female,group E,bachelor degree,standard,False,12.2,4.4,80.0,75.0,71.0,private,True,242.6,48.52,Fail
3224,male,group E,bachelor degree,standard,False,12.5,7.4,3.0,85.0,73.0,private,True,180.9,36.18,Fail
3225,male,group B,bachelor degree,standard,True,0.9,5.9,67.0,98.0,55.0,public,True,226.8,45.36,Fail
3226,female,group C,some college,standard,True,6.5,5.7,63.0,78.0,64.0,public,True,217.2,43.44,Fail
3227,female,group E,master degree,standard,False,9.6,10.3,55.0,64.0,59.0,public,True,197.9,39.58,Fail
3228,male,group D,master degree,standard,True,5.6,7.6,65.0,86.0,86.0,private,True,250.2,50.04,Pass
3229,male,group C,high school,standard,False,8.6,7.5,87.0,48.0,65.0,public,True,216.1,43.22,Fail
3230,male,group E,bachelor degree,free/reduced,False,17.6,7.4,75.0,63.0,65.0,private,True,228.0,45.6,Fail
3231,female,group C,bachelor degree,standard,True,8.0,6.1,75.0,71.13410138248848,63.0,private,True,223.23410138248846,44.65,Fail
3232,male,group B,master degree,standard,True,14.4,9.0,54.0,71.13410138248848,44.0,public,True,192.53410138248847,38.51,Fail
3233,male,group E,master degree,standard,False,18.8,8.7,82.0,71.13410138248848,94.0,international,True,274.6341013824885,54.93,Pass
3234,male,group B,high school,free/reduced,True,17.2,8.1,96.0,91.0,81.0,public,True,293.3,58.66,Pass
3235,male,group A,bachelor degree,standard,True,4.4,7.2,62.0,92.0,60.0,public,True,225.6,45.12,Fail
3236,female,group E,some college,standard,False,10.0,6.4,56.0,71.13410138248848,74.0,public,False,217.53410138248847,43.51,Fail
3237,male,group B,high school,standard,True,12.2,8.4,47.0,59.0,86.0,public,True,212.6,42.52,Fail
3238,male,group A,some college,free/reduced,True,4.7,8.2,74.0,58.0,58.0,public,True,202.9,40.58,Fail
3239,male,group C,high school,standard,False,4.4,6.9,73.0,64.0,67.0,international,True,215.3,43.06,Fail
3240,male,group A,some college,free/reduced,True,7.9,6.7,73.0,71.0,55.0,public,True,213.6,42.72,Fail
3241,female,group C,associate degree,standard,False,11.1,9.8,57.0,57.0,83.0,public,True,217.9,43.58,Fail
3242,male,group B,high school,standard,False,17.4,6.7,70.0,65.0,73.0,private,True,232.1,46.42,Fail
3243,female,group B,associate degree,standard,False,6.4,7.3,86.0,80.0,73.0,public,False,252.7,50.54,Pass
3244,male,group B,associate degree,standard,True,8.2,8.3,67.0,56.0,57.0,public,True,196.5,39.3,Fail
3245,male,group C,some college,free/reduced,True,9.66265306122449,6.3,74.0,71.13410138248848,81.0,public,True,242.09675444371297,48.42,Fail
3246,female,group E,some college,free/reduced,False,3.2,8.8,52.0,85.0,53.0,public,True,202.0,40.4,Fail
3247,male,group B,high school,standard,True,3.4,7.8,40.0,71.0,58.0,public,True,180.2,36.04,Fail
3248,female,group E,high school,free/reduced,True,12.3,6.6,50.0,58.0,89.0,private,True,215.9,43.18,Fail
3249,female,group B,high school,standard,True,9.1,4.9,83.0,88.0,68.0,private,True,253.0,50.6,Pass
3250,female,group A,master degree,free/reduced,False,15.3,7.1,88.0,80.0,61.0,public,True,251.4,50.28,Pass
3251,male,group C,bachelor degree,standard,True,7.1,4.9,45.0,50.0,54.0,public,True,161.0,32.2,Fail
3252,female,group D,master degree,standard,False,11.2,7.9,55.0,57.0,67.0,private,False,198.1,39.62,Fail
3253,male,group D,bachelor degree,free/reduced,False,17.4,5.4,62.0,69.0,51.0,public,True,204.8,40.96,Fail
3254,male,group C,high school,standard,False,12.2,10.6,71.0,73.0,69.0,private,True,235.8,47.16,Fail
3255,female,group E,high school,standard,False,16.2,7.193586956521739,96.0,72.0,56.0,public,True,247.39358695652174,49.48,Fail
3256,female,group C,high school,standard,True,13.3,6.1,65.0,55.0,82.0,public,True,221.4,44.28,Fail
3257,female,group E,associate degree,free/reduced,False,9.4,8.2,54.0,71.0,85.0,public,True,227.6,45.52,Fail
3258,female,group D,bachelor degree,standard,False,9.1,5.4,70.0,57.0,70.46045112781955,public,True,211.96045112781957,42.39,Fail
3259,male,group C,high school,free/reduced,True,6.2,5.8,78.0,100.0,85.0,public,False,275.0,55.0,Pass
3260,female,group E,some college,free/reduced,False,12.8,5.4,73.0,64.0,49.0,public,True,204.2,40.84,Fail
3261,male,group C,some college,standard,False,8.9,7.0,40.0,62.0,76.0,private,True,193.9,38.78,Fail
3262,male,group B,high school,free/reduced,False,12.7,5.4,68.0,46.0,67.0,private,True,199.1,39.82,Fail
3263,male,group A,high school,free/reduced,False,8.2,6.4,76.0,74.0,76.0,international,True,240.6,48.12,Fail
3264,female,group D,high school,free/reduced,False,11.3,9.3,56.0,71.0,70.46045112781955,public,True,218.06045112781953,43.61,Fail
3265,female,group C,bachelor degree,free/reduced,True,8.7,9.6,73.0,75.0,76.0,public,True,242.3,48.46,Fail
3266,female,group C,associate degree,standard,False,10.3,5.2,84.0,76.0,70.0,private,True,245.5,49.1,Fail
3267,female,group B,associate degree,standard,False,12.5,5.5,89.0,77.0,75.0,private,True,259.0,51.8,Pass
3268,male,group B,high school,standard,True,4.3,5.6,80.0,65.0,70.0,public,True,224.9,44.98,Fail
3269,male,group E,master degree,standard,False,7.4,9.6,77.0,71.13410138248848,65.0,private,True,230.1341013824885,46.03,Fail
3270,male,group C,high school,standard,False,15.2,8.7,75.0,69.0,49.0,public,True,216.9,43.38,Fail
3271,female,group C,some college,free/reduced,False,17.1,9.6,81.0,46.0,64.0,public,True,217.7,43.54,Fail
3272,male,group A,master degree,free/reduced,False,6.2,7.3,62.0,42.0,48.0,private,True,165.5,33.1,Fail
3273,female,group E,high school,standard,True,6.9,8.2,68.0,71.13410138248848,79.0,public,True,233.23410138248846,46.65,Fail
3274,female,group B,associate degree,standard,False,10.0,4.0,95.0,72.0,66.0,private,True,247.0,49.4,Fail
3275,male,group E,associate degree,free/reduced,False,10.3,5.9,79.0,85.0,76.0,public,True,256.2,51.24,Pass
3276,female,group C,associate degree,free/reduced,False,15.5,6.3,60.0,43.0,67.0,public,True,191.8,38.36,Fail
3277,female,group B,high school,standard,True,8.7,8.3,100.0,78.0,83.0,public,False,278.0,55.6,Pass
3278,female,group C,high school,standard,False,20.8,6.8,89.0,67.0,67.0,public,True,250.6,50.12,Pass
3279,female,group C,bachelor degree,free/reduced,True,14.9,8.2,90.0,87.0,89.0,public,True,289.1,57.82,Pass
3280,female,group C,high school,standard,True,14.1,7.2,58.0,31.0,51.0,international,True,161.3,32.26,Fail
3281,female,group A,high school,free/reduced,True,6.4,7.0,69.0,51.0,68.0,private,True,201.4,40.28,Fail
3282,female,group B,associate degree,standard,False,5.2,7.4,69.0,71.0,59.0,private,False,211.6,42.32,Fail
3283,male,group E,master degree,standard,False,12.8,8.8,78.0,76.0,33.0,private,True,208.6,41.72,Fail
3284,female,group A,bachelor degree,standard,False,14.6,8.6,80.0,71.13410138248848,83.0,public,True,257.3341013824885,51.47,Pass
3285,male,group E,some college,standard,True,9.4,6.0,84.0,81.0,76.0,public,True,256.4,51.28,Pass
3286,female,group E,associate degree,standard,True,10.5,5.7,72.0,87.0,71.0,public,True,246.2,49.24,Fail
3287,female,group A,associate degree,standard,False,12.2,6.3,63.0,67.0,66.0,public,True,214.5,42.9,Fail
3288,male,group C,bachelor degree,free/reduced,True,8.6,7.1,52.0,71.13410138248848,67.0,international,True,205.83410138248848,41.17,Fail
3289,female,group E,associate degree,standard,True,3.6,8.5,66.0,79.0,65.0,public,False,222.1,44.42,Fail
3290,male,group A,master degree,standard,False,9.66265306122449,6.6,70.0,91.0,70.46045112781955,public,True,247.72310418904402,49.54,Fail
3291,female,group D,associate degree,free/reduced,False,5.5,6.1,69.0,71.0,64.0,international,True,215.6,43.12,Fail
3292,female,group D,some college,standard,True,8.9,7.4,58.0,78.0,75.0,public,True,227.3,45.46,Fail
3293,male,group E,bachelor degree,standard,True,11.5,7.193586956521739,38.0,76.0,74.0,private,True,206.69358695652176,41.34,Fail
3294,male,group B,bachelor degree,free/reduced,True,0.0,7.3,57.0,63.0,45.0,private,True,172.3,34.46,Fail
3295,male,group E,bachelor degree,standard,True,0.9,9.2,47.0,58.0,71.0,public,True,186.1,37.22,Fail
3296,female,group A,some college,standard,True,15.9,4.8,64.0,72.0,78.0,public,True,234.7,46.94,Fail
3297,female,group D,some college,free/reduced,False,3.7,8.2,70.0,66.0,61.0,public,True,208.9,41.78,Fail
3298,female,group B,high school,standard,False,17.2,4.9,54.0,66.0,66.0,public,True,208.1,41.62,Fail
3299,male,group B,bachelor degree,standard,False,1.0,7.1,72.0,95.0,56.0,private,True,231.1,46.22,Fail
3300,male,group A,some college,standard,False,4.2,5.7,69.0,78.0,67.0,public,True,223.9,44.78,Fail
3301,male,group E,high school,standard,False,7.0,7.5,44.0,48.0,70.46045112781955,public,True,176.96045112781957,35.39,Fail
3302,female,group C,some college,standard,False,11.0,6.2,57.0,77.0,47.0,international,True,198.2,39.64,Fail
3303,female,group D,high school,standard,False,19.6,8.4,64.0,67.0,69.0,public,True,228.0,45.6,Fail
3304,male,group C,high school,free/reduced,False,13.5,7.6,31.0,97.0,59.0,public,True,208.1,41.62,Fail
3305,male,group E,master degree,free/reduced,False,9.66265306122449,7.9,58.0,66.0,63.0,public,False,204.5626530612245,40.91,Fail
3306,female,group C,associate degree,standard,False,7.0,6.3,82.0,68.0,72.0,public,True,235.3,47.06,Fail
3307,female,group C,high school,standard,True,10.9,5.8,66.0,83.0,77.0,private,True,242.7,48.54,Fail
3308,female,group B,associate degree,standard,False,4.4,7.4,74.0,61.0,72.0,public,True,218.8,43.76,Fail
3309,female,group E,some college,free/reduced,False,9.2,7.193586956521739,61.0,80.0,95.0,public,True,252.39358695652174,50.48,Pass
3310,female,group C,high school,standard,True,2.6,7.0,78.0,78.0,54.0,public,True,219.6,43.92,Fail
3311,male,group B,bachelor degree,standard,False,10.1,6.7,46.0,67.0,48.0,public,True,177.8,35.56,Fail
3312,male,group C,high school,standard,True,16.0,7.193586956521739,70.0,85.0,100.0,public,True,278.19358695652176,55.64,Pass
3313,female,group B,high school,free/reduced,False,9.66265306122449,6.4,58.0,66.0,81.0,public,True,221.0626530612245,44.21,Fail
3314,female,group D,bachelor degree,standard,False,8.3,7.193586956521739,63.0,53.0,70.0,public,True,201.49358695652174,40.3,Fail
3315,male,group B,some college,standard,False,10.9,7.193586956521739,77.0,79.0,78.0,public,True,252.09358695652173,50.42,Pass
3316,male,group C,master degree,free/reduced,False,17.0,10.0,50.0,71.13410138248848,45.0,public,True,193.1341013824885,38.63,Fail
3317,female,group E,some college,standard,True,18.5,7.8,65.0,49.0,94.0,public,True,234.3,46.86,Fail
3318,female,group C,associate degree,free/reduced,True,13.4,9.1,78.0,66.0,68.0,private,False,234.5,46.9,Fail
3319,male,group A,bachelor degree,free/reduced,True,9.6,6.7,81.0,81.0,58.0,public,True,236.3,47.26,Fail
3320,male,group B,some college,standard,False,8.3,7.193586956521739,72.0,77.0,81.0,public,True,245.49358695652174,49.1,Fail
3321,male,group D,bachelor degree,standard,True,10.1,7.0,57.0,59.0,54.0,public,True,187.1,37.42,Fail
3322,female,group E,high school,free/reduced,True,16.6,6.2,74.0,57.0,94.0,public,True,247.8,49.56,Fail
3323,female,group D,associate degree,standard,False,1.8,6.4,76.0,72.0,100.0,international,True,256.2,51.24,Pass
3324,male,group C,some college,standard,True,21.6,6.3,81.0,69.0,76.0,public,True,253.9,50.78,Pass
3325,male,group C,high school,standard,False,12.4,7.193586956521739,56.0,76.0,61.0,public,True,212.59358695652173,42.52,Fail
3326,male,group A,associate degree,free/reduced,False,7.9,7.5,51.0,71.13410138248848,52.0,public,True,189.53410138248847,37.91,Fail
3327,male,group C,high school,standard,False,7.1,4.5,48.0,69.0,64.0,public,True,192.6,38.52,Fail
3328,female,group D,high school,free/reduced,False,3.1,8.3,72.0,79.0,93.0,public,True,255.4,51.08,Pass
3329,male,group D,associate degree,free/reduced,False,9.9,5.1,48.0,71.13410138248848,70.46045112781955,public,False,204.59455251030806,40.92,Fail
3330,female,group C,some college,standard,True,14.4,5.4,75.0,71.13410138248848,36.0,public,True,201.93410138248848,40.39,Fail
3331,male,group D,some college,standard,False,12.7,7.8,90.0,75.0,84.0,public,True,269.5,53.9,Pass
3332,female,group C,bachelor degree,standard,False,5.3,7.1,56.0,76.0,70.0,public,True,214.4,42.88,Fail
3333,female,group E,bachelor degree,free/reduced,False,15.0,8.6,100.0,75.0,95.0,private,True,293.6,58.72,Pass
3334,female,group E,some college,free/reduced,False,11.8,6.6,83.0,36.0,69.0,private,True,206.4,41.28,Fail
3335,female,group C,high school,standard,False,5.1,5.3,91.0,69.0,71.0,public,True,241.4,48.28,Fail
3336,female,group C,bachelor degree,standard,False,2.5,8.5,64.0,51.0,72.0,public,True,198.0,39.6,Fail
3337,female,group E,high school,standard,True,0.4,6.2,78.0,42.0,55.0,public,True,181.6,36.32,Fail
3338,female,group E,bachelor degree,standard,True,10.9,6.0,74.0,82.0,67.0,international,True,239.9,47.98,Fail
3339,female,group B,some college,standard,True,20.2,8.1,58.0,89.0,50.0,public,True,225.3,45.06,Fail
3340,female,group A,bachelor degree,standard,True,14.0,4.7,66.0,65.0,73.0,private,True,222.7,44.54,Fail
3341,male,group C,high school,free/reduced,True,11.1,6.7,90.0,62.0,59.0,public,True,228.8,45.76,Fail
3342,male,group B,high school,standard,True,10.4,6.3,71.0,67.0,90.0,public,True,244.7,48.94,Fail
3343,male,group C,bachelor degree,standard,False,8.0,6.4,69.0,77.0,86.0,public,True,246.4,49.28,Fail
3344,female,group C,high school,standard,False,6.8,7.3,83.0,75.0,65.0,private,True,237.1,47.42,Fail
3345,female,group B,high school,standard,False,13.6,5.2,81.0,77.0,72.0,public,True,248.8,49.76,Fail
3346,male,group D,bachelor degree,free/reduced,False,13.4,7.193586956521739,82.0,70.0,68.0,public,True,240.59358695652173,48.12,Fail
3347,female,group A,high school,standard,False,9.66265306122449,8.1,97.0,67.0,41.0,private,True,222.76265306122448,44.55,Fail
3348,male,group A,some college,standard,False,9.2,8.8,57.0,89.0,45.0,public,True,209.0,41.8,Fail
3349,male,group D,high school,free/reduced,True,6.3,6.5,62.0,48.0,60.0,private,True,182.8,36.56,Fail
3350,male,group A,some college,free/reduced,False,9.66265306122449,7.6,76.0,62.0,75.0,public,True,230.26265306122448,46.05,Fail
3351,male,group E,high school,standard,False,8.8,9.0,86.0,69.0,70.0,public,False,242.8,48.56,Fail
3352,male,group E,some college,standard,True,8.5,6.5,81.0,81.0,39.0,private,True,216.0,43.2,Fail
3353,female,group E,high school,free/reduced,True,9.0,8.7,77.0,100.0,70.0,private,True,264.7,52.94,Pass
3354,male,group C,associate degree,free/reduced,False,6.5,9.0,61.0,78.0,66.0,public,True,220.5,44.1,Fail
3355,female,group D,high school,standard,True,13.5,9.4,44.0,53.0,80.0,public,True,199.9,39.98,Fail
3356,male,group E,bachelor degree,standard,False,12.5,7.193586956521739,66.0,77.0,44.0,public,True,206.69358695652176,41.34,Fail
3357,female,group D,high school,free/reduced,False,16.1,7.7,40.0,69.0,64.0,public,True,196.8,39.36,Fail
3358,male,group E,master degree,free/reduced,True,12.0,8.8,70.0,71.13410138248848,86.0,public,True,247.93410138248848,49.59,Fail
3359,female,group A,bachelor degree,standard,True,13.9,7.9,100.0,67.0,66.0,public,True,254.8,50.96,Pass
3360,female,group C,high school,free/reduced,False,7.7,6.2,76.0,69.0,66.0,international,True,224.9,44.98,Fail
3361,male,group C,high school,free/reduced,False,17.0,9.0,72.0,71.13410138248848,82.0,public,True,251.1341013824885,50.23,Pass
3362,female,group C,high school,standard,False,17.6,8.9,63.0,82.0,49.0,public,True,220.5,44.1,Fail
3363,female,group B,bachelor degree,free/reduced,False,5.6,6.6,62.0,44.0,73.0,public,True,191.2,38.24,Fail
3364,male,group E,associate degree,standard,False,15.3,8.8,97.0,64.0,71.0,private,True,256.1,51.22,Pass
3365,female,group A,high school,standard,False,9.66265306122449,9.3,85.0,70.0,74.0,public,False,247.9626530612245,49.59,Fail
3366,male,group D,high school,standard,False,9.66265306122449,6.4,69.0,60.0,75.0,public,False,220.0626530612245,44.01,Fail
3367,female,group A,bachelor degree,free/reduced,False,9.66265306122449,6.5,92.0,75.0,47.0,public,True,230.1626530612245,46.03,Fail
3368,male,group D,high school,standard,False,9.66265306122449,8.0,67.0,86.0,80.0,public,True,250.6626530612245,50.13,Pass
3369,male,group C,some college,standard,False,6.1,10.0,80.0,98.0,66.0,public,True,260.1,52.02,Pass
3370,female,group B,high school,standard,True,7.8,9.9,47.0,74.0,78.0,public,True,216.7,43.34,Fail
3371,male,group A,high school,standard,True,4.8,6.1,60.0,91.0,54.0,private,True,215.9,43.18,Fail
3372,female,group C,bachelor degree,standard,True,11.8,7.0,75.0,78.0,82.0,public,True,253.8,50.76,Pass
3373,male,group D,high school,standard,True,17.0,6.8,100.0,65.0,43.0,public,True,231.8,46.36,Fail
3374,female,group C,bachelor degree,standard,True,14.6,7.5,67.0,65.0,92.0,public,False,246.1,49.22,Fail
3375,male,group C,master degree,standard,False,12.4,6.1,87.0,61.0,73.0,public,True,239.5,47.9,Fail
3376,female,group E,associate degree,standard,True,9.2,7.7,86.0,49.0,82.0,public,True,233.9,46.78,Fail
3377,female,group C,bachelor degree,standard,False,8.0,6.6,79.0,58.0,59.0,private,True,210.6,42.12,Fail
3378,female,group B,some college,standard,False,10.4,7.4,64.0,84.0,88.0,public,True,253.8,50.76,Pass
3379,female,group B,master degree,standard,True,9.66265306122449,5.7,53.0,68.0,100.0,public,True,236.36265306122448,47.27,Fail
3380,female,group E,some college,free/reduced,False,8.0,6.3,85.0,86.0,68.0,private,True,253.3,50.66,Pass
3381,female,group E,some college,standard,True,8.0,6.2,84.0,88.0,45.0,private,True,231.2,46.24,Fail
3382,male,group C,some college,standard,False,9.7,7.2,68.0,53.0,82.0,public,True,219.9,43.98,Fail
3383,female,group C,high school,free/reduced,True,0.5,6.9,54.0,71.13410138248848,64.0,international,True,196.53410138248847,39.31,Fail
3384,male,group C,high school,free/reduced,False,9.9,7.193586956521739,69.0,93.0,80.0,public,True,259.09358695652173,51.82,Pass
3385,female,group D,master degree,free/reduced,False,0.0,7.193586956521739,70.0,73.0,77.0,public,True,227.19358695652176,45.44,Fail
3386,female,group D,high school,standard,True,10.9,9.6,53.0,70.0,75.0,public,True,218.5,43.7,Fail
3387,female,group B,high school,standard,True,13.8,5.9,85.0,74.0,49.0,public,False,227.7,45.54,Fail
3388,male,group B,associate degree,free/reduced,False,15.4,10.0,83.0,69.0,62.0,international,True,239.4,47.88,Fail
3389,male,group B,associate degree,free/reduced,False,16.2,6.5,86.0,93.0,61.0,public,True,262.7,52.54,Pass
3390,female,group E,some college,standard,True,1.9,8.3,79.0,49.0,83.0,private,True,221.2,44.24,Fail
3391,male,group A,associate degree,standard,True,0.0,6.4,87.0,51.0,100.0,public,True,244.4,48.88,Fail
3392,male,group B,high school,free/reduced,True,14.1,4.3,78.0,64.0,97.0,private,True,257.4,51.48,Pass
3393,female,group A,bachelor degree,standard,False,11.0,6.6,73.0,74.0,35.0,private,True,199.6,39.92,Fail
3394,male,group D,bachelor degree,free/reduced,True,7.6,8.4,49.0,90.0,70.0,public,True,225.0,45.0,Fail
3395,male,group D,high school,standard,False,7.2,4.8,52.0,79.0,70.0,public,True,213.0,42.6,Fail
3396,female,group E,bachelor degree,standard,True,9.1,8.5,67.0,62.0,74.0,public,True,220.6,44.12,Fail
3397,male,group D,some college,standard,True,6.3,6.1,75.0,56.0,56.0,public,True,199.4,39.88,Fail
3398,male,group A,high school,standard,False,16.9,6.5,83.0,61.0,64.0,public,False,231.4,46.28,Fail
3399,female,group D,associate degree,standard,True,4.7,8.4,85.0,64.0,65.0,public,True,227.1,45.42,Fail
3400,male,group D,some college,free/reduced,True,4.8,5.5,70.0,60.0,64.0,public,True,204.3,40.86,Fail
3401,female,group E,bachelor degree,standard,True,9.9,7.7,64.0,61.0,65.0,public,True,207.6,41.52,Fail
3402,male,group A,bachelor degree,free/reduced,False,9.9,8.5,85.0,79.0,46.0,public,True,228.4,45.68,Fail
3403,female,group D,bachelor degree,free/reduced,True,11.9,7.2,79.0,76.0,72.0,public,True,246.1,49.22,Fail
3404,male,group D,master degree,free/reduced,True,6.8,8.3,100.0,73.0,78.0,public,True,266.1,53.22,Pass
3405,female,group B,associate degree,free/reduced,False,21.6,8.5,73.0,56.0,55.0,public,True,214.1,42.82,Fail
3406,male,group E,master degree,standard,True,5.1,6.2,73.0,37.0,78.0,private,True,199.3,39.86,Fail
3407,male,group E,high school,free/reduced,False,9.8,5.6,89.0,98.0,72.0,public,True,274.4,54.88,Pass
3408,male,group E,high school,standard,True,21.0,7.2,56.0,67.0,54.0,public,True,205.2,41.04,Fail
3409,female,group D,high school,standard,False,7.6,9.4,100.0,50.0,89.0,private,True,256.0,51.2,Pass
3410,male,group D,some college,standard,False,9.66265306122449,7.9,76.0,60.0,68.0,public,False,221.5626530612245,44.31,Fail
3411,female,group B,some college,standard,False,13.3,6.6,70.0,73.0,70.46045112781955,public,True,233.36045112781954,46.67,Fail
3412,male,group B,some college,standard,True,3.2,8.1,66.0,86.0,75.0,international,True,238.3,47.66,Fail
3413,female,group C,some college,free/reduced,True,18.6,6.7,74.0,71.13410138248848,70.46045112781955,public,True,240.89455251030802,48.18,Fail
3414,male,group B,some college,standard,True,18.5,6.9,51.0,71.0,81.0,public,True,228.4,45.68,Fail
3415,male,group C,high school,standard,True,15.9,7.4,73.0,53.0,88.0,public,True,237.3,47.46,Fail
3416,female,group D,some college,free/reduced,True,15.4,6.4,39.0,71.13410138248848,55.0,public,True,186.93410138248848,37.39,Fail
3417,female,group E,associate degree,standard,True,25.0,7.3,51.0,95.0,94.0,public,True,272.3,54.46,Pass
3418,female,group E,high school,standard,True,2.7,7.0,75.0,100.0,41.0,public,True,225.7,45.14,Fail
3419,female,group E,high school,free/reduced,False,4.1,7.6,65.0,72.0,70.46045112781955,private,True,219.16045112781956,43.83,Fail
3420,male,group C,some college,standard,False,12.1,6.1,56.0,75.0,66.0,public,True,215.2,43.04,Fail
3421,female,group E,high school,standard,False,7.1,7.5,82.0,84.0,57.0,public,True,237.6,47.52,Fail
3422,male,group B,some college,standard,False,10.9,7.2,73.0,72.0,70.46045112781955,public,True,233.56045112781953,46.71,Fail
3423,female,group C,high school,free/reduced,False,20.7,6.3,78.0,85.0,70.46045112781955,public,True,260.46045112781957,52.09,Pass
3424,male,group B,master degree,standard,True,13.6,8.0,48.0,100.0,81.0,public,True,250.6,50.12,Pass
3425,male,group C,bachelor degree,standard,False,15.4,6.9,65.0,63.0,74.0,public,True,224.3,44.86,Fail
3426,male,group E,master degree,free/reduced,False,2.5,8.2,43.0,49.0,61.0,public,True,163.7,32.74,Fail
3427,female,group C,high school,standard,True,5.3,7.193586956521739,78.0,76.0,66.0,public,False,232.49358695652174,46.5,Fail
3428,female,group E,some college,free/reduced,False,13.4,7.0,52.0,67.0,70.46045112781955,private,True,209.86045112781954,41.97,Fail
3429,male,group B,some college,free/reduced,False,9.66265306122449,9.6,65.0,63.0,63.0,private,False,210.26265306122448,42.05,Fail
3430,female,group B,bachelor degree,free/reduced,False,13.3,5.8,80.0,71.13410138248848,44.0,public,True,214.23410138248846,42.85,Fail
3431,female,group E,bachelor degree,standard,False,6.1,7.4,67.0,70.0,62.0,public,True,212.5,42.5,Fail
3432,female,group B,associate degree,standard,True,0.0,5.7,61.0,70.0,79.0,public,True,215.7,43.14,Fail
3433,female,group E,high school,standard,False,7.5,9.3,76.0,75.0,69.0,public,True,236.8,47.36,Fail
3434,female,group B,master degree,standard,False,9.2,8.4,64.0,80.0,54.0,public,True,215.6,43.12,Fail
3435,male,group D,master degree,standard,False,9.1,9.4,42.0,70.0,65.0,public,True,195.5,39.1,Fail
3436,male,group D,high school,standard,True,7.7,7.3,78.0,51.0,74.0,public,True,218.0,43.6,Fail
3437,male,group E,high school,standard,False,8.3,7.1,89.0,76.0,72.0,public,True,252.4,50.48,Pass
3438,male,group C,bachelor degree,standard,False,18.2,6.8,95.0,69.0,70.0,international,True,259.0,51.8,Pass
3439,female,group C,high school,free/reduced,False,15.4,7.3,62.0,55.0,60.0,public,True,199.7,39.94,Fail
3440,female,group C,bachelor degree,standard,True,11.6,7.5,72.0,90.0,68.0,public,True,249.1,49.82,Fail
3441,female,group A,high school,standard,False,9.2,7.8,35.0,64.0,77.0,public,True,193.0,38.6,Fail
3442,female,group E,high school,standard,False,15.5,5.1,74.0,71.13410138248848,82.0,public,True,247.73410138248846,49.55,Fail
3443,female,group E,master degree,free/reduced,False,0.7,8.5,76.0,97.0,86.0,public,True,268.2,53.64,Pass
3444,male,group E,some college,free/reduced,True,9.5,7.7,54.0,92.0,78.0,public,True,241.2,48.24,Fail
3445,male,group A,associate degree,standard,False,4.3,7.5,66.0,93.0,74.0,public,False,244.8,48.96,Fail
3446,female,group E,high school,standard,True,9.66265306122449,6.6,24.0,86.0,72.0,public,True,198.26265306122448,39.65,Fail
3447,male,group D,high school,free/reduced,True,11.4,9.2,76.0,100.0,70.46045112781955,public,True,267.06045112781953,53.41,Pass
3448,male,group B,some college,standard,True,6.8,7.7,65.0,85.0,69.0,public,True,233.5,46.7,Fail
3449,male,group A,master degree,standard,False,5.7,7.5,77.0,72.0,49.0,public,False,211.2,42.24,Fail
3450,female,group E,master degree,free/reduced,True,13.2,6.7,55.0,71.13410138248848,38.0,public,True,184.03410138248847,36.81,Fail
3451,male,group E,bachelor degree,standard,False,9.66265306122449,6.2,79.0,58.0,63.0,public,False,215.86265306122448,43.17,Fail
3452,male,group E,high school,standard,False,13.3,8.2,43.0,35.0,78.0,public,True,177.5,35.5,Fail
3453,female,group E,associate degree,standard,True,5.5,7.193586956521739,82.0,48.0,80.0,private,False,222.69358695652176,44.54,Fail
3454,male,group B,associate degree,free/reduced,False,7.3,7.193586956521739,67.0,83.0,70.46045112781955,public,True,234.95403808434128,46.99,Fail
3455,male,group D,high school,standard,True,4.6,7.193586956521739,77.0,100.0,65.0,public,True,253.79358695652172,50.76,Pass
3456,male,group C,high school,free/reduced,True,7.5,8.2,84.0,74.0,78.0,public,True,251.7,50.34,Pass
3457,female,group A,some college,free/reduced,True,9.66265306122449,4.2,59.0,86.0,58.0,public,True,216.86265306122448,43.37,Fail
3458,male,group A,some college,free/reduced,False,12.2,7.4,80.0,72.0,75.0,international,False,246.6,49.32,Fail
3459,female,group A,bachelor degree,standard,False,13.9,7.5,56.0,70.0,72.0,public,True,219.4,43.88,Fail
3460,male,group A,some college,standard,True,14.9,4.0,55.0,84.0,75.0,public,True,232.9,46.58,Fail
3461,female,group A,some college,standard,True,4.9,8.8,58.0,72.0,87.0,public,True,230.7,46.14,Fail
3462,male,group C,some college,standard,False,4.8,8.0,69.0,51.0,61.0,international,True,193.8,38.76,Fail
3463,female,group B,master degree,standard,False,14.4,8.6,76.0,62.0,55.0,private,True,216.0,43.2,Fail
3464,male,group B,master degree,standard,False,14.9,6.6,76.0,59.0,56.0,private,True,212.5,42.5,Fail
3465,male,group C,high school,standard,True,14.1,6.8,98.0,63.0,83.0,public,True,264.9,52.98,Pass
3466,male,group B,bachelor degree,standard,False,8.8,7.5,80.0,68.0,72.0,public,True,236.3,47.26,Fail
3467,female,group D,bachelor degree,standard,True,17.7,6.8,56.0,75.0,70.46045112781955,international,False,225.96045112781957,45.19,Fail
3468,male,group B,some college,free/reduced,True,9.66265306122449,6.0,75.0,81.0,68.0,public,False,239.6626530612245,47.93,Fail
3469,female,group E,associate degree,free/reduced,True,9.66265306122449,5.8,55.0,59.0,47.0,private,False,176.4626530612245,35.29,Fail
3470,male,group B,some college,free/reduced,True,12.7,7.193586956521739,67.0,68.0,69.0,public,True,223.89358695652174,44.78,Fail
3471,female,group E,bachelor degree,standard,False,8.4,5.8,82.0,79.0,91.0,public,True,266.2,53.24,Pass
3472,male,group D,high school,free/reduced,True,6.8,7.6,44.0,85.0,83.0,public,True,226.4,45.28,Fail
3473,male,group E,high school,standard,True,15.1,7.9,66.0,62.0,62.0,public,True,213.0,42.6,Fail
3474,male,group C,bachelor degree,standard,False,7.1,6.8,50.0,73.0,79.0,international,True,215.9,43.18,Fail
3475,female,group A,associate degree,free/reduced,True,6.4,9.2,45.0,64.0,68.0,private,True,192.6,38.52,Fail
3476,male,group D,high school,standard,False,10.9,4.8,62.0,92.0,93.0,public,False,262.7,52.54,Pass
3477,female,group A,bachelor degree,standard,True,9.66265306122449,7.8,52.0,55.0,64.0,public,False,188.4626530612245,37.69,Fail
3478,male,group E,high school,free/reduced,True,9.2,8.2,66.0,48.0,57.0,public,True,188.4,37.68,Fail
3479,male,group D,associate degree,free/reduced,False,10.9,6.1,81.0,69.0,69.0,public,True,236.0,47.2,Fail
3480,female,group B,high school,free/reduced,False,9.66265306122449,7.9,39.0,76.0,64.0,public,True,196.5626530612245,39.31,Fail
3481,female,group E,high school,free/reduced,False,13.9,6.4,70.0,59.0,62.0,public,True,211.3,42.26,Fail
3482,male,group E,bachelor degree,standard,False,17.2,7.3,73.0,80.0,48.0,public,True,225.5,45.1,Fail
3483,male,group C,high school,free/reduced,False,12.6,5.3,89.0,78.0,60.0,private,True,244.9,48.98,Fail
3484,male,group E,master degree,standard,False,9.5,7.9,86.0,81.0,45.0,public,True,229.4,45.88,Fail
3485,female,group E,some college,standard,False,8.8,7.2,51.0,60.0,70.46045112781955,public,True,197.46045112781957,39.49,Fail
3486,male,group C,some college,standard,False,7.9,7.2,93.0,100.0,73.0,public,True,281.1,56.22,Pass
3487,male,group E,some college,free/reduced,True,13.7,11.0,68.0,69.0,77.0,public,True,238.7,47.74,Fail
3488,male,group E,high school,free/reduced,True,10.9,8.8,93.0,78.0,73.0,public,False,263.7,52.74,Pass
3489,female,group E,some college,standard,False,13.4,7.5,80.0,80.0,93.0,public,True,273.9,54.78,Pass
3490,female,group D,associate degree,standard,False,8.6,5.3,77.0,92.0,70.46045112781955,public,True,253.36045112781954,50.67,Pass
3491,male,group C,associate degree,free/reduced,True,13.9,6.5,81.0,100.0,81.0,public,True,282.4,56.48,Pass
3492,female,group A,high school,standard,False,10.8,5.9,70.0,90.0,57.0,public,True,233.7,46.74,Fail
3493,male,group D,bachelor degree,standard,False,16.3,7.3,56.0,68.0,71.0,public,True,218.6,43.72,Fail
3494,female,group C,bachelor degree,standard,False,12.4,7.193586956521739,72.0,52.0,70.46045112781955,international,False,214.0540380843413,42.81,Fail
3495,male,group E,some college,free/reduced,False,16.7,9.0,60.0,71.0,56.0,private,True,212.7,42.54,Fail
3496,female,group C,master degree,standard,False,9.0,7.4,54.0,72.0,68.0,public,True,210.4,42.08,Fail
3497,female,group E,bachelor degree,free/reduced,False,9.66265306122449,8.6,64.0,63.0,100.0,public,True,245.26265306122448,49.05,Fail
3498,male,group C,associate degree,free/reduced,False,9.9,5.6,84.0,59.0,54.0,public,True,212.5,42.5,Fail
3499,male,group C,some college,standard,True,4.5,6.1,54.0,75.0,75.0,private,True,214.6,42.92,Fail
3500,female,group B,bachelor degree,standard,False,7.3,8.3,73.0,97.0,60.0,public,True,245.6,49.12,Fail
3501,male,group D,high school,standard,False,10.6,7.5,68.0,84.0,34.0,international,True,204.1,40.82,Fail
3502,female,group A,bachelor degree,standard,True,10.2,7.5,25.0,98.0,87.0,private,True,227.7,45.54,Fail
3503,male,group C,associate degree,standard,False,20.4,7.8,82.0,78.0,67.0,private,True,255.2,51.04,Pass
3504,female,group A,high school,standard,False,11.4,7.193586956521739,84.0,83.0,73.0,public,True,258.59358695652173,51.72,Pass
3505,female,group A,some college,standard,True,6.2,6.8,70.0,63.0,83.0,public,False,229.0,45.8,Fail
3506,female,group B,associate degree,standard,False,4.4,6.2,90.0,64.0,71.0,private,True,235.6,47.12,Fail
3507,male,group C,some college,standard,True,3.9,8.7,65.0,64.0,68.0,public,True,209.6,41.92,Fail
3508,male,group B,bachelor degree,standard,False,1.9,7.0,79.0,79.0,91.0,public,True,257.9,51.58,Pass
3509,female,group A,associate degree,standard,False,3.9,6.6,75.0,53.0,93.0,public,True,231.5,46.3,Fail
3510,male,group C,associate degree,free/reduced,True,6.8,8.6,69.0,74.0,72.0,public,True,230.4,46.08,Fail
3511,male,group B,high school,standard,True,17.6,8.6,84.0,37.0,55.0,private,True,202.2,40.44,Fail
3512,female,group E,high school,free/reduced,False,9.4,6.2,49.0,60.0,65.0,public,True,189.6,37.92,Fail
3513,male,group C,bachelor degree,standard,True,11.8,6.9,100.0,85.0,62.0,private,False,265.7,53.14,Pass
3514,male,group C,high school,standard,False,11.3,5.5,95.0,37.0,74.0,public,True,222.8,44.56,Fail
3515,female,group C,master degree,standard,False,3.5,6.5,84.0,64.0,68.0,public,True,226.0,45.2,Fail
3516,male,group C,master degree,standard,True,4.2,8.6,62.0,69.0,57.0,private,False,200.8,40.16,Fail
3517,female,group C,master degree,free/reduced,False,1.6,6.8,64.0,98.0,37.0,public,True,207.4,41.48,Fail
3518,male,group E,bachelor degree,free/reduced,False,9.2,5.4,90.0,65.0,86.0,public,True,255.6,51.12,Pass
3519,female,group C,bachelor degree,free/reduced,True,9.1,5.4,66.0,67.0,91.0,public,True,238.5,47.7,Fail
3520,male,group C,associate degree,standard,False,12.2,5.8,71.0,83.0,33.0,public,False,205.0,41.0,Fail
3521,female,group A,high school,free/reduced,True,4.0,6.5,75.0,100.0,64.0,international,True,249.5,49.9,Fail
3522,male,group D,some college,standard,False,9.1,8.4,57.0,51.0,68.0,international,True,193.5,38.7,Fail
3523,female,group A,bachelor degree,free/reduced,True,6.6,9.5,89.0,56.0,89.0,public,True,250.1,50.02,Pass
3524,male,group D,some college,standard,False,7.8,6.2,78.0,64.0,72.0,private,True,228.0,45.6,Fail
3525,female,group E,high school,standard,True,21.1,5.7,55.0,53.0,63.0,public,True,197.8,39.56,Fail
3526,male,group C,high school,free/reduced,False,10.9,6.3,66.0,76.0,75.0,public,False,234.2,46.84,Fail
3527,female,group E,some college,standard,False,5.3,5.8,77.0,82.0,31.0,public,True,201.1,40.22,Fail
3528,male,group C,some college,standard,False,9.8,6.7,76.0,84.0,64.0,private,True,240.5,48.1,Fail
3529,male,group B,high school,standard,False,12.3,7.7,65.0,61.0,70.46045112781955,public,True,216.46045112781957,43.29,Fail
3530,male,group D,high school,free/reduced,True,11.2,5.0,63.0,77.0,54.0,public,True,210.2,42.04,Fail
3531,male,group B,master degree,free/reduced,False,7.9,9.2,57.0,61.0,75.0,private,True,210.1,42.02,Fail
3532,female,group D,high school,standard,False,9.66265306122449,3.9,69.0,38.0,52.0,public,True,172.5626530612245,34.51,Fail
3533,female,group D,high school,free/reduced,True,10.1,7.9,72.0,65.0,70.46045112781955,public,True,225.46045112781957,45.09,Fail
3534,female,group B,some college,standard,False,5.9,6.9,87.0,60.0,85.0,private,True,244.8,48.96,Fail
3535,female,group E,master degree,standard,False,14.6,5.7,69.0,71.13410138248848,67.0,public,True,227.43410138248848,45.49,Fail
3536,female,group D,high school,standard,False,11.5,6.2,74.0,81.0,67.0,public,True,239.7,47.94,Fail
3537,male,group B,some college,free/reduced,False,9.66265306122449,6.9,87.0,73.0,97.0,public,True,273.5626530612245,54.71,Pass
3538,male,group D,bachelor degree,free/reduced,True,5.9,7.3,81.0,46.0,49.0,public,True,189.2,37.84,Fail
3539,male,group B,associate degree,free/reduced,False,16.1,7.9,81.0,100.0,87.0,public,True,292.0,58.4,Pass
3540,female,group A,high school,standard,False,12.6,7.3,67.0,68.0,72.0,public,True,226.9,45.38,Fail
3541,female,group B,high school,standard,False,8.3,7.2,72.0,66.0,70.0,international,True,223.5,44.7,Fail
3542,male,group E,some college,standard,False,7.9,7.2,100.0,71.13410138248848,78.0,private,False,264.23410138248846,52.85,Pass
3543,male,group D,master degree,standard,True,14.6,9.3,81.0,78.0,61.0,public,True,243.9,48.78,Fail
3544,male,group A,master degree,free/reduced,True,15.7,10.1,59.0,90.0,60.0,private,True,234.8,46.96,Fail
3545,male,group C,bachelor degree,standard,False,9.0,4.3,69.0,79.0,69.0,public,True,230.3,46.06,Fail
3546,male,group B,associate degree,free/reduced,False,14.2,7.9,44.0,50.0,81.0,public,True,197.1,39.42,Fail
3547,female,group B,master degree,free/reduced,False,7.1,7.8,88.0,75.0,83.0,public,True,260.9,52.18,Pass
3548,female,group D,bachelor degree,standard,True,9.66265306122449,9.0,75.0,96.0,72.0,public,True,261.6626530612245,52.33,Pass
3549,female,group B,high school,free/reduced,True,18.1,7.8,87.0,59.0,64.0,public,True,235.9,47.18,Fail
3550,male,group D,master degree,standard,False,8.0,8.4,81.0,87.0,57.0,public,False,241.4,48.28,Fail
3551,male,group E,high school,standard,True,9.66265306122449,6.6,58.0,75.0,61.0,public,True,210.26265306122448,42.05,Fail
3552,female,group D,high school,standard,False,0.0,7.0,70.0,77.0,49.0,private,True,203.0,40.6,Fail
3553,female,group E,some college,standard,True,3.0,5.7,82.0,100.0,70.46045112781955,public,True,261.16045112781956,52.23,Pass
3554,female,group D,associate degree,free/reduced,False,12.6,7.193586956521739,75.0,54.0,68.0,public,True,216.79358695652172,43.36,Fail
3555,male,group B,high school,standard,True,10.5,6.2,72.0,78.0,62.0,public,True,228.7,45.74,Fail
3556,male,group E,high school,standard,True,17.5,10.1,73.0,66.0,61.0,public,True,227.6,45.52,Fail
3557,male,group D,bachelor degree,free/reduced,True,11.3,5.3,82.0,86.0,62.0,public,True,246.6,49.32,Fail
3558,female,group D,some college,standard,True,9.66265306122449,8.6,64.0,67.0,86.0,public,True,235.26265306122448,47.05,Fail
3559,male,group D,high school,standard,False,12.7,6.5,44.0,83.0,78.0,private,True,224.2,44.84,Fail
3560,female,group C,high school,standard,False,11.3,6.9,76.0,73.0,69.0,public,True,236.2,47.24,Fail
3561,male,group C,high school,standard,False,7.1,6.8,76.0,76.0,71.0,public,True,236.9,47.38,Fail
3562,female,group C,associate degree,free/reduced,False,3.9,7.4,54.0,71.0,72.0,private,True,208.3,41.66,Fail
3563,female,group C,associate degree,standard,False,9.9,10.3,82.0,67.0,75.0,public,True,244.2,48.84,Fail
3564,female,group D,high school,standard,False,16.0,6.3,30.0,86.0,75.0,public,False,213.3,42.66,Fail
3565,male,group A,high school,standard,True,10.0,5.9,60.0,69.0,59.0,public,True,203.9,40.78,Fail
3566,female,group D,high school,standard,True,3.5,5.5,73.0,65.0,64.0,private,True,211.0,42.2,Fail
3567,female,group E,high school,free/reduced,False,5.3,6.7,67.0,53.0,100.0,private,True,232.0,46.4,Fail
3568,male,group D,some college,free/reduced,False,9.0,8.8,63.0,66.0,73.0,private,True,219.8,43.96,Fail
3569,male,group E,associate degree,standard,False,15.4,8.2,80.0,57.0,76.0,public,True,236.6,47.32,Fail
3570,male,group C,high school,free/reduced,False,9.3,7.193586956521739,62.0,67.0,64.0,public,True,209.49358695652174,41.9,Fail
3571,male,group C,bachelor degree,standard,False,10.1,7.193586956521739,57.0,84.0,70.46045112781955,public,True,228.7540380843413,45.75,Fail
3572,female,group C,some college,standard,True,6.5,7.5,58.0,60.0,75.0,public,True,207.0,41.4,Fail
3573,female,group A,bachelor degree,free/reduced,False,7.6,6.1,63.0,71.13410138248848,71.0,private,True,218.83410138248848,43.77,Fail
3574,male,group D,some college,standard,False,10.2,5.0,88.0,49.0,76.0,private,True,228.2,45.64,Fail
3575,female,group D,bachelor degree,standard,False,6.5,5.5,65.0,80.0,66.0,private,False,223.0,44.6,Fail
3576,female,group C,high school,standard,True,7.3,7.4,87.0,73.0,45.0,private,False,219.7,43.94,Fail
3577,male,group E,high school,standard,True,9.4,7.193586956521739,71.0,85.0,51.0,public,False,223.59358695652173,44.72,Fail
3578,female,group E,some college,standard,False,12.9,7.9,64.0,61.0,70.46045112781955,public,True,216.26045112781958,43.25,Fail
3579,female,group B,associate degree,free/reduced,True,9.66265306122449,4.9,51.0,92.0,49.0,public,True,206.5626530612245,41.31,Fail
3580,male,group D,high school,standard,False,13.2,7.0,72.0,68.0,77.0,public,True,237.2,47.44,Fail
3581,female,group B,high school,standard,False,9.66265306122449,9.5,78.0,63.0,59.0,public,True,219.1626530612245,43.83,Fail
3582,male,group D,some college,standard,True,7.6,7.9,79.0,67.0,51.0,public,True,212.5,42.5,Fail
3583,female,group C,some college,standard,True,10.1,7.193586956521739,71.0,59.0,94.0,private,False,241.29358695652172,48.26,Fail
3584,female,group D,high school,standard,False,4.5,5.2,82.0,85.0,72.0,public,True,248.7,49.74,Fail
3585,male,group D,high school,standard,True,17.3,7.193586956521739,69.0,54.0,63.0,public,True,210.49358695652174,42.1,Fail
3586,male,group B,master degree,free/reduced,False,8.7,7.3,56.0,71.0,80.0,international,True,223.0,44.6,Fail
3587,male,group A,master degree,standard,True,13.5,8.4,73.0,84.0,43.0,public,True,221.9,44.38,Fail
3588,female,group B,bachelor degree,free/reduced,False,9.66265306122449,7.1,59.0,67.0,100.0,public,True,242.76265306122448,48.55,Fail
3589,female,group C,associate degree,free/reduced,True,11.4,7.9,75.0,60.0,69.0,public,True,223.3,44.66,Fail
3590,female,group E,master degree,standard,False,7.3,7.0,67.0,45.0,70.46045112781955,international,True,196.76045112781955,39.35,Fail
3591,male,group A,master degree,standard,False,8.9,7.9,52.0,78.0,70.46045112781955,public,True,217.26045112781958,43.45,Fail
3592,male,group A,bachelor degree,standard,True,4.4,7.193586956521739,90.0,58.0,97.0,public,True,256.59358695652173,51.32,Pass
3593,female,group A,master degree,standard,False,9.66265306122449,10.4,80.0,62.0,100.0,public,True,262.0626530612245,52.41,Pass
3594,male,group B,bachelor degree,free/reduced,False,17.1,4.8,60.0,70.0,63.0,public,True,214.9,42.98,Fail
3595,male,group E,high school,free/reduced,True,10.8,5.8,87.0,73.0,65.0,public,True,241.6,48.32,Fail
3596,male,group C,bachelor degree,free/reduced,True,2.1,7.2,20.0,79.0,87.0,public,True,195.3,39.06,Fail
3597,female,group C,some college,free/reduced,True,0.0,9.3,77.0,71.0,64.0,public,True,221.3,44.26,Fail
3598,female,group B,associate degree,standard,True,4.9,9.8,69.0,74.0,67.0,public,True,224.7,44.94,Fail
3599,male,group C,some college,standard,False,11.2,7.2,79.0,54.0,66.0,public,True,217.4,43.48,Fail
3600,female,group C,some college,free/reduced,False,17.7,8.5,80.0,84.0,70.46045112781955,public,True,260.66045112781956,52.13,Pass
3601,male,group D,master degree,standard,True,4.5,7.2,78.0,45.0,94.0,public,False,228.7,45.74,Fail
3602,male,group C,high school,standard,False,4.9,6.2,53.0,72.0,75.0,public,True,211.1,42.22,Fail
3603,female,group E,bachelor degree,free/reduced,True,6.3,6.5,67.0,78.0,75.0,public,True,232.8,46.56,Fail
3604,male,group E,bachelor degree,standard,False,6.5,6.7,56.0,55.0,100.0,public,True,224.2,44.84,Fail
3605,female,group B,high school,free/reduced,True,10.8,7.3,43.0,60.0,81.0,public,True,202.1,40.42,Fail
3606,male,group A,bachelor degree,standard,True,11.8,8.0,73.0,65.0,61.0,public,True,218.8,43.76,Fail
3607,male,group D,high school,free/reduced,True,9.66265306122449,6.8,64.0,71.13410138248848,65.0,public,True,216.59675444371297,43.32,Fail
3608,female,group D,some college,standard,False,2.4,7.193586956521739,62.0,84.0,64.0,international,True,219.59358695652173,43.92,Fail
3609,female,group A,associate degree,standard,False,9.6,5.4,61.0,80.0,63.0,public,True,219.0,43.8,Fail
3610,female,group D,some college,free/reduced,False,13.6,8.4,63.0,65.0,62.0,private,True,212.0,42.4,Fail
3611,male,group B,some college,free/reduced,False,16.6,9.7,44.0,72.0,89.0,international,True,231.3,46.26,Fail
3612,male,group C,high school,standard,False,11.7,7.2,64.0,54.0,76.0,public,True,212.9,42.58,Fail
3613,female,group C,some college,standard,False,3.2,7.4,75.0,53.0,83.0,public,False,221.6,44.32,Fail
3614,female,group D,bachelor degree,standard,False,6.5,8.6,63.0,81.0,74.0,public,False,233.1,46.62,Fail
3615,male,group C,high school,free/reduced,True,0.7,7.0,76.0,88.0,82.0,public,True,253.7,50.74,Pass
3616,male,group C,high school,standard,False,9.3,6.8,59.0,76.0,70.46045112781955,public,True,221.56045112781953,44.31,Fail
3617,female,group C,some college,standard,True,9.1,7.0,94.0,71.0,63.0,public,True,244.1,48.82,Fail
3618,male,group B,bachelor degree,standard,False,11.1,9.2,78.0,57.0,76.0,international,False,231.3,46.26,Fail
3619,male,group E,high school,free/reduced,False,17.7,7.193586956521739,58.0,55.0,50.0,public,True,187.89358695652174,37.58,Fail
3620,male,group E,bachelor degree,free/reduced,True,9.66265306122449,5.7,81.0,60.0,69.0,public,True,225.36265306122448,45.07,Fail
3621,male,group B,master degree,free/reduced,False,4.3,7.9,81.0,96.0,85.0,public,True,274.2,54.84,Pass
3622,female,group E,high school,free/reduced,True,10.0,5.7,76.0,52.0,66.0,private,True,209.7,41.94,Fail
3623,male,group C,bachelor degree,standard,False,9.66265306122449,6.8,64.0,73.0,87.0,public,False,240.4626530612245,48.09,Fail
3624,male,group B,high school,standard,True,12.9,8.0,71.0,78.0,56.0,public,True,225.9,45.18,Fail
3625,male,group C,associate degree,standard,False,10.9,6.4,72.0,73.0,88.0,public,True,250.3,50.06,Pass
3626,female,group B,high school,free/reduced,True,15.2,6.9,98.0,50.0,71.0,public,True,241.1,48.22,Fail
3627,male,group C,some college,standard,False,9.3,8.8,80.0,67.0,51.0,public,True,216.1,43.22,Fail
3628,female,group A,associate degree,standard,True,12.4,9.1,58.0,76.0,71.0,international,True,226.5,45.3,Fail
3629,female,group A,some college,standard,False,9.9,5.5,85.0,73.0,78.0,public,True,251.4,50.28,Pass
3630,male,group B,high school,standard,True,10.2,6.9,75.0,74.0,59.0,public,True,225.1,45.02,Fail
3631,female,group C,bachelor degree,standard,True,15.1,6.9,48.0,90.0,73.0,public,True,233.0,46.6,Fail
3632,male,group D,bachelor degree,standard,True,13.1,5.5,72.0,76.0,70.0,public,True,236.6,47.32,Fail
3633,female,group C,high school,standard,False,12.8,9.2,47.0,67.0,70.0,public,True,206.0,41.2,Fail
3634,female,group E,high school,standard,False,15.3,4.7,60.0,64.0,63.0,public,True,207.0,41.4,Fail
3635,male,group D,some college,standard,False,8.2,6.6,68.0,75.0,62.0,public,True,219.8,43.96,Fail
3636,female,group E,associate degree,free/reduced,True,0.0,8.6,88.0,91.0,52.0,public,True,239.6,47.92,Fail
3637,male,group C,associate degree,standard,False,16.3,6.7,85.0,65.0,84.0,public,True,257.0,51.4,Pass
3638,female,group B,bachelor degree,standard,False,9.8,5.7,81.0,49.0,91.0,public,True,236.5,47.3,Fail
3639,male,group B,some college,free/reduced,False,2.8,6.1,84.0,54.0,70.0,private,True,216.9,43.38,Fail
3640,male,group D,high school,standard,True,7.0,10.7,72.0,71.13410138248848,29.0,public,True,189.83410138248848,37.97,Fail
3641,male,group E,master degree,standard,True,9.66265306122449,8.4,67.0,71.0,60.0,public,True,216.0626530612245,43.21,Fail
3642,female,group C,bachelor degree,standard,False,10.0,5.7,55.0,85.0,71.0,public,True,226.7,45.34,Fail
3643,female,group D,master degree,free/reduced,True,6.1,7.4,82.0,47.0,84.0,public,False,226.5,45.3,Fail
3644,female,group C,high school,standard,False,11.7,7.7,69.0,71.13410138248848,72.0,public,True,231.53410138248847,46.31,Fail
3645,male,group C,some college,standard,True,12.2,6.6,67.0,70.0,58.0,public,True,213.8,42.76,Fail
3646,male,group A,some college,standard,True,1.6,8.9,44.0,74.0,47.0,private,True,175.5,35.1,Fail
3647,female,group C,associate degree,free/reduced,False,5.4,8.4,78.0,92.0,27.0,public,True,210.8,42.16,Fail
3648,male,group C,some college,free/reduced,True,11.2,7.9,66.0,38.0,59.0,international,False,182.1,36.42,Fail
3649,male,group E,bachelor degree,standard,True,15.6,8.8,57.0,60.0,68.0,public,True,209.4,41.88,Fail
3650,male,group E,associate degree,standard,True,11.8,6.9,63.0,74.0,64.0,private,False,219.7,43.94,Fail
3651,female,group C,associate degree,standard,False,14.2,8.3,74.0,88.0,68.0,public,True,252.5,50.5,Pass
3652,male,group A,associate degree,free/reduced,False,8.6,7.2,63.0,59.0,90.0,public,True,227.8,45.56,Fail
3653,female,group E,high school,standard,True,15.9,6.1,75.0,63.0,86.0,public,True,246.0,49.2,Fail
3654,female,group D,high school,free/reduced,False,9.66265306122449,8.6,78.0,52.0,73.0,private,True,221.26265306122448,44.25,Fail
3655,female,group D,high school,free/reduced,True,12.3,9.8,49.0,67.0,97.0,public,True,235.1,47.02,Fail
3656,female,group B,master degree,free/reduced,False,8.0,5.7,65.0,62.0,100.0,public,False,240.7,48.14,Fail
3657,male,group B,associate degree,standard,False,9.66265306122449,8.2,54.0,77.0,68.0,private,False,216.86265306122448,43.37,Fail
3658,female,group D,bachelor degree,free/reduced,True,12.7,7.7,78.0,56.0,65.0,public,True,219.4,43.88,Fail
3659,female,group A,bachelor degree,standard,False,8.2,5.6,93.0,72.0,51.0,private,True,229.8,45.96,Fail
3660,female,group E,high school,standard,True,7.0,4.5,70.0,68.0,85.0,public,True,234.5,46.9,Fail
3661,male,group A,high school,standard,False,12.8,5.7,84.0,86.0,54.0,public,False,242.5,48.5,Fail
3662,male,group A,high school,standard,False,12.0,6.9,70.0,78.0,49.0,public,True,215.9,43.18,Fail
3663,male,group E,associate degree,standard,True,5.6,8.2,55.0,71.0,56.0,public,True,195.8,39.16,Fail
3664,female,group D,bachelor degree,standard,False,9.9,7.2,74.0,69.0,68.0,public,True,228.1,45.62,Fail
3665,male,group C,master degree,free/reduced,False,14.6,6.3,100.0,74.0,49.0,public,True,243.9,48.78,Fail
3666,female,group A,bachelor degree,free/reduced,False,6.2,7.6,100.0,100.0,75.0,public,False,288.8,57.76,Pass
3667,male,group E,high school,standard,False,6.8,7.193586956521739,67.0,82.0,69.0,public,True,231.99358695652174,46.4,Fail
3668,male,group E,bachelor degree,free/reduced,False,6.1,4.6,54.0,65.0,78.0,public,True,207.7,41.54,Fail
3669,female,group B,high school,free/reduced,False,9.2,7.1,52.0,70.0,84.0,public,True,222.3,44.46,Fail
3670,male,group B,high school,free/reduced,False,12.7,5.0,70.0,56.0,61.0,public,True,204.7,40.94,Fail
3671,female,group D,associate degree,standard,False,11.9,7.2,66.0,58.0,70.0,public,True,213.1,42.62,Fail
3672,female,group B,master degree,standard,False,13.5,6.8,75.0,55.0,58.0,private,True,208.3,41.66,Fail
3673,male,group D,some college,standard,False,9.66265306122449,6.8,55.0,67.0,83.0,public,True,221.4626530612245,44.29,Fail
3674,female,group D,associate degree,standard,True,12.9,6.6,89.0,80.0,59.0,public,True,247.5,49.5,Fail
3675,male,group D,high school,free/reduced,False,10.0,8.9,59.0,71.13410138248848,54.0,public,True,203.03410138248847,40.61,Fail
3676,male,group E,bachelor degree,standard,False,10.1,8.7,53.0,64.0,56.0,private,True,191.8,38.36,Fail
3677,male,group E,master degree,standard,True,5.2,8.1,74.0,77.0,43.0,public,True,207.3,41.46,Fail
3678,male,group B,some college,standard,False,6.4,9.4,79.0,100.0,68.0,public,False,262.8,52.56,Pass
3679,male,group A,associate degree,free/reduced,True,9.6,6.9,65.0,70.0,67.0,private,True,218.5,43.7,Fail
3680,male,group A,some college,free/reduced,False,17.0,8.5,57.0,81.0,53.0,public,True,216.5,43.3,Fail
3681,male,group D,bachelor degree,free/reduced,True,10.0,7.193586956521739,58.0,77.0,87.0,public,True,239.19358695652176,47.84,Fail
3682,male,group B,some college,free/reduced,True,14.1,6.6,47.0,65.0,85.0,public,True,217.7,43.54,Fail
3683,female,group B,associate degree,free/reduced,True,18.4,7.8,83.0,74.0,90.0,private,True,273.2,54.64,Pass
3684,female,group C,high school,free/reduced,False,9.66265306122449,8.3,54.0,46.0,64.0,public,False,181.9626530612245,36.39,Fail
3685,male,group D,some college,free/reduced,True,8.3,7.3,100.0,71.13410138248848,65.0,international,True,251.73410138248846,50.35,Pass
3686,female,group D,some college,standard,True,11.5,7.2,72.0,52.0,100.0,private,True,242.7,48.54,Fail
3687,male,group C,some college,free/reduced,False,9.7,6.9,74.0,63.0,84.0,international,True,237.6,47.52,Fail
3688,female,group D,associate degree,standard,True,7.6,7.2,79.0,69.0,60.0,private,True,222.8,44.56,Fail
3689,male,group D,bachelor degree,standard,True,17.5,6.5,71.0,70.0,72.0,public,True,237.0,47.4,Fail
3690,male,group C,associate degree,standard,False,18.4,9.3,82.0,51.0,67.0,public,True,227.7,45.54,Fail
3691,male,group B,associate degree,free/reduced,False,10.4,7.193586956521739,97.0,57.0,82.0,public,True,253.59358695652173,50.72,Pass
3692,female,group B,associate degree,standard,True,9.4,8.1,76.0,75.0,66.0,public,True,234.5,46.9,Fail
3693,male,group A,high school,standard,True,9.66265306122449,8.9,50.0,68.0,82.0,public,True,218.5626530612245,43.71,Fail
3694,male,group C,high school,standard,True,10.0,5.6,62.0,62.0,84.0,public,True,223.6,44.72,Fail
3695,female,group E,high school,standard,False,17.0,6.5,64.0,63.0,86.0,public,True,236.5,47.3,Fail
3696,male,group D,high school,standard,False,14.6,6.5,84.0,69.0,76.0,public,True,250.1,50.02,Pass
3697,female,group B,high school,free/reduced,True,8.3,7.6,94.0,72.0,70.46045112781955,private,True,252.36045112781954,50.47,Pass
3698,male,group C,associate degree,standard,False,12.3,8.4,61.0,73.0,57.0,international,True,211.7,42.34,Fail
3699,male,group D,high school,standard,False,6.9,6.7,70.0,100.0,55.0,public,True,238.6,47.72,Fail
3700,male,group B,bachelor degree,free/reduced,True,13.8,6.4,100.0,71.0,76.0,international,True,267.2,53.44,Pass
3701,female,group A,high school,standard,False,9.66265306122449,5.5,80.0,64.0,56.0,public,True,215.1626530612245,43.03,Fail
3702,female,group D,bachelor degree,standard,True,11.2,7.3,62.0,65.0,68.0,private,True,213.5,42.7,Fail
3703,female,group A,high school,free/reduced,False,10.7,9.9,96.0,67.0,100.0,public,True,283.6,56.72,Pass
3704,male,group E,high school,standard,False,7.8,8.4,79.0,68.0,86.0,public,True,249.2,49.84,Fail
3705,male,group A,some college,standard,False,11.6,7.0,45.0,80.0,75.0,public,True,218.6,43.72,Fail
3706,female,group C,high school,standard,False,11.2,7.2,81.0,59.0,98.0,public,True,256.4,51.28,Pass
3707,male,group A,master degree,standard,False,18.4,8.1,59.0,50.0,70.46045112781955,public,True,205.96045112781957,41.19,Fail
3708,male,group B,high school,free/reduced,True,9.5,6.0,46.0,87.0,83.0,private,True,231.5,46.3,Fail
3709,male,group A,high school,standard,True,16.1,6.4,50.0,100.0,52.0,public,True,224.5,44.9,Fail
3710,female,group C,associate degree,standard,False,5.6,7.193586956521739,73.0,59.0,36.0,public,True,180.79358695652172,36.16,Fail
3711,male,group C,high school,free/reduced,False,11.7,5.9,64.0,83.0,68.0,public,True,232.6,46.52,Fail
3712,female,group E,master degree,free/reduced,True,6.4,5.5,59.0,56.0,75.0,public,False,201.9,40.38,Fail
3713,female,group D,bachelor degree,standard,False,8.9,7.193586956521739,90.0,75.0,85.0,public,True,266.09358695652173,53.22,Pass
3714,female,group E,some college,free/reduced,False,16.0,7.2,55.0,74.0,66.0,public,True,218.2,43.64,Fail
3715,female,group D,high school,free/reduced,True,9.0,5.5,65.0,64.0,59.0,public,True,202.5,40.5,Fail
3716,male,group D,high school,free/reduced,True,9.3,7.193586956521739,48.0,62.0,39.0,international,False,165.49358695652174,33.1,Fail
3717,female,group D,high school,standard,False,11.1,6.8,39.0,66.0,73.0,public,True,195.9,39.18,Fail
3718,male,group C,bachelor degree,standard,False,13.4,7.193586956521739,81.0,95.0,52.0,public,True,248.59358695652173,49.72,Fail
3719,male,group E,high school,standard,True,7.4,8.0,53.0,45.0,71.0,public,True,184.4,36.88,Fail
3720,female,group A,bachelor degree,free/reduced,False,12.2,7.8,78.0,80.0,91.0,public,True,269.0,53.8,Pass
3721,male,group D,bachelor degree,free/reduced,False,6.3,8.9,55.0,53.0,80.0,public,True,203.2,40.64,Fail
3722,male,group E,bachelor degree,standard,False,12.8,5.1,65.0,60.0,72.0,international,True,214.9,42.98,Fail
3723,female,group B,associate degree,free/reduced,True,1.1,6.4,93.0,73.0,82.0,public,True,255.5,51.1,Pass
3724,male,group C,high school,free/reduced,False,8.3,7.3,72.0,60.0,58.0,private,True,205.6,41.12,Fail
3725,female,group D,master degree,standard,True,11.0,6.1,86.0,30.0,66.0,public,False,199.1,39.82,Fail
3726,female,group E,high school,free/reduced,True,11.5,5.3,69.0,63.0,95.0,international,True,243.8,48.76,Fail
3727,male,group C,bachelor degree,standard,False,11.5,8.2,54.0,46.0,83.0,public,True,202.7,40.54,Fail
3728,male,group C,master degree,free/reduced,False,4.0,9.4,77.0,63.0,39.0,public,True,192.4,38.48,Fail
3729,male,group B,some college,standard,False,12.1,6.3,40.0,74.0,85.0,public,False,217.4,43.48,Fail
3730,female,group B,bachelor degree,standard,False,11.6,8.5,67.0,69.0,76.0,public,True,232.1,46.42,Fail
3731,male,group C,associate degree,standard,False,8.5,7.2,72.0,71.0,65.0,public,True,223.7,44.74,Fail
3732,male,group C,high school,standard,True,4.1,6.2,84.0,75.0,70.46045112781955,public,True,239.76045112781958,47.95,Fail
3733,female,group B,high school,standard,False,7.3,7.193586956521739,51.0,61.0,89.0,private,True,215.49358695652174,43.1,Fail
3734,male,group D,bachelor degree,free/reduced,False,11.0,7.7,84.0,81.0,71.0,private,True,254.7,50.94,Pass
3735,female,group E,high school,free/reduced,True,6.8,7.7,52.0,96.0,62.0,private,False,224.5,44.9,Fail
3736,male,group E,associate degree,standard,False,11.8,7.2,90.0,64.0,71.0,private,True,244.0,48.8,Fail
3737,female,group D,high school,standard,False,9.66265306122449,5.9,59.0,82.0,76.0,private,True,232.5626530612245,46.51,Fail
3738,male,group E,associate degree,standard,True,9.66265306122449,7.193586956521739,68.0,71.13410138248848,82.0,public,True,237.9903414002347,47.6,Fail
3739,male,group A,high school,free/reduced,False,6.3,7.0,68.0,58.0,100.0,public,True,239.3,47.86,Fail
3740,male,group C,bachelor degree,standard,False,9.66265306122449,7.6,76.0,75.0,74.0,private,True,242.26265306122448,48.45,Fail
3741,male,group C,master degree,standard,True,15.2,8.1,85.0,81.0,79.0,public,True,268.3,53.66,Pass
3742,male,group E,some college,standard,False,11.5,6.6,66.0,55.0,50.0,private,True,189.1,37.82,Fail
3743,female,group C,some college,standard,False,6.5,9.3,91.0,73.0,90.0,private,True,269.8,53.96,Pass
3744,female,group C,bachelor degree,standard,True,9.6,6.7,100.0,71.13410138248848,86.0,public,True,273.4341013824885,54.69,Pass
3745,female,group B,bachelor degree,standard,True,6.9,9.7,61.0,65.0,74.0,private,True,216.6,43.32,Fail
3746,male,group D,high school,standard,False,12.2,6.7,83.0,71.13410138248848,60.0,public,True,233.03410138248847,46.61,Fail
3747,male,group A,bachelor degree,standard,False,8.6,10.7,82.0,87.0,55.0,public,True,243.3,48.66,Fail
3748,male,group C,some college,standard,False,16.9,5.8,58.0,77.0,67.0,public,True,224.7,44.94,Fail
3749,male,group D,high school,free/reduced,True,2.1,8.3,70.0,77.0,86.0,public,True,243.4,48.68,Fail
3750,male,group B,some college,standard,False,12.0,5.5,100.0,53.0,70.46045112781955,public,True,240.96045112781957,48.19,Fail
3751,female,group B,bachelor degree,free/reduced,False,8.1,6.0,51.0,51.0,100.0,public,True,216.1,43.22,Fail
3752,male,group D,bachelor degree,standard,False,9.9,9.8,68.0,80.0,70.0,public,True,237.7,47.54,Fail
3753,female,group C,bachelor degree,standard,False,8.8,7.8,49.0,76.0,59.0,private,True,200.6,40.12,Fail
3754,female,group C,associate degree,standard,False,13.2,7.9,95.0,71.0,84.0,private,True,271.1,54.22,Pass
3755,male,group B,associate degree,free/reduced,False,2.2,7.6,62.0,65.0,65.0,public,True,201.8,40.36,Fail
3756,female,group C,some college,standard,True,3.1,8.3,78.0,68.0,80.0,public,True,237.4,47.48,Fail
3757,female,group C,high school,standard,False,8.7,7.9,84.0,61.0,57.0,public,True,218.6,43.72,Fail
3758,female,group C,bachelor degree,standard,False,2.6,9.7,69.0,100.0,68.0,public,True,249.3,49.86,Fail
3759,male,group A,some college,standard,False,12.3,5.7,92.0,94.0,70.46045112781955,international,True,274.46045112781957,54.89,Pass
3760,male,group A,high school,free/reduced,True,4.3,6.9,65.0,100.0,91.0,public,True,267.2,53.44,Pass
3761,male,group B,some college,standard,False,9.66265306122449,8.0,66.0,90.0,70.46045112781955,public,True,244.12310418904406,48.82,Fail
3762,female,group C,bachelor degree,free/reduced,False,4.9,6.3,69.0,72.0,86.0,public,True,238.2,47.64,Fail
3763,male,group C,some college,standard,False,11.2,7.193586956521739,88.0,95.0,68.0,public,True,269.39358695652174,53.88,Pass
3764,male,group E,some college,free/reduced,True,8.3,9.3,63.0,88.0,78.0,public,True,246.6,49.32,Fail
3765,female,group C,master degree,standard,False,14.4,4.5,69.0,75.0,90.0,public,True,252.9,50.58,Pass
3766,female,group B,bachelor degree,standard,False,8.8,6.3,73.0,61.0,90.0,public,True,239.1,47.82,Fail
3767,male,group C,bachelor degree,free/reduced,False,15.6,5.7,73.0,71.0,49.0,private,True,214.3,42.86,Fail
3768,male,group A,master degree,free/reduced,True,5.7,5.0,58.0,68.0,91.0,public,True,227.7,45.54,Fail
3769,male,group C,bachelor degree,standard,True,7.7,7.1,55.0,71.13410138248848,70.46045112781955,public,True,211.39455251030802,42.28,Fail
3770,male,group A,some college,standard,False,12.8,8.0,72.0,66.0,75.0,private,False,233.8,46.76,Fail
3771,male,group C,high school,standard,True,9.7,5.1,88.0,69.0,67.0,private,True,238.8,47.76,Fail
3772,female,group C,high school,free/reduced,True,6.7,8.3,82.0,63.0,47.0,public,True,207.0,41.4,Fail
3773,female,group B,some college,standard,True,5.2,7.193586956521739,82.0,99.0,59.0,private,True,252.39358695652174,50.48,Pass
3774,male,group C,associate degree,free/reduced,False,9.1,7.8,87.0,71.13410138248848,31.0,public,True,206.03410138248847,41.21,Fail
3775,male,group E,high school,free/reduced,False,7.5,9.8,78.0,60.0,49.0,public,True,204.3,40.86,Fail
3776,female,group B,master degree,standard,False,7.7,8.0,76.0,52.0,57.0,public,True,200.7,40.14,Fail
3777,male,group A,high school,free/reduced,True,9.66265306122449,6.5,60.0,77.0,81.0,public,True,234.1626530612245,46.83,Fail
3778,female,group B,associate degree,standard,True,9.9,6.3,70.0,69.0,46.0,public,True,201.2,40.24,Fail
3779,male,group E,high school,standard,False,13.0,7.5,64.0,72.0,58.0,private,True,214.5,42.9,Fail
3780,female,group B,high school,standard,False,18.7,5.5,71.0,62.0,85.0,private,False,242.2,48.44,Fail
3781,male,group C,some college,standard,False,9.66265306122449,8.7,55.0,67.0,59.0,private,True,199.36265306122448,39.87,Fail
3782,female,group E,bachelor degree,standard,False,5.5,6.9,84.0,71.13410138248848,87.0,private,True,254.53410138248847,50.91,Pass
3783,male,group D,high school,standard,False,1.1,8.5,39.0,58.0,63.0,private,True,169.6,33.92,Fail
3784,female,group E,high school,standard,True,14.8,7.8,63.0,76.0,89.0,private,True,250.6,50.12,Pass
3785,female,group C,high school,standard,True,12.1,5.7,52.0,82.0,54.0,private,True,205.8,41.16,Fail
3786,male,group E,high school,standard,False,8.3,6.5,81.0,67.0,44.0,public,False,206.8,41.36,Fail
3787,male,group D,some college,free/reduced,True,15.6,6.9,100.0,67.0,75.0,public,True,264.5,52.9,Pass
3788,male,group B,high school,free/reduced,False,8.1,7.193586956521739,50.0,70.0,63.0,private,True,198.29358695652172,39.66,Fail
3789,male,group E,some college,standard,True,4.8,7.0,96.0,65.0,54.0,public,True,226.8,45.36,Fail
3790,male,group E,high school,standard,False,9.8,8.4,71.0,87.0,70.0,public,True,246.2,49.24,Fail
3791,female,group E,master degree,standard,True,12.6,6.2,73.0,92.0,63.0,private,True,246.8,49.36,Fail
3792,male,group B,some college,free/reduced,True,9.8,8.5,63.0,67.0,61.0,public,False,209.3,41.86,Fail
3793,male,group C,high school,standard,False,11.5,7.3,64.0,76.0,77.0,international,True,235.8,47.16,Fail
3794,female,group C,high school,standard,False,12.6,6.8,53.0,60.0,60.0,public,True,192.4,38.48,Fail
3795,female,group B,bachelor degree,free/reduced,True,11.1,6.8,55.0,39.0,70.46045112781955,private,True,182.36045112781954,36.47,Fail
3796,female,group B,associate degree,standard,True,7.1,5.6,65.0,84.0,71.0,international,True,232.7,46.54,Fail
3797,male,group B,some college,standard,True,13.4,8.5,65.0,75.0,70.46045112781955,public,False,232.36045112781954,46.47,Fail
3798,male,group B,associate degree,standard,True,7.5,6.4,71.0,73.0,53.0,public,False,210.9,42.18,Fail
3799,male,group B,some college,free/reduced,True,12.5,4.6,47.0,90.0,79.0,public,True,233.1,46.62,Fail
3800,male,group C,some college,standard,False,7.6,6.2,57.0,83.0,87.0,public,True,240.8,48.16,Fail
3801,male,group C,high school,standard,False,14.8,7.7,72.0,50.0,80.0,private,True,224.5,44.9,Fail
3802,female,group C,some college,free/reduced,False,10.3,7.193586956521739,91.0,86.0,64.0,private,True,258.49358695652177,51.7,Pass
3803,male,group C,master degree,standard,False,8.5,8.8,66.0,60.0,68.0,private,True,211.3,42.26,Fail
3804,female,group D,high school,free/reduced,False,9.66265306122449,9.6,71.0,39.0,75.0,public,True,204.26265306122448,40.85,Fail
3805,male,group B,high school,free/reduced,False,8.7,6.8,68.0,72.0,85.0,public,True,240.5,48.1,Fail
3806,male,group B,some college,free/reduced,False,18.6,7.0,87.0,93.0,73.0,private,True,278.6,55.72,Pass
3807,female,group C,high school,free/reduced,True,7.0,8.4,77.0,75.0,69.0,public,True,236.4,47.28,Fail
3808,male,group E,associate degree,standard,False,14.2,5.8,67.0,68.0,52.0,international,True,207.0,41.4,Fail
3809,female,group D,high school,free/reduced,False,9.0,6.4,64.0,65.0,62.0,public,True,206.4,41.28,Fail
3810,male,group B,high school,standard,False,14.8,5.8,86.0,77.0,64.0,public,True,247.6,49.52,Fail
3811,male,group C,bachelor degree,standard,True,3.0,7.1,75.0,71.13410138248848,78.0,public,False,234.23410138248846,46.85,Fail
3812,male,group D,associate degree,free/reduced,True,6.7,9.0,56.0,60.0,63.0,public,False,194.7,38.94,Fail
3813,male,group B,associate degree,standard,False,7.7,7.3,81.0,61.0,64.0,international,True,221.0,44.2,Fail
3814,female,group C,some college,standard,False,8.6,7.1,46.0,49.0,76.0,private,True,186.7,37.34,Fail
3815,male,group D,associate degree,free/reduced,False,9.66265306122449,7.7,66.0,60.0,38.0,public,False,181.36265306122448,36.27,Fail
3816,male,group B,some college,standard,False,5.4,5.4,52.0,54.0,66.0,private,True,182.8,36.56,Fail
3817,female,group D,some college,free/reduced,True,15.0,7.0,51.0,72.0,75.0,public,True,220.0,44.0,Fail
3818,female,group A,high school,free/reduced,True,5.2,5.7,28.0,85.0,76.0,private,True,199.9,39.98,Fail
3819,male,group E,some college,free/reduced,False,0.0,7.193586956521739,60.0,71.0,98.0,public,True,236.19358695652176,47.24,Fail
3820,female,group B,high school,free/reduced,False,11.8,7.193586956521739,65.0,69.0,65.0,private,False,217.99358695652174,43.6,Fail
3821,female,group C,some college,standard,True,11.4,8.9,64.0,85.0,86.0,public,True,255.3,51.06,Pass
3822,male,group B,high school,standard,False,9.66265306122449,6.3,76.0,72.0,62.0,public,True,225.9626530612245,45.19,Fail
3823,male,group A,associate degree,free/reduced,False,7.0,8.2,96.0,68.0,60.0,public,True,239.2,47.84,Fail
3824,female,group D,high school,standard,True,7.8,8.9,79.0,86.0,70.46045112781955,public,True,252.16045112781956,50.43,Pass
3825,male,group E,high school,standard,True,18.9,7.193586956521739,49.0,71.13410138248848,65.0,public,True,211.22768833901023,42.25,Fail
3826,male,group E,bachelor degree,standard,False,9.8,7.193586956521739,96.0,74.0,66.0,public,True,252.99358695652174,50.6,Pass
3827,male,group C,high school,standard,True,11.3,8.2,67.0,65.0,44.0,private,True,195.5,39.1,Fail
3828,male,group B,some college,standard,False,9.66265306122449,6.6,47.0,51.0,68.0,public,True,182.26265306122448,36.45,Fail
3829,male,group B,some college,standard,False,9.0,6.7,55.0,87.0,93.0,international,True,250.7,50.14,Pass
3830,male,group B,some college,free/reduced,False,9.66265306122449,6.0,73.0,61.0,70.46045112781955,public,False,220.12310418904406,44.02,Fail
3831,male,group E,high school,standard,False,9.0,5.2,85.0,90.0,69.0,private,True,258.2,51.64,Pass
3832,female,group E,associate degree,free/reduced,True,15.3,4.6,70.0,100.0,75.0,private,True,264.9,52.98,Pass
3833,male,group E,high school,standard,True,15.1,3.9,72.0,80.0,60.0,public,True,231.0,46.2,Fail
3834,female,group E,some college,free/reduced,False,6.6,8.3,48.0,79.0,78.0,public,True,219.9,43.98,Fail
3835,female,group E,high school,standard,True,9.2,7.8,63.0,55.0,58.0,public,True,193.0,38.6,Fail
3836,male,group E,some college,standard,False,9.66265306122449,8.2,61.0,71.0,55.0,private,True,204.86265306122448,40.97,Fail
3837,male,group C,bachelor degree,free/reduced,False,13.2,9.0,56.0,97.0,70.46045112781955,private,True,245.66045112781956,49.13,Fail
3838,male,group B,some college,standard,True,5.3,6.8,76.0,69.0,86.0,public,True,243.1,48.62,Fail
3839,male,group A,high school,free/reduced,False,7.2,5.2,68.0,65.0,44.0,public,True,189.4,37.88,Fail
3840,male,group C,associate degree,standard,False,8.3,6.9,27.0,89.0,42.0,public,True,173.2,34.64,Fail
3841,male,group A,some college,standard,False,14.1,8.2,66.0,88.0,77.0,public,True,253.3,50.66,Pass
3842,female,group A,associate degree,standard,False,9.7,7.7,82.0,93.0,60.0,private,True,252.4,50.48,Pass
3843,female,group A,high school,standard,False,12.7,10.3,82.0,70.0,85.0,public,True,260.0,52.0,Pass
3844,male,group A,bachelor degree,standard,True,13.8,8.2,100.0,73.0,87.0,private,False,282.0,56.4,Pass
3845,female,group A,bachelor degree,standard,False,1.9,8.0,95.0,70.0,69.0,public,True,243.9,48.78,Fail
3846,male,group E,bachelor degree,standard,True,3.8,7.0,53.0,79.0,61.0,international,False,203.8,40.76,Fail
3847,male,group A,bachelor degree,standard,False,15.6,8.0,85.0,78.0,83.0,public,True,269.6,53.92,Pass
3848,male,group E,master degree,standard,True,12.1,7.2,72.0,90.0,93.0,public,True,274.3,54.86,Pass
3849,male,group E,high school,free/reduced,True,8.1,7.7,60.0,73.0,63.0,public,True,211.8,42.36,Fail
3850,male,group D,bachelor degree,free/reduced,False,13.3,8.2,74.0,79.0,82.0,public,True,256.5,51.3,Pass
3851,female,group D,some college,standard,True,0.0,9.3,82.0,72.0,58.0,public,True,221.3,44.26,Fail
3852,male,group A,some college,standard,True,4.3,7.8,46.0,57.0,69.0,public,False,184.1,36.82,Fail
3853,female,group C,high school,standard,False,14.3,8.5,74.0,83.0,84.0,private,True,263.8,52.76,Pass
3854,male,group A,bachelor degree,standard,False,16.6,5.5,70.0,71.13410138248848,75.0,public,True,238.23410138248846,47.65,Fail
3855,female,group D,high school,standard,False,12.7,7.4,35.0,77.0,66.0,public,True,198.1,39.62,Fail
3856,male,group C,some college,standard,True,4.5,6.3,58.0,51.0,82.0,public,False,201.8,40.36,Fail
3857,female,group B,associate degree,standard,True,8.6,7.4,68.0,71.13410138248848,75.0,public,True,230.1341013824885,46.03,Fail
3858,female,group C,associate degree,standard,False,10.0,7.2,93.0,74.0,74.0,public,True,258.2,51.64,Pass
3859,male,group B,associate degree,free/reduced,True,0.0,7.6,63.0,87.0,66.0,private,True,223.6,44.72,Fail
3860,female,group C,some college,standard,False,9.0,5.8,70.0,77.0,71.0,private,True,232.8,46.56,Fail
3861,female,group B,high school,standard,False,10.8,8.6,65.0,59.0,64.0,international,True,207.4,41.48,Fail
3862,female,group D,bachelor degree,free/reduced,True,14.4,7.193586956521739,91.0,74.0,58.0,public,True,244.59358695652173,48.92,Fail
3863,male,group C,some college,standard,True,9.66265306122449,7.4,51.0,71.0,83.0,private,True,222.0626530612245,44.41,Fail
3864,female,group B,high school,standard,False,9.5,8.1,26.0,88.0,90.0,international,True,221.6,44.32,Fail
3865,male,group C,some college,free/reduced,False,11.8,9.0,100.0,84.0,92.0,private,False,296.8,59.36,Pass
3866,male,group D,bachelor degree,standard,False,9.1,7.5,84.0,94.0,59.0,public,True,253.6,50.72,Pass
3867,female,group D,high school,free/reduced,False,17.6,7.8,69.0,63.0,78.0,public,True,235.4,47.08,Fail
3868,female,group D,some college,standard,False,12.6,7.193586956521739,93.0,78.0,76.0,public,True,266.7935869565217,53.36,Pass
3869,male,group B,some college,free/reduced,False,13.3,8.4,58.0,81.0,74.0,public,True,234.7,46.94,Fail
3870,female,group B,high school,free/reduced,True,9.8,7.1,74.0,60.0,70.46045112781955,public,True,221.36045112781954,44.27,Fail
3871,female,group B,high school,free/reduced,True,9.3,6.4,87.0,68.0,51.0,public,True,221.7,44.34,Fail
3872,male,group D,associate degree,free/reduced,False,9.66265306122449,8.5,79.0,49.0,56.0,public,True,202.1626530612245,40.43,Fail
3873,female,group A,some college,standard,True,3.8,8.0,80.0,57.0,85.0,public,False,233.8,46.76,Fail
3874,female,group E,associate degree,standard,False,12.9,7.8,66.0,54.0,97.0,public,True,237.7,47.54,Fail
3875,female,group B,some college,standard,False,12.9,6.5,75.0,69.0,87.0,public,True,250.4,50.08,Pass
3876,male,group C,high school,standard,True,5.9,7.1,88.0,59.0,100.0,public,True,260.0,52.0,Pass
3877,female,group C,bachelor degree,standard,True,9.8,7.4,60.0,54.0,65.0,public,True,196.2,39.24,Fail
3878,male,group D,associate degree,standard,False,9.66265306122449,7.9,56.0,82.0,78.0,private,True,233.5626530612245,46.71,Fail
3879,female,group B,high school,standard,True,9.66265306122449,8.1,76.0,82.0,64.0,public,True,239.76265306122448,47.95,Fail
3880,male,group B,associate degree,standard,False,6.2,6.8,65.0,97.0,53.0,public,True,228.0,45.6,Fail
3881,male,group C,bachelor degree,standard,False,7.9,7.6,90.0,87.0,66.0,public,True,258.5,51.7,Pass
3882,female,group D,bachelor degree,standard,True,16.0,9.3,73.0,46.0,69.0,public,True,213.3,42.66,Fail
3883,female,group A,high school,free/reduced,True,20.4,5.8,75.0,70.0,57.0,public,True,228.2,45.64,Fail
3884,male,group E,some college,standard,True,18.4,8.8,81.0,94.0,65.0,public,False,267.2,53.44,Pass
3885,male,group D,high school,standard,False,18.6,7.1,76.0,59.0,70.0,private,False,230.7,46.14,Fail
3886,male,group C,bachelor degree,standard,False,16.7,5.8,87.0,76.0,79.0,private,True,264.5,52.9,Pass
3887,female,group E,master degree,standard,False,10.0,8.9,66.0,70.0,72.0,public,True,226.9,45.38,Fail
3888,female,group D,some college,standard,True,11.3,5.2,58.0,73.0,56.0,public,True,203.5,40.7,Fail
3889,male,group E,associate degree,standard,False,6.1,5.9,71.0,82.0,72.0,public,True,237.0,47.4,Fail
3890,male,group B,some college,standard,True,1.2,7.6,100.0,94.0,75.0,public,True,277.8,55.56,Pass
3891,female,group C,associate degree,standard,True,15.1,7.2,67.0,77.0,65.0,private,True,231.3,46.26,Fail
3892,male,group C,high school,standard,False,9.4,7.2,67.0,72.0,78.0,public,True,233.6,46.72,Fail
3893,female,group A,some college,standard,False,9.66265306122449,7.0,69.0,61.0,82.0,private,True,228.6626530612245,45.73,Fail
3894,male,group C,master degree,free/reduced,False,8.2,6.4,82.0,97.0,51.0,public,True,244.6,48.92,Fail
3895,male,group B,bachelor degree,standard,True,17.1,7.9,100.0,71.0,82.0,private,True,278.0,55.6,Pass
3896,female,group C,some college,free/reduced,True,4.2,7.0,70.0,83.0,76.0,public,True,240.2,48.04,Fail
3897,male,group D,high school,free/reduced,False,8.5,7.6,66.0,57.0,67.0,public,True,206.1,41.22,Fail
3898,male,group B,high school,standard,False,7.1,7.7,68.0,88.0,53.0,public,True,223.8,44.76,Fail
3899,male,group E,master degree,standard,False,18.4,6.0,85.0,90.0,95.0,private,True,294.4,58.88,Pass
3900,female,group E,some college,standard,False,4.6,7.6,72.0,79.0,77.0,public,True,240.2,48.04,Fail
3901,female,group E,bachelor degree,standard,False,11.5,7.1,78.0,62.0,74.0,public,True,232.6,46.52,Fail
3902,male,group C,associate degree,free/reduced,True,9.66265306122449,7.3,83.0,75.0,70.46045112781955,public,False,245.42310418904407,49.08,Fail
3903,male,group B,master degree,free/reduced,False,5.0,9.3,44.0,84.0,68.0,international,True,210.3,42.06,Fail
3904,male,group A,some college,standard,False,11.0,5.2,71.0,61.0,57.0,public,True,205.2,41.04,Fail
3905,female,group B,bachelor degree,standard,True,8.3,8.7,69.0,77.0,67.0,public,True,230.0,46.0,Fail
3906,male,group C,high school,standard,False,9.7,5.6,55.0,85.0,70.0,private,True,225.3,45.06,Fail
3907,female,group B,high school,free/reduced,True,14.6,7.2,82.0,69.0,81.0,public,True,253.8,50.76,Pass
3908,male,group B,high school,free/reduced,False,14.8,7.193586956521739,82.0,67.0,85.0,private,True,255.99358695652174,51.2,Pass
3909,female,group D,some college,free/reduced,True,7.4,8.7,81.0,84.0,81.0,private,True,262.1,52.42,Pass
3910,male,group D,high school,standard,True,0.0,8.6,77.0,99.0,61.0,public,True,245.6,49.12,Fail
3911,male,group B,bachelor degree,standard,True,7.8,7.193586956521739,73.0,76.0,78.0,public,True,241.99358695652174,48.4,Fail
3912,female,group E,bachelor degree,free/reduced,True,8.2,10.1,59.0,62.0,96.0,public,True,235.3,47.06,Fail
3913,female,group C,high school,standard,True,0.7,7.4,74.0,63.0,50.0,public,True,195.1,39.02,Fail
3914,female,group E,some college,standard,True,10.0,6.9,50.0,86.0,61.0,private,True,213.9,42.78,Fail
3915,female,group C,bachelor degree,standard,True,8.8,6.1,74.0,72.0,88.0,public,True,248.9,49.78,Fail
3916,female,group C,associate degree,standard,True,3.0,5.7,62.0,75.0,75.0,private,True,220.7,44.14,Fail
3917,female,group D,high school,free/reduced,False,5.8,9.4,100.0,71.13410138248848,61.0,private,True,247.33410138248848,49.47,Fail
3918,female,group B,bachelor degree,free/reduced,True,16.5,7.9,73.0,82.0,82.0,private,True,261.4,52.28,Pass
3919,male,group B,bachelor degree,standard,False,5.6,9.3,72.0,49.0,87.0,public,True,222.9,44.58,Fail
3920,female,group A,some college,free/reduced,True,8.9,6.1,82.0,65.0,70.0,public,False,232.0,46.4,Fail
3921,male,group D,bachelor degree,standard,False,14.2,7.193586956521739,74.0,90.0,74.0,public,True,259.39358695652174,51.88,Pass
3922,male,group B,bachelor degree,standard,True,9.7,7.193586956521739,85.0,71.13410138248848,79.0,private,True,252.02768833901024,50.41,Pass
3923,male,group B,master degree,standard,False,13.3,7.193586956521739,45.0,75.0,79.0,private,True,219.49358695652174,43.9,Fail
3924,female,group A,high school,free/reduced,True,12.6,7.4,90.0,76.0,64.0,public,True,250.0,50.0,Pass
3925,female,group D,high school,standard,False,9.66265306122449,6.7,65.0,82.0,93.0,public,True,256.3626530612245,51.27,Pass
3926,female,group A,high school,standard,False,9.66265306122449,6.9,80.0,58.0,59.0,public,True,213.5626530612245,42.71,Fail
3927,female,group D,associate degree,standard,False,13.1,8.6,100.0,91.0,50.0,public,True,262.7,52.54,Pass
3928,female,group C,some college,standard,False,18.6,8.1,68.0,71.13410138248848,50.0,public,True,215.83410138248848,43.17,Fail
3929,female,group D,high school,standard,False,8.5,8.1,73.0,57.0,74.0,public,True,220.6,44.12,Fail
3930,male,group C,master degree,standard,False,4.7,7.7,73.0,76.0,70.46045112781955,public,True,231.86045112781954,46.37,Fail
3931,female,group E,high school,standard,True,16.6,7.6,75.0,71.0,91.0,public,False,261.2,52.24,Pass
3932,female,group A,some college,standard,False,12.3,6.6,80.0,62.0,80.0,public,False,240.9,48.18,Fail
3933,male,group E,high school,standard,False,14.4,6.8,87.0,70.0,85.0,public,True,263.2,52.64,Pass
3934,male,group D,high school,standard,True,8.4,4.6,66.0,76.0,70.0,public,False,225.0,45.0,Fail
3935,male,group A,some college,standard,True,14.4,8.6,81.0,80.0,60.0,public,True,244.0,48.8,Fail
3936,male,group D,bachelor degree,free/reduced,False,8.3,7.193586956521739,97.0,75.0,79.0,public,False,266.49358695652177,53.3,Pass
3937,male,group D,bachelor degree,standard,False,14.3,6.1,76.0,48.0,56.0,international,True,200.4,40.08,Fail
3938,female,group E,bachelor degree,standard,False,10.8,4.1,73.0,78.0,99.0,public,True,264.9,52.98,Pass
3939,male,group A,high school,free/reduced,True,11.9,7.6,59.0,94.0,70.46045112781955,public,False,242.96045112781957,48.59,Fail
3940,female,group C,associate degree,standard,True,6.3,6.4,40.0,68.0,73.0,public,True,193.7,38.74,Fail
3941,male,group C,high school,free/reduced,True,12.2,5.9,68.0,73.0,57.0,public,False,216.1,43.22,Fail
3942,female,group B,bachelor degree,free/reduced,True,16.0,7.6,63.0,47.0,78.0,private,True,211.6,42.32,Fail
3943,female,group A,some college,free/reduced,False,8.6,7.8,58.0,71.0,58.0,public,True,203.4,40.68,Fail
3944,female,group D,high school,free/reduced,True,5.6,7.1,77.0,55.0,71.0,public,True,215.7,43.14,Fail
3945,male,group C,bachelor degree,standard,True,9.66265306122449,5.6,74.0,75.0,71.0,public,True,235.26265306122448,47.05,Fail
3946,male,group B,high school,free/reduced,True,12.3,7.4,72.0,58.0,48.0,public,True,197.7,39.54,Fail
3947,male,group E,high school,standard,True,10.2,7.4,66.0,81.0,74.0,public,False,238.6,47.72,Fail
3948,male,group D,high school,free/reduced,True,6.4,7.2,65.0,81.0,69.0,public,True,228.6,45.72,Fail
3949,female,group A,some college,standard,True,5.2,6.4,73.0,73.0,68.0,public,True,225.6,45.12,Fail
3950,female,group E,associate degree,standard,True,4.5,5.1,56.0,82.0,77.0,public,True,224.6,44.92,Fail
3951,male,group E,high school,free/reduced,False,9.66265306122449,9.3,72.0,50.0,52.0,public,False,192.9626530612245,38.59,Fail
3952,male,group B,high school,free/reduced,False,12.0,7.1,80.0,75.0,47.0,public,True,221.1,44.22,Fail
3953,male,group A,bachelor degree,standard,True,9.2,7.9,60.0,79.0,66.0,international,True,222.1,44.42,Fail
3954,male,group A,associate degree,standard,False,15.0,7.9,87.0,63.0,99.0,private,True,271.9,54.38,Pass
3955,female,group C,high school,standard,True,6.9,7.9,71.0,64.0,59.0,international,True,208.8,41.76,Fail
3956,female,group D,associate degree,free/reduced,False,21.8,7.193586956521739,94.0,71.0,61.0,public,True,254.99358695652174,51.0,Pass
3957,female,group E,high school,standard,True,0.6,8.4,88.0,71.0,57.0,private,False,225.0,45.0,Fail
3958,male,group C,associate degree,standard,True,7.1,7.2,86.0,99.0,59.0,public,True,258.3,51.66,Pass
3959,female,group C,some college,standard,False,16.3,4.8,72.0,70.0,81.0,public,True,244.1,48.82,Fail
3960,male,group C,high school,free/reduced,False,8.7,6.6,74.0,91.0,72.0,private,True,252.3,50.46,Pass
3961,female,group C,some college,standard,True,13.2,4.6,92.0,71.13410138248848,88.0,public,True,268.9341013824885,53.79,Pass
3962,male,group D,high school,free/reduced,False,18.6,5.7,68.0,71.13410138248848,62.0,private,False,225.43410138248848,45.09,Fail
3963,female,group D,high school,standard,False,3.0,7.4,70.0,62.0,58.0,public,True,200.4,40.08,Fail
3964,male,group E,bachelor degree,free/reduced,True,9.66265306122449,8.0,55.0,68.0,86.0,public,True,226.6626530612245,45.33,Fail
3965,male,group C,high school,free/reduced,True,7.2,5.8,59.0,53.0,84.0,public,True,209.0,41.8,Fail
3966,male,group B,some college,standard,False,16.9,6.5,63.0,61.0,60.0,private,False,207.4,41.48,Fail
3967,female,group E,associate degree,standard,True,15.2,7.0,76.0,97.0,70.46045112781955,international,True,265.66045112781956,53.13,Pass
3968,female,group A,some college,free/reduced,False,1.3,5.4,68.0,86.0,49.0,public,True,209.7,41.94,Fail
3969,female,group C,some college,standard,True,8.0,10.0,52.0,84.0,77.0,public,True,231.0,46.2,Fail
3970,female,group C,bachelor degree,standard,True,12.7,7.2,88.0,40.0,61.0,public,True,208.9,41.78,Fail
3971,male,group C,some college,standard,False,5.4,5.7,57.0,60.0,66.0,public,True,194.1,38.82,Fail
3972,female,group D,high school,free/reduced,True,0.7,8.6,42.0,93.0,70.0,public,True,214.3,42.86,Fail
3973,male,group E,high school,standard,True,11.8,8.3,67.0,84.0,67.0,private,True,238.1,47.62,Fail
3974,female,group C,master degree,standard,False,0.1,5.6,71.0,75.0,75.0,public,True,226.7,45.34,Fail
3975,male,group B,some college,standard,False,11.3,6.4,49.0,78.0,61.0,public,True,205.7,41.14,Fail
3976,male,group E,high school,free/reduced,True,13.2,7.0,82.0,55.0,84.0,public,True,241.2,48.24,Fail
3977,female,group A,bachelor degree,standard,False,8.4,7.3,75.0,75.0,43.0,public,True,208.7,41.74,Fail
3978,male,group E,some college,standard,False,5.8,6.0,50.0,64.0,70.46045112781955,public,False,196.26045112781955,39.25,Fail
3979,female,group B,some college,standard,True,8.1,8.6,71.0,71.13410138248848,79.0,international,True,237.83410138248848,47.57,Fail
3980,female,group B,associate degree,free/reduced,False,11.7,5.7,89.0,100.0,76.0,public,True,282.4,56.48,Pass
3981,female,group C,some college,standard,True,10.2,5.5,79.0,62.0,61.0,public,True,217.7,43.54,Fail
3982,male,group B,bachelor degree,standard,True,14.6,5.7,50.0,68.0,64.0,private,False,202.3,40.46,Fail
3983,male,group B,associate degree,standard,False,7.4,6.8,56.0,69.0,51.0,public,True,190.2,38.04,Fail
3984,female,group E,high school,free/reduced,True,1.7,8.5,65.0,89.0,55.0,private,True,219.2,43.84,Fail
3985,female,group C,high school,free/reduced,True,9.4,7.2,56.0,79.0,60.0,public,True,211.6,42.32,Fail
3986,male,group B,master degree,free/reduced,True,6.6,8.4,55.0,60.0,87.0,public,True,217.0,43.4,Fail
3987,male,group C,some college,free/reduced,False,9.3,8.1,80.0,75.0,93.0,public,True,265.4,53.08,Pass
3988,female,group B,some college,free/reduced,False,6.9,6.1,82.0,81.0,55.0,public,True,231.0,46.2,Fail
3989,male,group E,high school,free/reduced,True,13.2,7.193586956521739,77.0,54.0,77.0,public,True,228.39358695652174,45.68,Fail
3990,female,group E,bachelor degree,standard,False,6.3,6.5,83.0,87.0,62.0,public,True,244.8,48.96,Fail
3991,female,group C,master degree,standard,False,18.8,6.4,80.0,74.0,73.0,public,False,252.2,50.44,Pass
3992,female,group B,bachelor degree,free/reduced,False,11.7,5.7,84.0,66.0,68.0,public,True,235.4,47.08,Fail
3993,female,group C,some college,free/reduced,False,8.1,9.2,86.0,68.0,59.0,public,True,230.3,46.06,Fail
3994,male,group C,associate degree,free/reduced,False,17.5,7.9,37.0,67.0,85.0,private,True,214.4,42.88,Fail
3995,male,group B,associate degree,standard,True,12.3,4.9,81.0,76.0,80.0,public,True,254.2,50.84,Pass
3996,female,group A,some college,standard,True,14.3,7.6,88.0,61.0,78.0,public,False,248.9,49.78,Fail
3997,female,group C,some college,standard,False,9.2,8.5,71.0,74.0,85.0,public,True,247.7,49.54,Fail
3998,female,group B,associate degree,standard,False,9.9,8.6,88.0,53.0,70.0,public,True,229.5,45.9,Fail
3999,female,group E,bachelor degree,standard,True,9.66265306122449,7.193586956521739,79.0,63.0,68.0,public,True,226.85624001774625,45.37,Fail
4000,female,group C,some college,free/reduced,True,7.2,8.0,88.0,58.0,50.0,private,True,211.2,42.24,Fail
4001,male,group E,associate degree,standard,False,10.8,5.1,84.0,71.13410138248848,80.0,public,True,251.03410138248847,50.21,Pass
4002,female,group D,associate degree,standard,False,9.66265306122449,7.6,96.0,83.0,81.0,public,True,277.26265306122446,55.45,Pass
4003,female,group B,high school,standard,False,5.8,6.7,65.0,78.0,69.0,public,True,224.5,44.9,Fail
4004,male,group C,high school,standard,False,9.66265306122449,8.6,51.0,71.13410138248848,82.0,public,True,222.39675444371295,44.48,Fail
4005,female,group C,some college,standard,False,12.4,7.0,89.0,88.0,72.0,public,True,268.4,53.68,Pass
4006,female,group E,high school,free/reduced,True,11.7,5.4,92.0,81.0,54.0,private,True,244.1,48.82,Fail
4007,male,group B,master degree,standard,True,4.0,7.3,82.0,81.0,51.0,public,True,225.3,45.06,Fail
4008,female,group E,some college,standard,False,7.6,7.0,65.0,66.0,72.0,public,False,217.6,43.52,Fail
4009,male,group D,some college,standard,True,12.8,5.8,53.0,65.0,79.0,public,True,215.6,43.12,Fail
4010,male,group A,bachelor degree,free/reduced,False,4.5,4.9,97.0,78.0,74.0,private,True,258.4,51.68,Pass
4011,male,group C,high school,free/reduced,True,8.9,6.5,68.0,91.0,50.0,public,True,224.4,44.88,Fail
4012,female,group E,bachelor degree,standard,False,4.1,6.6,74.0,96.0,50.0,private,True,230.7,46.14,Fail
4013,male,group E,bachelor degree,standard,False,9.66265306122449,5.7,70.0,62.0,69.0,public,True,216.36265306122448,43.27,Fail
4014,female,group D,some college,free/reduced,False,9.66265306122449,7.8,72.0,70.0,65.0,public,True,224.4626530612245,44.89,Fail
4015,female,group A,master degree,standard,True,7.3,8.6,52.0,97.0,90.0,international,True,254.9,50.98,Pass
4016,female,group E,high school,standard,True,7.1,8.9,73.0,69.0,83.0,private,True,241.0,48.2,Fail
4017,female,group E,high school,standard,False,8.9,6.0,65.0,80.0,63.0,public,False,222.9,44.58,Fail
4018,female,group E,some college,standard,False,12.7,8.7,86.0,80.0,63.0,public,True,250.4,50.08,Pass
4019,female,group E,high school,free/reduced,True,11.3,8.5,79.0,83.0,100.0,public,True,281.8,56.36,Pass
4020,female,group B,associate degree,standard,False,9.2,6.9,52.0,66.0,65.0,public,True,199.1,39.82,Fail
4021,male,group D,high school,standard,False,8.1,7.3,82.0,62.0,59.0,public,True,218.4,43.68,Fail
4022,female,group E,high school,standard,False,19.0,7.193586956521739,82.0,73.0,61.0,private,True,242.19358695652176,48.44,Fail
4023,male,group E,some college,free/reduced,True,9.66265306122449,8.8,40.0,57.0,65.0,public,True,180.4626530612245,36.09,Fail
4024,male,group A,bachelor degree,free/reduced,False,9.66265306122449,7.6,83.0,58.0,70.46045112781955,public,True,228.72310418904402,45.74,Fail
4025,female,group D,associate degree,free/reduced,False,14.2,8.0,80.0,57.0,76.0,private,True,235.2,47.04,Fail
4026,male,group E,high school,standard,True,4.7,7.4,59.0,86.0,76.0,public,True,233.1,46.62,Fail
4027,male,group A,bachelor degree,standard,True,9.9,7.193586956521739,73.0,51.0,80.0,public,False,221.09358695652173,44.22,Fail
4028,female,group B,master degree,standard,False,8.3,6.9,70.0,93.0,70.0,public,True,248.2,49.64,Fail
4029,female,group C,some college,free/reduced,False,9.66265306122449,8.3,51.0,63.0,47.0,private,True,178.9626530612245,35.79,Fail
4030,female,group C,high school,standard,False,8.1,7.4,56.0,76.0,79.0,private,True,226.5,45.3,Fail
4031,male,group D,master degree,free/reduced,True,2.5,7.193586956521739,58.0,91.0,78.0,international,True,236.69358695652176,47.34,Fail
4032,female,group B,associate degree,standard,False,13.7,5.5,59.0,71.13410138248848,86.0,public,True,235.33410138248848,47.07,Fail
4033,female,group C,some college,free/reduced,True,10.2,6.5,62.0,72.0,57.0,international,True,207.7,41.54,Fail
4034,female,group E,some college,free/reduced,False,10.0,7.5,72.0,42.0,69.0,private,True,200.5,40.1,Fail
4035,female,group C,associate degree,standard,False,14.8,7.9,69.0,62.0,74.0,private,True,227.7,45.54,Fail
4036,female,group D,some college,standard,True,15.2,6.1,42.0,71.0,99.0,public,True,233.3,46.66,Fail
4037,female,group A,associate degree,free/reduced,True,15.0,7.6,68.0,62.0,41.0,private,True,193.6,38.72,Fail
4038,female,group C,associate degree,standard,False,10.1,7.193586956521739,53.0,74.0,77.0,private,True,221.29358695652172,44.26,Fail
4039,male,group B,high school,standard,True,12.2,8.0,52.0,77.0,70.46045112781955,public,True,219.66045112781956,43.93,Fail
4040,male,group B,associate degree,free/reduced,True,12.2,9.6,100.0,63.0,62.0,public,False,246.8,49.36,Fail
4041,female,group C,bachelor degree,standard,True,13.9,4.6,63.0,83.0,61.0,public,True,225.5,45.1,Fail
4042,female,group C,some college,standard,False,15.5,6.9,66.0,66.0,76.0,private,True,230.4,46.08,Fail
4043,female,group E,bachelor degree,standard,True,7.8,6.7,89.0,85.0,55.0,public,True,243.5,48.7,Fail
4044,female,group A,associate degree,standard,False,10.6,7.3,89.0,46.0,63.0,public,True,215.9,43.18,Fail
4045,male,group C,some college,standard,False,14.3,7.7,36.0,90.0,71.0,public,False,219.0,43.8,Fail
4046,female,group B,high school,standard,True,10.3,5.8,51.0,77.0,67.0,public,False,211.1,42.22,Fail
4047,male,group A,high school,standard,False,7.1,6.9,100.0,70.0,82.0,public,True,266.0,53.2,Pass
4048,male,group B,master degree,free/reduced,True,10.9,6.4,70.0,69.0,86.0,private,True,242.3,48.46,Fail
4049,female,group E,some college,free/reduced,True,14.0,7.9,64.0,85.0,72.0,public,True,242.9,48.58,Fail
4050,female,group B,some college,standard,True,7.0,6.3,67.0,55.0,77.0,public,True,212.3,42.46,Fail
4051,male,group D,associate degree,standard,True,12.6,4.2,85.0,45.0,44.0,public,False,190.8,38.16,Fail
4052,female,group C,bachelor degree,standard,True,13.0,8.7,36.0,79.0,80.0,public,True,216.7,43.34,Fail
4053,male,group B,some college,standard,False,10.4,8.0,75.0,100.0,75.0,public,True,268.4,53.68,Pass
4054,female,group A,some college,free/reduced,False,2.6,5.0,72.0,64.0,95.0,public,True,238.6,47.72,Fail
4055,male,group D,high school,standard,False,19.3,6.1,67.0,76.0,61.0,public,True,229.4,45.88,Fail
4056,female,group E,some college,standard,False,6.0,6.5,70.0,73.0,68.0,public,True,223.5,44.7,Fail
4057,female,group B,high school,standard,False,13.0,6.1,93.0,68.0,67.0,public,True,247.1,49.42,Fail
4058,female,group D,high school,standard,True,9.66265306122449,7.4,77.0,92.0,87.0,public,True,273.0626530612245,54.61,Pass
4059,male,group B,associate degree,standard,False,12.3,8.4,64.0,68.0,71.0,public,False,223.7,44.74,Fail
4060,female,group B,high school,standard,True,9.2,9.4,78.0,66.0,58.0,public,True,220.6,44.12,Fail
4061,female,group E,high school,standard,False,6.6,8.6,52.0,83.0,70.0,public,True,220.2,44.04,Fail
4062,male,group B,bachelor degree,free/reduced,False,7.8,7.6,58.0,36.0,82.0,public,True,191.4,38.28,Fail
4063,male,group D,high school,free/reduced,True,11.5,7.193586956521739,56.0,53.0,77.0,public,False,204.69358695652176,40.94,Fail
4064,female,group D,bachelor degree,free/reduced,True,15.0,6.9,83.0,82.0,100.0,public,True,286.9,57.38,Pass
4065,female,group D,associate degree,standard,False,12.5,10.1,45.0,59.0,100.0,private,True,226.6,45.32,Fail
4066,female,group A,associate degree,free/reduced,True,6.4,8.3,55.0,73.0,100.0,private,True,242.7,48.54,Fail
4067,male,group B,associate degree,standard,True,6.9,7.8,80.0,66.0,72.0,public,True,232.7,46.54,Fail
4068,female,group E,bachelor degree,standard,False,5.3,6.6,76.0,82.0,65.0,international,True,234.9,46.98,Fail
4069,female,group E,high school,standard,False,5.7,5.9,92.0,74.0,56.0,public,True,233.6,46.72,Fail
4070,male,group C,bachelor degree,free/reduced,True,6.3,7.3,56.0,86.0,76.0,private,True,231.6,46.32,Fail
4071,female,group A,some college,free/reduced,False,19.0,11.0,61.0,87.0,87.0,international,True,265.0,53.0,Pass
4072,female,group A,associate degree,standard,True,7.6,9.2,40.0,71.13410138248848,94.0,public,True,221.93410138248848,44.39,Fail
4073,female,group A,master degree,free/reduced,False,11.2,6.5,62.0,56.0,62.0,public,True,197.7,39.54,Fail
4074,female,group E,high school,standard,False,15.2,8.3,95.0,84.0,76.0,public,True,278.5,55.7,Pass
4075,female,group C,high school,standard,False,11.3,7.193586956521739,89.0,79.0,71.0,private,True,257.49358695652177,51.5,Pass
4076,male,group C,associate degree,free/reduced,True,9.4,7.0,51.0,47.0,84.0,public,True,198.4,39.68,Fail
4077,male,group B,high school,standard,True,8.8,7.6,64.0,54.0,71.0,public,False,205.4,41.08,Fail
4078,female,group D,some college,standard,False,15.6,6.6,95.0,71.13410138248848,95.0,public,True,283.3341013824885,56.67,Pass
4079,female,group B,high school,standard,False,9.1,8.5,92.0,71.13410138248848,68.0,public,True,248.73410138248846,49.75,Fail
4080,male,group C,high school,standard,False,9.66265306122449,7.7,68.0,90.0,60.0,public,True,235.36265306122448,47.07,Fail
4081,male,group E,some college,standard,False,9.66265306122449,10.0,59.0,74.0,86.0,public,True,238.6626530612245,47.73,Fail
4082,female,group D,some college,free/reduced,False,5.5,7.5,60.0,71.13410138248848,77.0,private,True,221.1341013824885,44.23,Fail
4083,female,group B,high school,standard,True,17.9,7.193586956521739,52.0,68.0,70.46045112781955,public,True,215.5540380843413,43.11,Fail
4084,female,group B,some college,standard,False,7.8,8.3,41.0,67.0,71.0,public,True,195.1,39.02,Fail
4085,male,group A,high school,standard,False,9.3,7.9,73.0,71.13410138248848,57.0,public,True,218.33410138248848,43.67,Fail
4086,female,group C,bachelor degree,free/reduced,True,11.6,6.4,82.0,76.0,59.0,public,True,235.0,47.0,Fail
4087,female,group E,associate degree,standard,True,16.1,7.3,80.0,68.0,77.0,public,False,248.4,49.68,Fail
4088,female,group E,bachelor degree,standard,True,14.8,8.3,68.0,88.0,57.0,public,True,236.1,47.22,Fail
4089,female,group A,high school,standard,False,6.1,6.5,35.0,50.0,80.0,private,True,177.6,35.52,Fail
4090,female,group C,some college,standard,True,5.3,6.6,73.0,98.0,68.0,private,False,250.9,50.18,Pass
4091,male,group A,some college,standard,False,6.5,6.8,73.0,62.0,45.0,private,True,193.3,38.66,Fail
4092,male,group B,master degree,standard,False,11.3,8.1,77.0,42.0,65.0,public,True,203.4,40.68,Fail
4093,male,group A,high school,free/reduced,True,4.7,5.6,78.0,68.0,92.0,private,True,248.3,49.66,Fail
4094,female,group C,high school,standard,False,7.9,8.5,62.0,87.0,81.0,private,True,246.4,49.28,Fail
4095,female,group E,high school,standard,True,13.2,5.1,71.0,75.0,53.0,public,True,217.3,43.46,Fail
4096,female,group A,some college,standard,True,10.0,4.8,72.0,69.0,53.0,public,True,208.8,41.76,Fail
4097,male,group D,master degree,standard,True,11.0,7.6,85.0,72.0,62.0,public,True,237.6,47.52,Fail
4098,female,group C,some college,standard,False,2.0,7.3,87.0,74.0,78.0,public,True,248.3,49.66,Fail
4099,female,group B,master degree,standard,False,8.3,6.9,66.0,75.0,86.0,private,True,242.2,48.44,Fail
4100,female,group C,high school,standard,True,13.8,7.3,66.0,71.13410138248848,79.0,public,True,237.23410138248846,47.45,Fail
4101,male,group C,high school,standard,True,7.7,5.7,73.0,90.0,80.0,public,True,256.4,51.28,Pass
4102,female,group A,associate degree,standard,False,12.2,5.9,89.0,71.13410138248848,67.0,public,True,245.23410138248846,49.05,Fail
4103,male,group C,bachelor degree,standard,True,4.3,6.9,71.0,54.0,52.0,international,True,188.2,37.64,Fail
4104,female,group E,associate degree,free/reduced,True,13.3,7.193586956521739,45.0,84.0,82.0,public,True,231.49358695652174,46.3,Fail
4105,female,group B,some college,free/reduced,True,4.0,7.3,70.0,62.0,82.0,public,True,225.3,45.06,Fail
4106,female,group C,associate degree,standard,False,5.7,4.8,60.0,56.0,99.0,public,True,225.5,45.1,Fail
4107,male,group B,bachelor degree,free/reduced,False,7.5,6.4,66.0,48.0,49.0,private,True,176.9,35.38,Fail
4108,male,group B,high school,standard,False,5.7,7.4,67.0,76.0,69.0,public,True,225.1,45.02,Fail
4109,male,group D,some college,standard,False,5.3,5.7,79.0,91.0,71.0,public,True,252.0,50.4,Pass
4110,male,group D,some college,standard,False,2.9,6.2,83.0,76.0,76.0,public,False,244.1,48.82,Fail
4111,female,group D,bachelor degree,free/reduced,True,15.9,5.0,51.0,67.0,74.0,public,True,212.9,42.58,Fail
4112,male,group E,high school,free/reduced,True,10.1,7.6,75.0,75.0,38.0,public,True,205.7,41.14,Fail
4113,male,group A,high school,standard,False,6.5,5.4,49.0,65.0,71.0,public,True,196.9,39.38,Fail
4114,female,group E,master degree,standard,False,12.6,7.9,74.0,78.0,54.0,private,True,226.5,45.3,Fail
4115,female,group C,high school,standard,True,9.7,6.3,39.0,65.0,71.0,public,True,191.0,38.2,Fail
4116,female,group C,high school,standard,False,9.7,6.9,74.0,85.0,100.0,public,True,275.6,55.12,Pass
4117,male,group A,high school,free/reduced,False,8.3,8.0,51.0,49.0,48.0,public,True,164.3,32.86,Fail
4118,female,group C,high school,free/reduced,False,5.1,8.6,77.0,63.0,72.0,public,True,225.7,45.14,Fail
4119,male,group A,high school,standard,True,12.2,5.9,64.0,63.0,68.0,private,True,213.1,42.62,Fail
4120,female,group C,high school,standard,True,8.0,7.5,67.0,99.0,83.0,public,True,264.5,52.9,Pass
4121,female,group E,high school,free/reduced,True,9.66265306122449,6.7,69.0,74.0,74.0,public,False,233.36265306122448,46.67,Fail
4122,female,group D,high school,standard,False,9.66265306122449,5.3,71.0,80.0,51.0,private,True,216.9626530612245,43.39,Fail
4123,male,group A,high school,standard,False,12.7,7.3,80.0,42.0,63.0,private,True,205.0,41.0,Fail
4124,female,group D,high school,standard,False,2.9,5.7,68.0,88.0,67.0,public,True,231.6,46.32,Fail
4125,male,group D,high school,standard,True,8.4,6.0,74.0,48.0,69.0,private,True,205.4,41.08,Fail
4126,female,group D,high school,standard,False,7.8,6.3,69.0,87.0,69.0,private,True,239.1,47.82,Fail
4127,female,group D,bachelor degree,standard,False,5.1,6.8,57.0,61.0,58.0,private,True,187.9,37.58,Fail
4128,female,group E,high school,standard,True,11.7,6.9,69.0,75.0,73.0,public,True,235.6,47.12,Fail
4129,male,group C,some college,standard,False,9.66265306122449,10.0,78.0,58.0,72.0,private,True,227.6626530612245,45.53,Fail
4130,male,group C,master degree,standard,False,1.5,9.1,70.0,80.0,91.0,private,True,251.6,50.32,Pass
4131,female,group A,high school,standard,True,7.4,9.8,80.0,71.13410138248848,68.0,private,True,236.33410138248848,47.27,Fail
4132,male,group D,associate degree,standard,True,0.4,7.193586956521739,95.0,72.0,50.0,private,True,224.59358695652173,44.92,Fail
4133,female,group A,associate degree,free/reduced,False,9.66265306122449,8.9,23.0,51.0,64.0,public,True,156.5626530612245,31.31,Fail
4134,female,group E,some college,standard,False,7.9,8.9,78.0,71.13410138248848,62.0,public,True,227.93410138248848,45.59,Fail
4135,male,group E,master degree,free/reduced,False,7.6,5.2,87.0,56.0,87.0,public,True,242.8,48.56,Fail
4136,male,group D,associate degree,standard,False,2.4,9.9,61.0,69.0,61.0,private,True,203.3,40.66,Fail
4137,female,group E,master degree,standard,False,8.6,6.3,73.0,64.0,47.0,public,True,198.9,39.78,Fail
4138,female,group C,high school,standard,True,9.8,7.2,71.0,60.0,77.0,public,True,225.0,45.0,Fail
4139,female,group E,bachelor degree,standard,False,9.66265306122449,6.4,76.0,71.13410138248848,65.0,private,True,228.19675444371296,45.64,Fail
4140,female,group E,some college,free/reduced,True,9.66265306122449,7.193586956521739,44.0,59.0,70.46045112781955,private,True,190.31669114556578,38.06,Fail
4141,male,group B,high school,free/reduced,False,3.4,8.2,64.0,55.0,77.0,private,True,207.6,41.52,Fail
4142,female,group D,associate degree,standard,False,11.9,7.193586956521739,94.0,86.0,50.0,public,True,249.09358695652173,49.82,Fail
4143,male,group D,high school,standard,False,5.5,5.4,77.0,78.0,76.0,public,True,241.9,48.38,Fail
4144,female,group C,high school,standard,False,6.1,3.0,70.0,47.0,61.0,international,True,187.1,37.42,Fail
4145,male,group C,some college,standard,False,9.66265306122449,9.0,84.0,81.0,62.0,public,True,245.6626530612245,49.13,Fail
4146,male,group D,high school,standard,True,10.1,5.3,68.0,85.0,77.0,public,True,245.4,49.08,Fail
4147,female,group B,bachelor degree,free/reduced,True,5.8,6.2,74.0,64.0,76.0,private,True,226.0,45.2,Fail
4148,female,group C,some college,standard,False,3.2,5.7,62.0,69.0,69.0,international,True,208.9,41.78,Fail
4149,female,group B,associate degree,standard,False,7.4,9.8,50.0,59.0,55.0,public,True,181.2,36.24,Fail
4150,female,group B,associate degree,standard,False,4.5,6.4,64.0,66.0,73.0,public,True,213.9,42.78,Fail
4151,female,group B,high school,standard,True,9.66265306122449,6.4,66.0,79.0,55.0,public,True,216.0626530612245,43.21,Fail
4152,female,group D,high school,standard,False,4.9,6.1,70.0,66.0,40.0,international,True,187.0,37.4,Fail
4153,male,group E,some college,standard,False,9.4,7.1,74.0,96.0,70.0,public,True,256.5,51.3,Pass
4154,male,group C,bachelor degree,standard,True,5.6,9.5,73.0,72.0,57.0,private,True,217.1,43.42,Fail
4155,male,group B,bachelor degree,free/reduced,True,10.3,9.5,71.0,72.0,84.0,public,True,246.8,49.36,Fail
4156,male,group C,high school,standard,False,7.8,4.8,100.0,48.0,45.0,public,True,205.6,41.12,Fail
4157,female,group A,bachelor degree,standard,True,2.9,7.8,63.0,43.0,77.0,public,True,193.7,38.74,Fail
4158,male,group E,some college,free/reduced,True,15.6,6.4,67.0,72.0,74.0,private,True,235.0,47.0,Fail
4159,female,group E,some college,free/reduced,True,0.0,3.6,66.0,68.0,95.0,public,True,232.6,46.52,Fail
4160,female,group C,high school,free/reduced,False,10.3,5.8,70.0,77.0,83.0,public,True,246.1,49.22,Fail
4161,female,group E,associate degree,standard,False,10.3,10.0,73.0,71.13410138248848,72.0,private,False,236.43410138248848,47.29,Fail
4162,male,group D,master degree,standard,True,12.9,7.0,83.0,71.0,86.0,public,True,259.9,51.98,Pass
4163,male,group C,high school,standard,False,7.5,7.1,78.0,62.0,64.0,public,True,218.6,43.72,Fail
4164,male,group E,associate degree,standard,False,5.9,8.3,62.0,72.0,87.0,public,True,235.2,47.04,Fail
4165,male,group C,high school,standard,False,7.9,6.2,83.0,81.0,75.0,international,True,253.1,50.62,Pass
4166,female,group A,master degree,standard,False,16.7,7.6,84.0,85.0,68.0,international,True,261.3,52.26,Pass
4167,female,group E,associate degree,standard,False,20.2,5.4,53.0,38.0,83.0,public,True,199.6,39.92,Fail
4168,male,group C,high school,standard,False,9.4,7.6,53.0,64.0,63.0,public,True,197.0,39.4,Fail
4169,male,group C,associate degree,standard,True,9.9,6.2,71.0,84.0,72.0,private,True,243.1,48.62,Fail
4170,female,group C,some college,standard,True,10.8,8.1,68.0,91.0,46.0,public,True,223.9,44.78,Fail
4171,male,group A,associate degree,standard,False,0.9,9.3,96.0,86.0,73.0,public,True,265.2,53.04,Pass
4172,male,group C,associate degree,standard,False,9.66265306122449,6.5,53.0,62.0,64.0,international,False,195.1626530612245,39.03,Fail
4173,male,group C,bachelor degree,standard,False,9.5,6.9,75.0,89.0,88.0,public,True,268.4,53.68,Pass
4174,male,group C,bachelor degree,standard,False,13.9,7.4,89.0,55.0,52.0,private,True,217.3,43.46,Fail
4175,female,group A,bachelor degree,free/reduced,True,1.2,9.4,89.0,66.0,65.0,public,True,230.6,46.12,Fail
4176,female,group E,associate degree,standard,False,17.4,6.4,84.0,84.0,92.0,private,False,283.8,56.76,Pass
4177,female,group E,bachelor degree,standard,True,13.8,8.7,94.0,58.0,87.0,private,True,261.5,52.3,Pass
4178,female,group E,high school,standard,False,5.8,10.5,86.0,89.0,46.0,public,True,237.3,47.46,Fail
4179,male,group B,associate degree,standard,False,9.66265306122449,6.6,59.0,71.13410138248848,94.0,public,True,240.39675444371295,48.08,Fail
4180,male,group C,bachelor degree,standard,False,13.8,6.8,82.0,74.0,94.0,public,True,270.6,54.12,Pass
4181,female,group D,some college,standard,False,9.0,4.4,100.0,59.0,78.0,public,True,250.4,50.08,Pass
4182,female,group C,master degree,free/reduced,True,9.66265306122449,6.9,69.0,88.0,69.0,public,True,242.5626530612245,48.51,Fail
4183,male,group B,master degree,free/reduced,False,9.7,5.1,48.0,97.0,80.0,public,True,239.8,47.96,Fail
4184,female,group C,high school,standard,False,9.66265306122449,6.8,53.0,97.0,72.0,private,True,238.4626530612245,47.69,Fail
4185,male,group D,some college,standard,False,10.5,6.6,59.0,68.0,62.0,public,True,206.1,41.22,Fail
4186,male,group B,high school,standard,True,9.5,7.4,25.0,63.0,77.0,public,True,181.9,36.38,Fail
4187,male,group A,high school,standard,True,10.5,4.6,70.0,71.13410138248848,87.0,public,True,243.23410138248846,48.65,Fail
4188,female,group D,high school,standard,False,7.5,6.2,77.0,100.0,66.0,public,True,256.7,51.34,Pass
4189,female,group D,master degree,free/reduced,False,17.5,6.3,68.0,55.0,84.0,private,False,230.8,46.16,Fail
4190,male,group C,associate degree,standard,True,9.66265306122449,6.6,66.0,54.0,87.0,public,True,223.26265306122448,44.65,Fail
4191,male,group C,high school,free/reduced,True,6.5,4.6,48.0,66.0,82.0,public,True,207.1,41.42,Fail
4192,male,group C,associate degree,standard,True,6.0,7.3,69.0,74.0,53.0,international,True,209.3,41.86,Fail
4193,female,group E,bachelor degree,standard,True,10.2,7.4,60.0,53.0,76.0,public,True,206.6,41.32,Fail
4194,female,group D,bachelor degree,standard,False,9.5,6.6,75.0,71.13410138248848,73.0,public,True,235.23410138248846,47.05,Fail
4195,female,group B,high school,standard,True,6.8,7.8,66.0,65.0,88.0,private,True,233.6,46.72,Fail
4196,female,group D,high school,standard,False,8.6,7.193586956521739,78.0,86.0,76.0,private,True,255.79358695652172,51.16,Pass
4197,female,group D,high school,standard,False,10.5,7.8,60.0,56.0,65.0,private,True,199.3,39.86,Fail
4198,male,group B,associate degree,standard,False,9.66265306122449,7.193586956521739,51.0,85.0,68.0,private,True,220.85624001774625,44.17,Fail
4199,male,group D,associate degree,free/reduced,False,13.2,8.2,88.0,88.0,55.0,public,True,252.4,50.48,Pass
4200,female,group B,some college,standard,True,12.4,9.2,55.0,46.0,76.0,public,True,198.6,39.72,Fail
4201,male,group A,high school,standard,True,4.2,6.5,66.0,75.0,83.0,public,True,234.7,46.94,Fail
4202,female,group C,associate degree,free/reduced,False,13.6,4.4,56.0,79.0,85.0,international,False,238.0,47.6,Fail
4203,female,group C,high school,free/reduced,True,12.1,6.0,98.0,72.0,95.0,public,True,283.1,56.62,Pass
4204,male,group C,master degree,standard,False,6.0,7.3,57.0,93.0,90.0,public,True,253.3,50.66,Pass
4205,male,group B,high school,standard,False,10.8,7.193586956521739,84.0,82.0,90.0,public,True,273.99358695652177,54.8,Pass
4206,female,group C,high school,standard,True,9.2,5.6,34.0,83.0,51.0,private,False,182.8,36.56,Fail
4207,female,group D,high school,standard,False,7.3,7.4,66.0,68.0,79.0,private,False,227.7,45.54,Fail
4208,female,group C,high school,standard,True,8.4,5.5,63.0,71.13410138248848,47.0,private,True,195.03410138248847,39.01,Fail
4209,male,group C,some college,free/reduced,False,1.4,7.4,88.0,67.0,100.0,public,True,263.8,52.76,Pass
4210,female,group B,high school,standard,True,19.7,7.193586956521739,73.0,79.0,73.0,private,True,251.89358695652174,50.38,Pass
4211,female,group B,high school,free/reduced,False,0.0,8.3,55.0,62.0,61.0,public,True,186.3,37.26,Fail
4212,female,group E,some college,free/reduced,True,11.7,5.4,53.0,70.0,67.0,public,True,207.1,41.42,Fail
4213,female,group B,some college,free/reduced,True,5.5,7.4,71.0,60.0,75.0,private,True,218.9,43.78,Fail
4214,male,group B,high school,standard,False,5.9,8.3,64.0,71.13410138248848,73.0,public,True,222.33410138248848,44.47,Fail
4215,male,group E,master degree,free/reduced,False,8.2,8.4,67.0,100.0,81.0,international,True,264.6,52.92,Pass
4216,male,group B,high school,standard,False,13.2,9.6,46.0,65.0,58.0,international,True,191.8,38.36,Fail
4217,female,group A,some college,free/reduced,False,7.4,8.5,64.0,72.0,60.0,public,True,211.9,42.38,Fail
4218,male,group A,some college,standard,False,15.7,4.6,54.0,61.0,75.0,public,False,210.3,42.06,Fail
4219,female,group C,high school,standard,False,6.6,7.6,88.0,67.0,85.0,public,True,254.2,50.84,Pass
4220,female,group D,high school,free/reduced,True,10.5,6.2,87.0,71.13410138248848,70.0,public,False,244.83410138248848,48.97,Fail
4221,male,group C,some college,standard,True,12.7,7.9,63.0,90.0,83.0,public,True,256.6,51.32,Pass
4222,female,group B,high school,standard,False,9.66265306122449,7.193586956521739,90.0,74.0,76.0,public,True,256.85624001774625,51.37,Pass
4223,male,group D,high school,standard,False,6.9,10.3,61.0,62.0,100.0,private,True,240.2,48.04,Fail
4224,male,group D,master degree,standard,False,15.2,7.6,100.0,55.0,100.0,international,True,277.8,55.56,Pass
4225,male,group C,some college,standard,False,9.6,8.2,63.0,72.0,50.0,public,True,202.8,40.56,Fail
4226,male,group B,high school,free/reduced,False,13.0,6.3,74.0,57.0,100.0,public,True,250.3,50.06,Pass
4227,female,group D,high school,standard,False,12.0,7.9,43.0,57.0,65.0,public,True,184.9,36.98,Fail
4228,male,group C,master degree,standard,True,10.5,5.7,84.0,87.0,100.0,public,True,287.2,57.44,Pass
4229,male,group C,some college,standard,True,7.8,9.5,53.0,57.0,61.0,private,True,188.3,37.66,Fail
4230,male,group C,high school,standard,False,12.7,8.4,53.0,97.0,83.0,public,True,254.1,50.82,Pass
4231,female,group A,high school,standard,False,1.8,8.5,77.0,50.0,79.0,private,True,216.3,43.26,Fail
4232,male,group D,high school,standard,False,3.1,6.5,77.0,76.0,79.0,public,True,241.6,48.32,Fail
4233,female,group C,high school,standard,True,15.3,7.7,73.0,98.0,84.0,public,True,278.0,55.6,Pass
4234,female,group B,some college,standard,False,14.9,6.7,62.0,43.0,100.0,public,True,226.6,45.32,Fail
4235,female,group C,some college,free/reduced,False,13.2,8.9,69.0,75.0,75.0,private,True,241.1,48.22,Fail
4236,male,group D,high school,standard,True,2.9,8.0,81.0,49.0,62.0,private,True,202.9,40.58,Fail
4237,male,group B,some college,free/reduced,True,12.3,6.9,51.0,52.0,74.0,international,True,196.2,39.24,Fail
4238,female,group D,some college,standard,False,5.8,7.7,80.0,45.0,70.46045112781955,public,True,208.96045112781957,41.79,Fail
4239,female,group E,some college,free/reduced,False,3.9,7.8,77.0,85.0,55.0,public,True,228.7,45.74,Fail
4240,male,group B,high school,standard,False,10.7,7.193586956521739,58.0,77.0,84.0,public,False,236.89358695652174,47.38,Fail
4241,female,group E,some college,standard,False,12.4,10.3,36.0,48.0,52.0,private,True,158.7,31.74,Fail
4242,female,group D,bachelor degree,standard,False,1.0,8.6,79.0,66.0,79.0,public,True,233.6,46.72,Fail
4243,male,group B,high school,standard,False,12.5,7.5,90.0,82.0,68.0,public,False,260.0,52.0,Pass
4244,female,group C,high school,standard,False,18.2,7.5,83.0,76.0,59.0,public,True,243.7,48.74,Fail
4245,male,group E,high school,standard,False,11.7,7.193586956521739,72.0,71.13410138248848,53.0,public,True,215.02768833901024,43.01,Fail
4246,female,group C,bachelor degree,standard,False,13.8,6.8,80.0,79.0,70.0,public,True,249.6,49.92,Fail
4247,male,group A,associate degree,free/reduced,False,11.1,7.193586956521739,70.0,71.13410138248848,46.0,public,True,205.42768833901022,41.09,Fail
4248,female,group A,bachelor degree,standard,True,0.3,8.8,70.0,96.0,73.0,international,True,248.1,49.62,Fail
4249,male,group C,high school,standard,False,15.9,7.2,73.0,67.0,71.0,public,True,234.1,46.82,Fail
4250,male,group C,some college,standard,False,7.3,7.5,49.0,57.0,49.0,public,False,169.8,33.96,Fail
4251,male,group C,some college,standard,False,9.0,6.6,60.0,76.0,78.0,international,True,229.6,45.92,Fail
4252,female,group C,some college,standard,True,12.5,6.0,63.0,63.0,58.0,public,False,202.5,40.5,Fail
4253,female,group B,high school,standard,False,13.3,7.7,84.0,88.0,76.0,public,True,269.0,53.8,Pass
4254,female,group C,bachelor degree,standard,False,9.9,7.5,74.0,60.0,78.0,private,True,229.4,45.88,Fail
4255,male,group B,master degree,free/reduced,False,8.1,8.9,74.0,39.0,67.0,private,True,197.0,39.4,Fail
4256,female,group A,bachelor degree,free/reduced,False,14.3,8.5,71.0,59.0,51.0,public,True,203.8,40.76,Fail
4257,male,group E,high school,free/reduced,False,6.1,6.7,63.0,96.0,69.0,private,True,240.8,48.16,Fail
4258,male,group E,bachelor degree,standard,True,4.3,7.5,66.0,70.0,87.0,public,True,234.8,46.96,Fail
4259,female,group B,high school,standard,False,12.4,8.6,85.0,65.0,48.0,public,False,219.0,43.8,Fail
4260,female,group C,associate degree,free/reduced,True,11.2,8.4,81.0,86.0,70.46045112781955,public,True,257.06045112781953,51.41,Pass
4261,male,group B,high school,standard,True,9.66265306122449,7.7,62.0,75.0,59.0,public,True,213.36265306122448,42.67,Fail
4262,female,group E,associate degree,free/reduced,True,12.9,9.3,88.0,71.0,49.0,private,True,230.2,46.04,Fail
4263,male,group A,high school,standard,False,13.2,8.5,53.0,73.0,55.0,public,True,202.7,40.54,Fail
4264,male,group C,master degree,standard,False,3.6,5.2,76.0,63.0,53.0,public,True,200.8,40.16,Fail
4265,female,group E,bachelor degree,standard,False,13.7,5.9,72.0,67.0,91.0,public,True,249.6,49.92,Fail
4266,male,group A,bachelor degree,standard,False,1.8,7.193586956521739,78.0,71.13410138248848,65.0,international,True,223.1276883390102,44.63,Fail
4267,female,group B,high school,standard,False,11.8,6.3,97.0,86.0,89.0,public,True,290.1,58.02,Pass
4268,male,group D,associate degree,standard,False,15.0,5.6,98.0,71.13410138248848,52.0,public,True,241.73410138248846,48.35,Fail
4269,female,group C,some college,free/reduced,False,14.2,5.2,97.0,67.0,49.0,private,True,232.4,46.48,Fail
4270,male,group C,high school,standard,False,1.0,5.8,51.0,93.0,70.0,public,True,220.8,44.16,Fail
4271,male,group C,bachelor degree,free/reduced,True,9.8,8.3,56.0,70.0,100.0,public,True,244.1,48.82,Fail
4272,female,group B,bachelor degree,free/reduced,True,8.5,6.5,67.0,84.0,53.0,private,False,219.0,43.8,Fail
4273,male,group C,high school,free/reduced,True,4.3,7.193586956521739,70.0,83.0,83.0,public,True,247.49358695652174,49.5,Fail
4274,male,group C,associate degree,standard,False,8.3,8.0,85.0,71.13410138248848,71.0,public,True,243.43410138248848,48.69,Fail
4275,female,group C,high school,standard,True,0.0,9.2,97.0,77.0,72.0,private,True,255.2,51.04,Pass
4276,male,group D,some college,standard,True,8.1,8.0,78.0,83.0,54.0,international,False,231.1,46.22,Fail
4277,male,group B,bachelor degree,standard,False,8.6,8.8,63.0,69.0,86.0,international,True,235.4,47.08,Fail
4278,female,group A,bachelor degree,free/reduced,False,3.3,10.4,72.0,85.0,56.0,public,True,226.7,45.34,Fail
4279,male,group E,bachelor degree,standard,False,16.5,8.8,83.0,76.0,69.0,public,True,253.3,50.66,Pass
4280,male,group E,high school,standard,True,18.0,7.1,83.0,80.0,77.0,public,True,265.1,53.02,Pass
4281,male,group A,some college,standard,True,13.1,6.4,83.0,66.0,63.0,public,True,231.5,46.3,Fail
4282,male,group B,some college,free/reduced,False,0.0,7.9,79.0,55.0,92.0,public,True,233.9,46.78,Fail
4283,male,group D,high school,standard,False,8.2,5.4,66.0,78.0,57.0,public,True,214.6,42.92,Fail
4284,male,group C,high school,free/reduced,False,15.9,7.193586956521739,50.0,62.0,73.0,international,True,208.09358695652173,41.62,Fail
4285,female,group B,master degree,standard,False,12.1,7.7,70.0,70.0,78.0,public,False,237.8,47.56,Fail
4286,male,group B,some college,standard,False,16.8,7.193586956521739,63.0,62.0,72.0,public,True,220.99358695652174,44.2,Fail
4287,female,group C,high school,standard,False,15.8,8.8,82.0,77.0,71.0,public,True,254.6,50.92,Pass
4288,female,group C,bachelor degree,standard,True,11.2,5.8,70.0,74.0,52.0,public,True,213.0,42.6,Fail
4289,male,group B,high school,free/reduced,True,13.0,8.8,75.0,69.0,60.0,private,True,225.8,45.16,Fail
4290,male,group C,bachelor degree,standard,True,14.8,7.0,80.0,69.0,67.0,private,True,237.8,47.56,Fail
4291,female,group A,high school,standard,True,7.8,5.1,63.0,92.0,66.0,public,True,233.9,46.78,Fail
4292,female,group E,some college,standard,True,7.9,9.4,67.0,89.0,92.0,public,True,265.3,53.06,Pass
4293,male,group C,some college,standard,False,14.6,5.5,52.0,54.0,80.0,public,True,206.1,41.22,Fail
4294,male,group D,high school,free/reduced,True,7.6,4.5,77.0,88.0,70.0,private,False,247.1,49.42,Fail
4295,female,group B,master degree,standard,False,14.6,7.7,85.0,87.0,59.0,public,True,253.3,50.66,Pass
4296,male,group E,some college,standard,True,5.9,7.6,49.0,76.0,64.0,public,True,202.5,40.5,Fail
4297,male,group A,some college,standard,True,18.7,4.1,63.0,85.0,71.0,public,True,241.8,48.36,Fail
4298,male,group D,some college,standard,True,9.5,7.1,70.0,77.0,77.0,public,True,240.6,48.12,Fail
4299,female,group E,high school,standard,True,5.2,7.193586956521739,53.0,78.0,78.0,private,True,221.39358695652174,44.28,Fail
4300,female,group A,high school,standard,False,19.9,6.9,64.0,66.0,52.0,private,True,208.8,41.76,Fail
4301,female,group B,high school,standard,True,5.3,4.7,61.0,84.0,69.0,public,True,224.0,44.8,Fail
4302,male,group B,bachelor degree,standard,True,5.7,7.6,49.0,72.0,82.0,public,True,216.3,43.26,Fail
4303,female,group C,bachelor degree,standard,False,10.7,8.6,40.0,74.0,59.0,public,False,192.3,38.46,Fail
4304,female,group C,high school,free/reduced,True,15.2,7.3,90.0,90.0,62.0,public,True,264.5,52.9,Pass
4305,male,group C,high school,standard,True,7.5,6.2,69.0,81.0,95.0,public,False,258.7,51.74,Pass
4306,female,group C,associate degree,standard,False,9.66265306122449,7.193586956521739,53.0,39.0,65.0,public,False,173.85624001774625,34.77,Fail
4307,male,group C,high school,standard,True,6.1,9.6,66.0,77.0,70.46045112781955,public,True,229.16045112781956,45.83,Fail
4308,female,group C,high school,standard,False,8.5,6.0,61.0,53.0,84.0,public,True,212.5,42.5,Fail
4309,female,group D,some college,free/reduced,True,16.1,7.9,91.0,80.0,82.0,public,True,277.0,55.4,Pass
4310,female,group D,bachelor degree,free/reduced,True,18.2,6.5,73.0,73.0,67.0,international,True,237.7,47.54,Fail
4311,male,group D,high school,standard,False,14.8,8.7,74.0,71.0,69.0,public,True,237.5,47.5,Fail
4312,male,group B,high school,free/reduced,True,6.4,5.5,82.0,70.0,70.46045112781955,public,True,234.36045112781954,46.87,Fail
4313,male,group D,master degree,free/reduced,True,1.3,7.7,74.0,58.0,71.0,public,True,212.0,42.4,Fail
4314,male,group B,associate degree,standard,True,11.3,7.0,61.0,95.0,71.0,private,True,245.3,49.06,Fail
4315,female,group D,some college,standard,False,15.7,8.3,75.0,70.0,52.0,public,True,221.0,44.2,Fail
4316,female,group D,high school,free/reduced,False,9.66265306122449,8.0,78.0,66.0,56.0,public,True,217.6626530612245,43.53,Fail
4317,male,group B,bachelor degree,standard,False,9.7,6.8,74.0,64.0,72.0,private,True,226.5,45.3,Fail
4318,female,group E,bachelor degree,standard,False,0.0,7.193586956521739,84.0,53.0,75.0,public,True,219.19358695652176,43.84,Fail
4319,female,group E,associate degree,standard,False,9.4,7.3,70.0,65.0,55.0,public,True,206.7,41.34,Fail
4320,female,group C,some college,free/reduced,True,0.5,7.8,72.0,71.0,55.0,private,True,206.3,41.26,Fail
4321,male,group E,associate degree,free/reduced,True,13.9,7.1,76.0,66.0,74.0,private,True,237.0,47.4,Fail
4322,male,group C,associate degree,standard,False,6.0,5.8,75.0,48.0,93.0,public,True,227.8,45.56,Fail
4323,male,group C,some college,standard,False,11.2,9.1,80.0,71.13410138248848,80.0,international,True,251.43410138248848,50.29,Pass
4324,female,group A,high school,standard,False,10.3,8.1,100.0,71.13410138248848,52.0,public,False,241.53410138248847,48.31,Fail
4325,female,group C,high school,standard,True,9.6,6.4,75.0,53.0,68.0,private,True,212.0,42.4,Fail
4326,female,group E,some college,standard,True,5.7,8.2,60.0,49.0,88.0,public,True,210.9,42.18,Fail
4327,female,group C,high school,standard,False,1.0,6.4,100.0,75.0,55.0,public,True,237.4,47.48,Fail
4328,male,group A,master degree,standard,False,10.8,7.7,73.0,84.0,78.0,public,True,253.5,50.7,Pass
4329,female,group D,some college,standard,True,16.0,7.0,77.0,81.0,44.0,public,False,225.0,45.0,Fail
4330,male,group E,high school,standard,True,8.9,7.7,65.0,69.0,46.0,private,True,196.6,39.32,Fail
4331,male,group B,high school,standard,True,14.8,8.8,63.0,75.0,98.0,public,False,259.6,51.92,Pass
4332,male,group E,some college,standard,False,9.4,8.7,90.0,83.0,73.0,public,False,264.1,52.82,Pass
4333,female,group E,master degree,standard,False,10.5,8.7,64.0,91.0,50.0,public,True,224.2,44.84,Fail
4334,female,group C,bachelor degree,free/reduced,False,2.4,7.193586956521739,64.0,74.0,92.0,public,True,239.59358695652173,47.92,Fail
4335,male,group A,high school,standard,False,4.8,6.5,54.0,78.0,75.0,public,True,218.3,43.66,Fail
4336,male,group D,some college,standard,True,8.0,7.8,64.0,42.0,64.0,public,True,185.8,37.16,Fail
4337,male,group B,high school,standard,False,9.66265306122449,4.8,67.0,54.0,61.0,public,False,196.4626530612245,39.29,Fail
4338,female,group E,high school,free/reduced,False,2.5,7.2,71.0,93.0,82.0,private,True,255.7,51.14,Pass
4339,male,group C,some college,standard,True,14.4,6.9,66.0,69.0,86.0,international,True,242.3,48.46,Fail
4340,male,group E,high school,standard,False,6.0,7.1,40.0,72.0,57.0,private,True,182.1,36.42,Fail
4341,female,group D,associate degree,standard,True,2.9,6.9,75.0,80.0,73.0,public,True,237.8,47.56,Fail
4342,female,group B,high school,free/reduced,False,12.6,10.8,75.0,70.0,51.0,public,True,219.4,43.88,Fail
4343,male,group D,bachelor degree,free/reduced,True,11.7,6.7,97.0,69.0,62.0,public,False,246.4,49.28,Fail
4344,male,group B,some college,standard,False,15.0,5.3,93.0,52.0,80.0,private,True,245.3,49.06,Fail
4345,female,group C,high school,free/reduced,True,17.7,7.2,50.0,63.0,65.0,public,True,202.9,40.58,Fail
4346,female,group B,high school,standard,True,6.7,6.9,80.0,73.0,74.0,public,True,240.6,48.12,Fail
4347,female,group D,high school,standard,False,6.7,5.9,83.0,67.0,59.0,public,True,221.6,44.32,Fail
4348,female,group C,associate degree,standard,True,9.5,7.0,83.0,71.13410138248848,69.0,private,True,239.6341013824885,47.93,Fail
4349,female,group D,some college,free/reduced,False,9.3,6.2,75.0,68.0,94.0,private,False,252.5,50.5,Pass
4350,male,group B,associate degree,standard,False,8.2,7.5,80.0,71.13410138248848,60.0,public,True,226.83410138248848,45.37,Fail
4351,male,group C,bachelor degree,free/reduced,False,8.0,5.2,66.0,71.13410138248848,70.0,public,True,220.33410138248848,44.07,Fail
4352,female,group A,some college,standard,True,12.3,5.9,83.0,82.0,78.0,private,True,261.2,52.24,Pass
4353,male,group C,master degree,standard,False,5.4,8.0,69.0,71.13410138248848,86.0,private,True,239.53410138248847,47.91,Fail
4354,male,group E,bachelor degree,standard,False,13.5,7.3,98.0,66.0,61.0,public,True,245.8,49.16,Fail
4355,male,group C,master degree,standard,False,3.5,9.0,85.0,76.0,91.0,public,True,264.5,52.9,Pass
4356,female,group A,high school,standard,True,7.5,6.6,69.0,65.0,91.0,international,True,239.1,47.82,Fail
4357,female,group C,bachelor degree,standard,True,9.7,8.4,72.0,55.0,33.0,public,False,178.1,35.62,Fail
4358,female,group C,high school,standard,False,1.5,8.4,50.0,64.0,85.0,private,True,208.9,41.78,Fail
4359,female,group C,some college,standard,False,11.9,7.5,86.0,46.0,66.0,private,True,217.4,43.48,Fail
4360,male,group D,master degree,standard,True,16.2,6.3,90.0,95.0,74.0,private,True,281.5,56.3,Pass
4361,male,group C,high school,standard,True,15.3,6.5,68.0,70.0,79.0,public,True,238.8,47.76,Fail
4362,male,group E,high school,standard,False,5.0,10.0,71.0,71.13410138248848,57.0,private,True,214.1341013824885,42.83,Fail
4363,female,group C,bachelor degree,free/reduced,True,17.9,9.0,67.0,46.0,50.0,public,True,189.9,37.98,Fail
4364,female,group B,high school,free/reduced,False,14.4,5.5,69.0,61.0,59.0,private,True,208.9,41.78,Fail
4365,female,group C,high school,free/reduced,False,16.7,7.4,75.0,66.0,100.0,public,True,265.1,53.02,Pass
4366,female,group C,high school,standard,False,13.1,8.1,44.0,83.0,70.0,public,True,218.2,43.64,Fail
4367,male,group E,bachelor degree,standard,True,12.4,5.8,77.0,71.13410138248848,84.0,public,True,250.33410138248848,50.07,Pass
4368,female,group C,associate degree,standard,False,13.9,7.193586956521739,55.0,61.0,69.0,public,False,206.09358695652173,41.22,Fail
4369,female,group D,associate degree,standard,True,0.0,5.3,43.0,59.0,56.0,public,True,163.3,32.66,Fail
4370,male,group E,some college,free/reduced,False,15.5,8.7,92.0,81.0,71.0,public,True,268.2,53.64,Pass
4371,male,group E,high school,standard,True,1.4,6.8,56.0,89.0,99.0,public,True,252.2,50.44,Pass
4372,male,group C,high school,free/reduced,False,12.1,8.3,87.0,64.0,61.0,public,True,232.4,46.48,Fail
4373,female,group D,some college,standard,False,10.9,8.2,79.0,85.0,64.0,public,True,247.1,49.42,Fail
4374,male,group E,high school,standard,False,2.1,4.5,80.0,75.0,100.0,private,True,261.6,52.32,Pass
4375,male,group B,associate degree,standard,True,10.3,6.0,90.0,79.0,61.0,public,True,246.3,49.26,Fail
4376,male,group B,associate degree,standard,True,7.1,5.1,58.0,71.13410138248848,88.0,public,True,229.33410138248848,45.87,Fail
4377,male,group E,high school,free/reduced,False,12.9,6.1,78.0,73.0,80.0,private,True,250.0,50.0,Pass
4378,male,group A,associate degree,standard,True,3.0,7.1,70.0,75.0,74.0,public,True,229.1,45.82,Fail
4379,female,group C,bachelor degree,standard,False,8.8,4.6,58.0,53.0,81.0,public,True,205.4,41.08,Fail
4380,male,group D,master degree,free/reduced,True,11.7,7.1,79.0,54.0,75.0,public,True,226.8,45.36,Fail
4381,male,group C,bachelor degree,standard,False,5.2,9.7,66.0,62.0,74.0,private,True,216.9,43.38,Fail
4382,female,group E,high school,standard,False,11.9,7.4,63.0,77.0,56.0,public,True,215.3,43.06,Fail
4383,female,group B,some college,standard,False,11.3,7.0,66.0,67.0,73.0,public,False,224.3,44.86,Fail
4384,male,group C,some college,standard,True,22.8,6.7,44.0,81.0,64.0,international,True,218.5,43.7,Fail
4385,male,group A,associate degree,standard,False,11.4,7.1,85.0,65.0,64.0,public,True,232.5,46.5,Fail
4386,male,group E,master degree,standard,False,11.4,6.1,100.0,78.0,60.0,public,True,255.5,51.1,Pass
4387,male,group C,master degree,free/reduced,False,9.66265306122449,8.2,49.0,97.0,74.0,private,True,237.86265306122448,47.57,Fail
4388,female,group D,associate degree,standard,False,9.9,4.2,83.0,67.0,100.0,private,True,264.1,52.82,Pass
4389,male,group D,associate degree,standard,False,8.8,5.8,63.0,81.0,60.0,public,False,218.6,43.72,Fail
4390,female,group D,master degree,standard,False,0.0,8.0,63.0,72.0,74.0,public,True,217.0,43.4,Fail
4391,male,group B,some college,free/reduced,False,10.9,5.2,84.0,65.0,63.0,public,True,228.1,45.62,Fail
4392,female,group D,high school,standard,True,3.5,5.9,91.0,82.0,65.0,private,True,247.4,49.48,Fail
4393,male,group D,master degree,standard,True,10.6,6.2,60.0,92.0,76.0,private,False,244.8,48.96,Fail
4394,female,group D,bachelor degree,standard,False,16.6,7.5,47.0,93.0,91.0,international,True,255.1,51.02,Pass
4395,male,group C,some college,standard,True,10.3,6.1,64.0,85.0,68.0,public,True,233.4,46.68,Fail
4396,female,group E,high school,free/reduced,False,7.3,9.2,67.0,69.0,77.0,public,True,229.5,45.9,Fail
4397,female,group C,high school,standard,False,0.0,8.2,90.0,76.0,62.0,public,False,236.2,47.24,Fail
4398,male,group E,some college,standard,False,11.2,7.3,95.0,85.0,70.0,private,True,268.5,53.7,Pass
4399,male,group B,high school,standard,False,8.6,7.2,77.0,53.0,67.0,public,False,212.8,42.56,Fail
4400,male,group C,associate degree,standard,False,18.0,6.3,70.0,82.0,82.0,public,True,258.3,51.66,Pass
4401,female,group C,high school,free/reduced,True,18.1,6.5,81.0,69.0,71.0,public,True,245.6,49.12,Fail
4402,male,group E,high school,standard,False,5.1,8.3,56.0,56.0,89.0,public,True,214.4,42.88,Fail
4403,female,group E,high school,free/reduced,False,11.1,10.6,50.0,81.0,90.0,public,True,242.7,48.54,Fail
4404,male,group D,master degree,standard,True,14.9,7.1,65.0,90.0,74.0,public,True,251.0,50.2,Pass
4405,female,group B,master degree,standard,False,9.66265306122449,6.7,80.0,58.0,75.0,public,True,229.36265306122448,45.87,Fail
4406,female,group B,bachelor degree,standard,False,9.66265306122449,6.7,76.0,75.0,90.0,international,True,257.3626530612245,51.47,Pass
4407,male,group B,associate degree,standard,True,9.66265306122449,9.6,56.0,77.0,78.0,public,True,230.26265306122448,46.05,Fail
4408,male,group E,high school,free/reduced,True,0.0,5.8,82.0,66.0,67.0,public,True,220.8,44.16,Fail
4409,female,group B,high school,standard,False,9.66265306122449,7.1,71.0,72.0,64.0,public,True,223.76265306122448,44.75,Fail
4410,female,group C,associate degree,standard,True,12.4,6.7,75.0,91.0,82.0,private,True,267.1,53.42,Pass
4411,female,group E,some college,free/reduced,False,7.8,5.8,47.0,79.0,56.0,public,True,195.6,39.12,Fail
4412,female,group D,some college,standard,True,9.6,9.2,48.0,65.0,80.0,public,True,211.8,42.36,Fail
4413,male,group E,some college,free/reduced,True,5.2,7.193586956521739,92.0,69.0,66.0,private,True,239.39358695652174,47.88,Fail
4414,female,group A,high school,standard,False,13.6,8.2,71.0,36.0,83.0,public,True,211.8,42.36,Fail
4415,female,group B,high school,standard,True,17.8,6.7,70.0,69.0,81.0,public,True,244.5,48.9,Fail
4416,female,group A,high school,standard,True,1.7,7.193586956521739,59.0,65.0,59.0,public,True,191.89358695652174,38.38,Fail
4417,male,group D,some college,standard,False,4.8,5.9,67.0,88.0,72.0,public,True,237.7,47.54,Fail
4418,female,group C,high school,standard,False,10.0,6.8,78.0,42.0,71.0,private,True,207.8,41.56,Fail
4419,male,group A,high school,standard,True,15.2,8.0,93.0,58.0,40.0,public,True,214.2,42.84,Fail
4420,male,group B,master degree,standard,False,16.7,5.8,81.0,51.0,56.0,public,True,210.5,42.1,Fail
4421,female,group D,high school,standard,False,0.0,7.7,59.0,72.0,71.0,private,True,209.7,41.94,Fail
4422,female,group E,high school,standard,True,8.1,7.3,70.0,83.0,59.0,public,True,227.4,45.48,Fail
4423,female,group A,high school,standard,True,11.1,6.4,78.0,83.0,86.0,public,True,264.5,52.9,Pass
4424,female,group C,some college,standard,False,4.7,11.0,82.0,71.13410138248848,79.0,public,True,247.83410138248848,49.57,Fail
4425,female,group C,high school,standard,False,10.5,7.3,64.0,28.0,57.0,private,True,166.8,33.36,Fail
4426,female,group D,high school,standard,True,8.0,7.0,65.0,82.0,70.46045112781955,public,True,232.46045112781957,46.49,Fail
4427,male,group B,some college,standard,False,16.9,6.4,82.0,78.0,28.0,public,True,211.3,42.26,Fail
4428,female,group C,associate degree,standard,False,12.5,9.2,89.0,65.0,75.0,public,True,250.7,50.14,Pass
4429,female,group C,some college,standard,False,2.3,7.8,64.0,46.0,86.0,public,True,206.1,41.22,Fail
4430,female,group C,high school,standard,False,17.9,8.8,88.0,75.0,63.0,private,True,252.7,50.54,Pass
4431,female,group E,associate degree,standard,True,9.9,6.8,50.0,84.0,63.0,public,True,213.7,42.74,Fail
4432,female,group D,high school,free/reduced,False,3.4,8.4,84.0,57.0,70.0,public,True,222.8,44.56,Fail
4433,male,group C,some college,standard,False,13.7,7.2,72.0,60.0,79.0,public,True,231.9,46.38,Fail
4434,female,group B,associate degree,standard,False,17.4,5.9,76.0,89.0,100.0,public,True,288.3,57.66,Pass
4435,male,group E,high school,standard,False,10.2,7.3,62.0,59.0,69.0,public,True,207.5,41.5,Fail
4436,female,group B,some college,standard,False,6.3,6.6,65.0,66.0,70.46045112781955,public,True,214.36045112781954,42.87,Fail
4437,female,group C,high school,standard,False,9.66265306122449,8.2,51.0,70.0,75.0,private,True,213.86265306122448,42.77,Fail
4438,male,group B,high school,standard,True,13.8,6.7,42.0,49.0,60.0,international,True,171.5,34.3,Fail
4439,male,group C,some college,standard,True,11.7,5.3,96.0,55.0,51.0,public,True,219.0,43.8,Fail
4440,female,group E,bachelor degree,standard,True,9.66265306122449,6.1,74.0,58.0,61.0,private,True,208.76265306122448,41.75,Fail
4441,female,group E,bachelor degree,free/reduced,True,11.0,7.4,65.0,83.0,71.0,public,True,237.4,47.48,Fail
4442,female,group E,some college,standard,False,12.9,5.4,70.0,74.0,48.0,public,False,210.3,42.06,Fail
4443,female,group D,high school,free/reduced,False,9.9,6.5,57.0,71.13410138248848,72.0,international,True,216.53410138248847,43.31,Fail
4444,male,group A,bachelor degree,standard,True,9.8,8.3,87.0,71.0,81.0,international,True,257.1,51.42,Pass
4445,female,group A,high school,standard,True,15.2,6.6,36.0,65.0,82.0,private,False,204.8,40.96,Fail
4446,female,group D,some college,standard,True,14.1,5.2,80.0,56.0,75.0,public,True,230.3,46.06,Fail
4447,female,group D,some college,standard,False,9.66265306122449,7.3,79.0,93.0,68.0,private,True,256.9626530612245,51.39,Pass
4448,female,group D,high school,standard,False,0.1,7.5,41.0,80.0,67.0,private,True,195.6,39.12,Fail
4449,female,group C,associate degree,standard,True,6.3,6.5,74.0,67.0,81.0,public,True,234.8,46.96,Fail
4450,female,group E,associate degree,standard,True,13.7,6.6,60.0,62.0,66.0,private,True,208.3,41.66,Fail
4451,male,group A,associate degree,standard,True,3.4,7.193586956521739,87.0,64.0,57.0,public,True,218.59358695652173,43.72,Fail
4452,male,group E,associate degree,free/reduced,False,7.4,6.4,71.0,83.0,71.0,public,True,238.8,47.76,Fail
4453,male,group B,bachelor degree,free/reduced,True,9.4,6.5,63.0,56.0,78.0,public,True,212.9,42.58,Fail
4454,female,group A,some college,standard,False,6.7,8.3,73.0,52.0,100.0,private,True,240.0,48.0,Fail
4455,female,group C,associate degree,standard,False,1.9,6.6,66.0,67.0,62.0,public,True,203.5,40.7,Fail
4456,male,group E,bachelor degree,free/reduced,True,8.0,7.193586956521739,77.0,31.0,86.0,public,True,209.19358695652176,41.84,Fail
4457,female,group D,associate degree,free/reduced,False,15.1,6.9,68.0,94.0,52.0,public,True,236.0,47.2,Fail
4458,female,group C,associate degree,standard,True,14.5,9.1,66.0,63.0,67.0,public,True,219.6,43.92,Fail
4459,female,group D,some college,standard,False,12.4,5.8,82.0,66.0,84.0,public,True,250.2,50.04,Pass
4460,female,group B,high school,free/reduced,True,10.6,6.9,53.0,71.13410138248848,89.0,public,True,230.6341013824885,46.13,Fail
4461,female,group A,bachelor degree,free/reduced,True,10.7,6.5,59.0,70.0,55.0,public,True,201.2,40.24,Fail
4462,female,group B,some college,free/reduced,True,4.7,4.9,54.0,67.0,50.0,public,True,180.6,36.12,Fail
4463,female,group E,bachelor degree,free/reduced,False,9.8,7.6,51.0,53.0,73.0,public,True,194.4,38.88,Fail
4464,male,group C,bachelor degree,standard,False,9.66265306122449,8.5,97.0,38.0,68.0,public,True,221.1626530612245,44.23,Fail
4465,male,group B,high school,standard,False,10.2,8.1,95.0,73.0,76.0,public,True,262.3,52.46,Pass
4466,female,group C,bachelor degree,standard,False,7.8,9.6,70.0,57.0,49.0,public,True,193.4,38.68,Fail
4467,female,group C,some college,standard,False,16.3,6.1,72.0,53.0,78.0,private,True,225.4,45.08,Fail
4468,male,group C,high school,free/reduced,False,19.3,7.0,60.0,69.0,70.46045112781955,private,True,225.76045112781958,45.15,Fail
4469,female,group D,bachelor degree,standard,False,4.4,8.9,70.0,67.0,67.0,public,True,217.3,43.46,Fail
4470,female,group A,associate degree,free/reduced,True,10.0,6.6,67.0,85.0,69.0,private,True,237.6,47.52,Fail
4471,female,group B,some college,standard,False,8.9,6.7,44.0,77.0,60.0,public,True,196.6,39.32,Fail
4472,female,group D,associate degree,standard,True,0.0,4.1,100.0,69.0,64.0,public,True,237.1,47.42,Fail
4473,female,group B,high school,standard,False,9.66265306122449,9.0,69.0,67.0,55.0,public,True,209.6626530612245,41.93,Fail
4474,female,group E,master degree,standard,True,10.3,7.6,69.0,70.0,87.0,public,True,243.9,48.78,Fail
4475,male,group E,associate degree,standard,True,7.2,4.9,69.0,64.0,72.0,public,True,217.1,43.42,Fail
4476,female,group D,high school,standard,True,3.9,7.193586956521739,64.0,64.0,72.0,public,True,211.09358695652173,42.22,Fail
4477,male,group D,bachelor degree,standard,True,7.2,8.0,83.0,84.0,91.0,private,True,273.2,54.64,Pass
4478,male,group B,high school,standard,False,7.8,5.7,66.0,77.0,96.0,international,False,252.5,50.5,Pass
4479,female,group E,associate degree,standard,True,8.8,6.7,62.0,44.0,70.0,public,True,191.5,38.3,Fail
4480,male,group A,master degree,free/reduced,False,11.4,7.193586956521739,82.0,59.0,61.0,public,True,220.59358695652173,44.12,Fail
4481,female,group A,master degree,standard,True,1.9,8.7,81.0,78.0,70.46045112781955,public,True,240.06045112781953,48.01,Fail
4482,female,group B,high school,free/reduced,False,5.4,7.6,55.0,84.0,84.0,public,True,236.0,47.2,Fail
4483,female,group E,bachelor degree,standard,False,8.7,5.9,84.0,96.0,70.0,public,False,264.6,52.92,Pass
4484,male,group A,high school,standard,False,9.66265306122449,5.5,88.0,61.0,79.0,international,True,243.1626530612245,48.63,Fail
4485,male,group A,bachelor degree,free/reduced,True,6.8,8.2,66.0,100.0,84.0,private,True,265.0,53.0,Pass
4486,male,group B,some college,free/reduced,False,7.7,8.6,81.0,91.0,53.0,public,True,241.3,48.26,Fail
4487,male,group B,some college,free/reduced,True,10.3,7.4,68.0,71.0,65.0,international,False,221.7,44.34,Fail
4488,male,group E,some college,standard,False,14.7,6.5,67.0,42.0,91.0,private,True,221.2,44.24,Fail
4489,female,group D,high school,standard,True,18.5,8.8,69.0,51.0,98.0,public,False,245.3,49.06,Fail
4490,male,group E,some college,standard,True,6.1,6.8,81.0,68.0,70.0,private,True,231.9,46.38,Fail
4491,male,group B,bachelor degree,standard,False,7.2,8.0,55.0,93.0,61.0,international,True,224.2,44.84,Fail
4492,male,group E,some college,standard,False,17.6,8.0,67.0,79.0,76.0,public,True,247.6,49.52,Fail
4493,male,group D,associate degree,standard,False,13.4,5.8,86.0,66.0,72.0,public,True,243.2,48.64,Fail
4494,male,group C,associate degree,free/reduced,False,4.7,6.3,62.0,54.0,79.0,private,True,206.0,41.2,Fail
4495,male,group A,high school,standard,False,10.7,6.6,92.0,71.13410138248848,63.0,private,True,243.43410138248848,48.69,Fail
4496,female,group B,high school,free/reduced,False,14.2,5.9,69.0,52.0,62.0,private,True,203.1,40.62,Fail
4497,female,group B,master degree,free/reduced,False,14.8,7.8,87.0,55.0,81.0,public,False,245.6,49.12,Fail
4498,male,group E,high school,standard,True,13.0,5.3,82.0,68.0,39.0,public,True,207.3,41.46,Fail
4499,female,group B,high school,standard,True,7.7,4.7,56.0,71.13410138248848,92.0,private,True,231.53410138248847,46.31,Fail
4500,female,group C,high school,standard,False,3.8,7.193586956521739,77.0,73.0,47.0,public,True,207.99358695652174,41.6,Fail
4501,female,group D,associate degree,standard,True,13.4,5.2,78.0,73.0,73.0,public,True,242.6,48.52,Fail
4502,female,group A,high school,free/reduced,True,6.3,9.0,83.0,80.0,91.0,public,True,269.3,53.86,Pass
4503,female,group C,high school,standard,False,9.66265306122449,5.5,97.0,53.0,52.0,public,True,217.1626530612245,43.43,Fail
4504,female,group E,high school,free/reduced,True,10.8,7.193586956521739,72.0,79.0,69.0,private,True,237.99358695652174,47.6,Fail
4505,female,group B,some college,standard,False,17.6,7.9,100.0,50.0,64.0,international,True,239.5,47.9,Fail
4506,female,group D,high school,free/reduced,True,7.2,6.7,52.0,71.0,73.0,private,True,209.9,41.98,Fail
4507,male,group E,bachelor degree,standard,False,3.8,9.7,53.0,88.0,75.0,private,False,229.5,45.9,Fail
4508,female,group B,associate degree,free/reduced,True,6.9,7.193586956521739,73.0,63.0,59.0,private,True,209.09358695652173,41.82,Fail
4509,female,group E,some college,free/reduced,False,16.4,7.7,72.0,55.0,64.0,public,True,215.1,43.02,Fail
4510,female,group E,bachelor degree,standard,True,9.9,7.3,81.0,75.0,60.0,public,True,233.2,46.64,Fail
4511,male,group C,high school,free/reduced,True,7.3,8.6,49.0,71.13410138248848,59.0,public,True,195.03410138248847,39.01,Fail
4512,female,group E,high school,free/reduced,True,11.4,7.3,56.0,94.0,78.0,public,True,246.7,49.34,Fail
4513,male,group B,master degree,standard,True,9.0,6.4,64.0,79.0,70.46045112781955,public,False,228.86045112781954,45.77,Fail
4514,female,group E,master degree,standard,True,5.6,7.0,64.0,86.0,52.0,public,True,214.6,42.92,Fail
4515,female,group D,master degree,free/reduced,False,9.3,6.3,70.0,71.13410138248848,91.0,public,True,247.73410138248846,49.55,Fail
4516,male,group A,associate degree,standard,True,9.66265306122449,7.193586956521739,50.0,82.0,64.0,public,True,212.85624001774625,42.57,Fail
4517,female,group D,some college,free/reduced,False,9.66265306122449,8.3,36.0,71.13410138248848,98.0,public,True,223.09675444371297,44.62,Fail
4518,female,group B,high school,standard,True,4.4,8.6,72.0,63.0,92.0,public,True,240.0,48.0,Fail
4519,female,group C,high school,standard,True,12.0,7.193586956521739,76.0,75.0,78.0,public,True,248.19358695652176,49.64,Fail
4520,male,group C,some college,standard,False,9.66265306122449,7.3,81.0,96.0,79.0,public,True,272.9626530612245,54.59,Pass
4521,male,group E,high school,standard,True,12.6,7.193586956521739,68.0,87.0,56.0,public,True,230.79358695652172,46.16,Fail
4522,male,group C,some college,standard,False,10.7,7.8,60.0,58.0,55.0,public,True,191.5,38.3,Fail
4523,female,group A,some college,standard,False,14.1,9.4,56.0,75.0,54.0,public,True,208.5,41.7,Fail
4524,male,group C,bachelor degree,standard,True,8.2,6.0,83.0,57.0,56.0,public,True,210.2,42.04,Fail
4525,male,group D,high school,standard,True,5.0,7.193586956521739,85.0,53.0,74.0,international,False,224.19358695652176,44.84,Fail
4526,female,group E,some college,free/reduced,True,5.6,5.4,81.0,59.0,61.0,public,True,212.0,42.4,Fail
4527,female,group B,master degree,free/reduced,False,7.7,6.9,74.0,59.0,66.0,private,True,213.6,42.72,Fail
4528,male,group A,associate degree,standard,True,5.7,6.1,61.0,62.0,52.0,private,False,186.8,37.36,Fail
4529,female,group C,associate degree,standard,False,4.6,7.8,51.0,56.0,80.0,public,True,199.4,39.88,Fail
4530,female,group C,high school,free/reduced,False,11.1,7.1,76.0,79.0,82.0,public,True,255.2,51.04,Pass
4531,female,group C,high school,standard,True,13.2,5.3,59.0,70.0,70.46045112781955,private,True,217.96045112781957,43.59,Fail
4532,male,group B,high school,free/reduced,False,9.3,9.3,70.0,81.0,88.0,public,True,257.6,51.52,Pass
4533,female,group D,high school,standard,True,12.5,7.3,49.0,62.0,58.0,public,True,188.8,37.76,Fail
4534,male,group C,bachelor degree,free/reduced,False,4.3,8.5,56.0,87.0,86.0,public,True,241.8,48.36,Fail
4535,male,group D,some college,free/reduced,False,9.5,8.4,69.0,71.13410138248848,79.0,public,False,237.03410138248847,47.41,Fail
4536,female,group A,high school,standard,False,6.5,6.9,52.0,53.0,82.0,public,True,200.4,40.08,Fail
4537,male,group B,associate degree,standard,False,7.5,6.0,83.0,71.0,58.0,international,True,225.5,45.1,Fail
4538,female,group B,high school,standard,False,3.2,8.1,52.0,55.0,64.0,private,True,182.3,36.46,Fail
4539,male,group B,bachelor degree,standard,True,13.3,3.5,55.0,79.0,81.0,public,True,231.8,46.36,Fail
4540,male,group E,master degree,standard,True,11.1,8.1,40.0,82.0,77.0,public,True,218.2,43.64,Fail
4541,male,group E,bachelor degree,standard,True,7.0,5.8,68.0,77.0,84.0,international,True,241.8,48.36,Fail
4542,female,group B,bachelor degree,standard,False,12.9,8.0,61.0,62.0,57.0,private,True,200.9,40.18,Fail
4543,female,group D,some college,standard,True,14.3,5.4,70.0,91.0,90.0,public,False,270.7,54.14,Pass
4544,female,group A,high school,standard,True,4.9,6.4,73.0,84.0,100.0,private,True,268.3,53.66,Pass
4545,female,group E,high school,standard,False,1.7,5.5,91.0,63.0,73.0,public,False,234.2,46.84,Fail
4546,male,group C,associate degree,standard,False,5.4,7.2,79.0,64.0,65.0,public,True,220.6,44.12,Fail
4547,female,group E,some college,standard,True,7.4,5.8,83.0,85.0,75.0,public,False,256.2,51.24,Pass
4548,female,group C,master degree,standard,True,5.7,7.2,97.0,100.0,56.0,public,True,265.9,53.18,Pass
4549,male,group B,bachelor degree,free/reduced,False,14.7,5.1,51.0,65.0,86.0,public,True,221.8,44.36,Fail
4550,female,group E,some college,free/reduced,False,3.7,7.1,61.0,100.0,23.0,public,True,194.8,38.96,Fail
4551,male,group B,high school,standard,True,0.0,9.7,78.0,62.0,81.0,public,True,230.7,46.14,Fail
4552,male,group C,high school,standard,True,9.8,5.9,80.0,48.0,64.0,international,False,207.7,41.54,Fail
4553,female,group D,some college,standard,True,7.2,6.5,38.0,96.0,59.0,public,True,206.7,41.34,Fail
4554,female,group D,high school,free/reduced,True,5.5,7.8,63.0,84.0,77.0,public,True,237.3,47.46,Fail
4555,female,group A,bachelor degree,standard,False,7.5,7.1,57.0,72.0,63.0,private,True,206.6,41.32,Fail
4556,male,group E,associate degree,standard,True,16.3,6.5,69.0,61.0,46.0,international,False,198.8,39.76,Fail
4557,female,group E,bachelor degree,standard,True,1.3,7.8,84.0,59.0,60.0,public,True,212.1,42.42,Fail
4558,female,group C,associate degree,standard,False,10.2,8.2,80.0,85.0,56.0,public,True,239.4,47.88,Fail
4559,female,group C,bachelor degree,standard,True,9.66265306122449,7.193586956521739,64.0,67.0,45.0,private,True,192.85624001774625,38.57,Fail
4560,male,group D,high school,free/reduced,True,8.4,7.6,78.0,76.0,40.0,public,True,210.0,42.0,Fail
4561,male,group B,high school,standard,False,4.4,8.6,69.0,69.0,69.0,public,True,220.0,44.0,Fail
4562,female,group B,high school,free/reduced,False,5.3,8.8,50.0,87.0,54.0,public,True,205.1,41.02,Fail
4563,female,group A,bachelor degree,free/reduced,False,15.3,7.1,77.0,72.0,65.0,public,True,236.4,47.28,Fail
4564,female,group D,bachelor degree,standard,False,5.6,7.193586956521739,75.0,42.0,49.0,public,True,178.79358695652172,35.76,Fail
4565,female,group D,high school,free/reduced,False,9.4,7.193586956521739,61.0,98.0,86.0,public,True,261.59358695652173,52.32,Pass
4566,female,group E,high school,free/reduced,False,11.2,6.8,81.0,43.0,68.0,private,True,210.0,42.0,Fail
4567,female,group C,associate degree,standard,False,8.8,8.2,59.0,70.0,71.0,private,False,217.0,43.4,Fail
4568,female,group C,associate degree,standard,True,12.2,6.5,68.0,67.0,87.0,public,True,240.7,48.14,Fail
4569,male,group E,master degree,standard,False,0.0,8.0,60.0,75.0,51.0,international,True,194.0,38.8,Fail
4570,female,group B,some college,standard,True,0.0,6.2,49.0,73.0,68.0,public,True,196.2,39.24,Fail
4571,female,group C,bachelor degree,standard,True,9.3,9.6,39.0,61.0,68.0,public,True,186.9,37.38,Fail
4572,male,group C,high school,standard,False,12.2,8.2,56.0,59.0,59.0,public,True,194.4,38.88,Fail
4573,male,group E,bachelor degree,standard,True,9.8,6.1,49.0,77.0,76.0,public,True,217.9,43.58,Fail
4574,female,group C,some college,standard,True,7.5,9.3,65.0,66.0,72.0,public,True,219.8,43.96,Fail
4575,male,group B,associate degree,standard,True,5.2,6.4,89.0,70.0,84.0,public,False,254.6,50.92,Pass
4576,female,group E,associate degree,standard,False,4.9,7.0,52.0,55.0,73.0,private,True,191.9,38.38,Fail
4577,male,group B,associate degree,standard,False,8.3,7.2,77.0,77.0,79.0,public,False,248.5,49.7,Fail
4578,female,group C,some college,free/reduced,True,13.6,8.9,58.0,86.0,70.0,public,True,236.5,47.3,Fail
4579,female,group C,associate degree,free/reduced,False,6.2,6.0,76.0,64.0,97.0,public,True,249.2,49.84,Fail
4580,male,group E,high school,free/reduced,True,6.6,6.3,79.0,81.0,79.0,private,True,251.9,50.38,Pass
4581,female,group D,some college,standard,False,19.2,7.3,80.0,56.0,74.0,public,True,236.5,47.3,Fail
4582,female,group B,bachelor degree,standard,True,12.2,6.7,80.0,62.0,74.0,public,False,234.9,46.98,Fail
4583,male,group A,high school,standard,False,5.9,5.5,53.0,48.0,84.0,public,True,196.4,39.28,Fail
4584,male,group E,high school,standard,False,6.0,8.4,77.0,92.0,73.0,private,True,256.4,51.28,Pass
4585,female,group C,associate degree,free/reduced,False,12.4,6.0,75.0,41.0,70.0,public,True,204.4,40.88,Fail
4586,female,group E,bachelor degree,standard,False,6.2,6.5,96.0,50.0,71.0,public,True,229.7,45.94,Fail
4587,female,group D,master degree,free/reduced,False,8.8,7.7,63.0,49.0,86.0,public,True,214.5,42.9,Fail
4588,female,group C,master degree,standard,True,8.3,6.5,58.0,58.0,78.0,private,True,208.8,41.76,Fail
4589,male,group A,some college,standard,False,10.6,7.6,69.0,100.0,80.0,international,True,267.2,53.44,Pass
4590,female,group D,high school,free/reduced,False,10.4,6.2,96.0,48.0,53.0,public,True,213.6,42.72,Fail
4591,male,group A,high school,free/reduced,False,16.7,10.1,52.0,99.0,59.0,public,True,236.8,47.36,Fail
4592,male,group D,high school,standard,False,12.5,7.3,96.0,78.0,57.0,public,True,250.8,50.16,Pass
4593,female,group C,associate degree,standard,False,10.6,10.6,74.0,71.0,82.0,public,True,248.2,49.64,Fail
4594,male,group C,associate degree,free/reduced,True,11.0,5.2,79.0,81.0,77.0,public,True,253.2,50.64,Pass
4595,male,group E,high school,standard,False,9.66265306122449,6.9,67.0,66.0,73.0,public,True,222.5626530612245,44.51,Fail
4596,female,group A,bachelor degree,standard,False,11.4,6.3,66.0,55.0,38.0,public,False,176.7,35.34,Fail
4597,male,group B,bachelor degree,standard,False,2.6,7.1,83.0,74.0,72.0,public,True,238.7,47.74,Fail
4598,female,group D,some college,standard,True,19.8,8.1,67.0,58.0,79.0,public,True,231.9,46.38,Fail
4599,female,group E,high school,standard,False,9.66265306122449,9.1,73.0,70.0,59.0,public,True,220.76265306122448,44.15,Fail
4600,female,group D,some college,standard,True,8.1,8.1,61.0,76.0,75.0,public,True,228.2,45.64,Fail
4601,male,group D,associate degree,standard,False,12.8,7.193586956521739,64.0,64.0,59.0,public,True,206.99358695652174,41.4,Fail
4602,male,group C,bachelor degree,standard,True,7.5,10.0,81.0,51.0,72.0,public,True,221.5,44.3,Fail
4603,male,group A,high school,standard,False,11.4,7.5,53.0,74.0,75.0,private,True,220.9,44.18,Fail
4604,female,group D,high school,standard,False,14.0,5.2,62.0,63.0,67.0,private,False,211.2,42.24,Fail
4605,female,group C,bachelor degree,standard,True,2.0,7.2,76.0,61.0,71.0,public,True,217.2,43.44,Fail
4606,male,group E,master degree,standard,True,3.6,4.8,80.0,50.0,55.0,public,False,193.4,38.68,Fail
4607,male,group E,master degree,standard,True,1.7,6.8,92.0,79.0,71.0,private,True,250.5,50.1,Pass
4608,female,group C,master degree,free/reduced,False,9.3,5.4,58.0,91.0,80.0,public,True,243.7,48.74,Fail
4609,male,group A,high school,free/reduced,False,7.2,6.5,100.0,47.0,85.0,public,True,245.7,49.14,Fail
4610,male,group C,master degree,free/reduced,False,3.2,8.1,62.0,77.0,59.0,public,True,209.3,41.86,Fail
4611,male,group D,high school,standard,True,12.9,8.9,48.0,93.0,89.0,public,True,251.8,50.36,Pass
4612,female,group A,bachelor degree,standard,True,10.3,8.8,78.0,70.0,62.0,private,True,229.1,45.82,Fail
4613,male,group C,high school,standard,False,12.2,7.6,93.0,44.0,43.0,private,True,199.8,39.96,Fail
4614,male,group A,high school,standard,False,10.2,4.9,83.0,78.0,58.0,public,True,234.1,46.82,Fail
4615,female,group D,some college,free/reduced,True,11.4,8.5,54.0,78.0,54.0,public,True,205.9,41.18,Fail
4616,female,group C,associate degree,standard,False,8.4,6.5,52.0,96.0,64.0,international,True,226.9,45.38,Fail
4617,male,group C,associate degree,free/reduced,False,6.5,9.4,74.0,82.0,58.0,public,True,229.9,45.98,Fail
4618,male,group B,master degree,free/reduced,False,12.5,9.8,60.0,61.0,70.46045112781955,public,True,213.76045112781958,42.75,Fail
4619,male,group A,high school,standard,False,8.5,7.9,73.0,98.0,56.0,public,True,243.4,48.68,Fail
4620,male,group B,bachelor degree,free/reduced,True,9.66265306122449,6.5,80.0,63.0,51.0,public,True,210.1626530612245,42.03,Fail
4621,female,group A,associate degree,standard,False,9.0,7.5,80.0,59.0,75.0,public,True,230.5,46.1,Fail
4622,male,group C,some college,standard,False,8.4,7.9,89.0,69.0,78.0,public,True,252.3,50.46,Pass
4623,male,group C,associate degree,free/reduced,False,6.8,7.9,58.0,54.0,55.0,public,True,181.7,36.34,Fail
4624,female,group E,high school,free/reduced,True,13.4,8.3,66.0,67.0,82.0,public,True,236.7,47.34,Fail
4625,male,group B,high school,free/reduced,False,18.0,6.3,100.0,84.0,44.0,public,True,252.3,50.46,Pass
4626,female,group E,some college,standard,False,4.1,6.7,72.0,83.0,57.0,international,True,222.8,44.56,Fail
4627,male,group B,high school,standard,False,9.9,8.8,68.0,75.0,84.0,public,True,245.7,49.14,Fail
4628,male,group B,high school,standard,False,11.9,8.7,89.0,78.0,86.0,public,True,273.6,54.72,Pass
4629,female,group B,some college,standard,False,12.4,7.193586956521739,86.0,57.0,63.0,public,True,225.59358695652173,45.12,Fail
4630,female,group B,high school,free/reduced,True,12.8,7.193586956521739,93.0,71.13410138248848,37.0,public,True,221.1276883390102,44.23,Fail
4631,female,group E,master degree,standard,False,11.9,6.7,65.0,75.0,68.0,private,True,226.6,45.32,Fail
4632,female,group B,bachelor degree,standard,True,13.9,7.1,64.0,71.0,78.0,public,True,234.0,46.8,Fail
4633,female,group B,some college,free/reduced,True,10.9,6.9,81.0,77.0,84.0,private,True,259.8,51.96,Pass
4634,male,group B,high school,standard,False,11.6,8.3,61.0,45.0,77.0,public,True,202.9,40.58,Fail
4635,female,group A,some college,free/reduced,False,16.4,9.0,97.0,87.0,85.0,private,True,294.4,58.88,Pass
4636,male,group B,high school,standard,True,16.5,6.7,87.0,69.0,100.0,public,True,279.2,55.84,Pass
4637,male,group A,high school,free/reduced,False,9.66265306122449,7.1,67.0,77.0,66.0,public,False,226.76265306122448,45.35,Fail
4638,male,group B,bachelor degree,standard,False,11.9,5.8,70.0,50.0,64.0,public,True,201.7,40.34,Fail
4639,male,group D,some college,free/reduced,True,20.9,5.8,59.0,51.0,54.0,private,True,190.7,38.14,Fail
4640,male,group C,high school,standard,True,4.9,8.0,49.0,72.0,64.0,private,True,197.9,39.58,Fail
4641,female,group B,high school,standard,False,12.3,5.9,75.0,24.0,59.0,public,True,176.2,35.24,Fail
4642,female,group C,some college,standard,False,4.9,8.3,72.0,80.0,44.0,public,True,209.2,41.84,Fail
4643,male,group C,high school,standard,True,15.7,7.7,50.0,70.0,67.0,public,True,210.4,42.08,Fail
4644,female,group E,bachelor degree,standard,True,16.0,9.5,76.0,71.13410138248848,70.0,private,True,242.6341013824885,48.53,Fail
4645,male,group E,associate degree,standard,False,14.2,6.2,66.0,87.0,83.0,public,True,256.4,51.28,Pass
4646,female,group E,some college,standard,False,9.66265306122449,8.1,67.0,63.0,64.0,public,True,211.76265306122448,42.35,Fail
4647,male,group D,high school,standard,False,4.5,7.9,71.0,59.0,37.0,public,True,179.4,35.88,Fail
4648,male,group B,some college,standard,True,9.66265306122449,7.7,59.0,80.0,43.0,public,True,199.36265306122448,39.87,Fail
4649,male,group C,bachelor degree,standard,False,1.0,7.193586956521739,59.0,50.0,51.0,international,True,168.19358695652176,33.64,Fail
4650,female,group C,high school,standard,True,12.0,7.2,84.0,72.0,70.46045112781955,private,True,245.66045112781956,49.13,Fail
4651,female,group B,bachelor degree,standard,False,15.3,8.7,68.0,80.0,87.0,private,True,259.0,51.8,Pass
4652,female,group D,high school,standard,False,3.2,9.4,93.0,71.13410138248848,100.0,international,False,276.73410138248846,55.35,Pass
4653,male,group A,associate degree,free/reduced,True,13.6,8.3,68.0,78.0,60.0,public,True,227.9,45.58,Fail
4654,female,group D,high school,standard,True,8.4,7.6,85.0,100.0,73.0,private,True,274.0,54.8,Pass
4655,female,group D,some college,standard,True,8.6,6.6,60.0,60.0,66.0,public,True,201.2,40.24,Fail
4656,female,group A,associate degree,free/reduced,True,6.5,6.7,47.0,66.0,65.0,international,True,191.2,38.24,Fail
4657,female,group A,bachelor degree,standard,True,14.6,7.6,72.0,62.0,57.0,public,True,213.2,42.64,Fail
4658,male,group C,bachelor degree,standard,True,15.0,7.7,65.0,54.0,67.0,international,True,208.7,41.74,Fail
4659,male,group D,associate degree,free/reduced,False,13.9,8.5,72.0,76.0,42.0,public,True,212.4,42.48,Fail
4660,male,group C,high school,standard,False,7.4,9.5,54.0,67.0,84.0,public,True,221.9,44.38,Fail
4661,female,group D,high school,free/reduced,False,8.4,7.1,62.0,78.0,51.0,international,True,206.5,41.3,Fail
4662,female,group D,bachelor degree,standard,True,10.5,5.8,76.0,69.0,82.0,public,True,243.3,48.66,Fail
4663,male,group E,associate degree,standard,False,0.0,6.8,59.0,76.0,54.0,public,True,195.8,39.16,Fail
4664,male,group C,master degree,free/reduced,False,3.9,8.5,85.0,70.0,68.0,public,True,235.4,47.08,Fail
4665,male,group E,master degree,standard,False,14.9,8.0,71.0,79.0,54.0,public,True,226.9,45.38,Fail
4666,male,group E,high school,standard,True,5.4,5.4,50.0,90.0,66.0,public,True,216.8,43.36,Fail
4667,male,group C,high school,free/reduced,False,6.8,7.7,40.0,63.0,57.0,private,True,174.5,34.9,Fail
4668,female,group E,high school,standard,True,3.7,8.1,77.0,42.0,74.0,private,False,204.8,40.96,Fail
4669,female,group B,some college,standard,False,8.9,7.9,99.0,78.0,45.0,international,True,238.8,47.76,Fail
4670,female,group D,associate degree,free/reduced,True,6.7,7.2,53.0,69.0,70.0,public,True,205.9,41.18,Fail
4671,male,group B,some college,free/reduced,False,9.66265306122449,6.6,65.0,76.0,58.0,public,True,215.26265306122448,43.05,Fail
4672,female,group E,high school,free/reduced,False,9.1,8.7,64.0,89.0,73.0,private,True,243.8,48.76,Fail
4673,female,group B,some college,free/reduced,False,9.66265306122449,7.4,57.0,85.0,70.0,public,True,229.0626530612245,45.81,Fail
4674,male,group E,some college,standard,False,6.3,8.4,92.0,71.0,78.0,public,True,255.7,51.14,Pass
4675,male,group B,bachelor degree,standard,True,10.5,6.4,66.0,76.0,63.0,international,True,221.9,44.38,Fail
4676,male,group B,high school,standard,False,25.2,7.7,40.0,76.0,67.0,public,True,215.9,43.18,Fail
4677,male,group C,high school,standard,False,13.3,6.8,63.0,55.0,68.0,international,True,206.1,41.22,Fail
4678,male,group C,bachelor degree,free/reduced,True,2.4,6.6,61.0,60.0,50.0,public,True,180.0,36.0,Fail
4679,female,group B,master degree,free/reduced,False,6.0,7.4,79.0,48.0,53.0,public,False,193.4,38.68,Fail
4680,male,group B,high school,standard,True,7.6,5.7,100.0,88.0,61.0,private,True,262.3,52.46,Pass
4681,female,group E,high school,free/reduced,True,3.4,6.1,76.0,81.0,66.0,public,True,232.5,46.5,Fail
4682,male,group C,some college,standard,True,9.0,7.2,65.0,92.0,78.0,public,False,251.2,50.24,Pass
4683,male,group B,high school,standard,False,14.0,7.0,58.0,60.0,64.0,private,True,203.0,40.6,Fail
4684,female,group D,high school,free/reduced,False,7.8,5.2,65.0,60.0,88.0,private,True,226.0,45.2,Fail
4685,female,group E,some college,standard,True,11.8,6.7,34.0,62.0,76.0,public,True,190.5,38.1,Fail
4686,female,group B,bachelor degree,free/reduced,True,0.4,7.6,38.0,54.0,55.0,public,True,155.0,31.0,Fail
4687,male,group B,high school,standard,False,10.0,5.0,75.0,84.0,35.0,public,True,209.0,41.8,Fail
4688,female,group C,associate degree,standard,True,6.4,7.193586956521739,82.0,75.0,81.0,international,True,251.59358695652173,50.32,Pass
4689,female,group C,high school,standard,False,9.4,7.0,56.0,76.0,70.0,public,True,218.4,43.68,Fail
4690,female,group C,some college,standard,False,16.1,6.9,64.0,84.0,81.0,public,True,252.0,50.4,Pass
4691,female,group B,associate degree,free/reduced,False,9.5,7.0,57.0,80.0,62.0,private,True,215.5,43.1,Fail
4692,male,group C,bachelor degree,standard,True,9.66265306122449,8.5,84.0,80.0,70.46045112781955,international,False,252.62310418904406,50.52,Pass
4693,male,group A,associate degree,standard,False,9.9,7.9,78.0,84.0,76.0,private,True,255.8,51.16,Pass
4694,female,group E,high school,standard,True,9.8,9.3,59.0,50.0,81.0,private,True,209.1,41.82,Fail
4695,female,group C,bachelor degree,standard,True,0.6,6.4,66.0,71.13410138248848,100.0,public,True,244.1341013824885,48.83,Fail
4696,male,group C,associate degree,free/reduced,False,12.5,8.1,65.0,45.0,91.0,public,True,221.6,44.32,Fail
4697,female,group B,bachelor degree,standard,False,2.3,8.3,55.0,47.0,48.0,private,True,160.6,32.12,Fail
4698,male,group B,associate degree,standard,False,10.6,8.0,78.0,89.0,53.0,public,True,238.6,47.72,Fail
4699,female,group E,some college,standard,False,7.8,4.8,44.0,81.0,85.0,public,True,222.6,44.52,Fail
4700,male,group D,high school,standard,False,4.4,7.6,65.0,80.0,70.0,international,True,227.0,45.4,Fail
4701,female,group D,master degree,standard,True,15.8,6.2,84.0,66.0,56.0,private,True,228.0,45.6,Fail
4702,female,group C,some college,free/reduced,True,12.2,7.9,89.0,59.0,67.0,public,True,235.1,47.02,Fail
4703,male,group B,high school,standard,True,4.0,7.1,82.0,60.0,62.0,public,True,215.1,43.02,Fail
4704,female,group B,high school,free/reduced,False,10.0,8.0,70.0,88.0,80.0,public,True,256.0,51.2,Pass
4705,male,group D,high school,standard,True,15.5,7.6,67.0,84.0,70.46045112781955,international,True,244.56045112781953,48.91,Fail
4706,male,group A,associate degree,free/reduced,True,6.7,5.8,71.0,97.0,59.0,private,True,239.5,47.9,Fail
4707,female,group B,high school,standard,False,9.66265306122449,7.0,68.0,84.0,83.0,international,True,251.6626530612245,50.33,Pass
4708,male,group A,high school,free/reduced,False,8.8,7.3,61.0,60.0,94.0,public,True,231.1,46.22,Fail
4709,male,group E,bachelor degree,free/reduced,True,14.8,8.6,100.0,68.0,62.0,public,True,253.4,50.68,Pass
4710,male,group D,high school,standard,True,15.3,7.3,50.0,84.0,55.0,public,True,211.6,42.32,Fail
4711,male,group A,associate degree,standard,False,19.2,6.6,78.0,60.0,87.0,public,True,250.8,50.16,Pass
4712,female,group D,high school,standard,False,10.4,7.3,69.0,51.0,89.0,international,True,226.7,45.34,Fail
4713,female,group E,master degree,standard,False,11.6,7.193586956521739,79.0,67.0,64.0,international,True,228.79358695652172,45.76,Fail
4714,female,group C,master degree,free/reduced,False,12.8,9.0,58.0,93.0,62.0,private,True,234.8,46.96,Fail
4715,female,group C,master degree,standard,False,3.5,6.1,68.0,65.0,67.0,public,True,209.6,41.92,Fail
4716,male,group C,some college,free/reduced,True,18.9,6.8,68.0,67.0,84.0,public,True,244.7,48.94,Fail
4717,female,group D,high school,standard,False,11.0,3.9,76.0,79.0,66.0,international,True,235.9,47.18,Fail
4718,male,group A,high school,standard,False,8.5,6.4,61.0,76.0,81.0,public,True,232.9,46.58,Fail
4719,female,group C,bachelor degree,standard,False,10.8,7.193586956521739,81.0,69.0,60.0,public,True,227.99358695652174,45.6,Fail
4720,male,group E,associate degree,free/reduced,False,9.66265306122449,4.9,92.0,59.0,92.0,public,True,257.5626530612245,51.51,Pass
4721,male,group B,associate degree,standard,True,7.1,5.4,80.0,69.0,68.0,international,True,229.5,45.9,Fail
4722,female,group B,high school,free/reduced,False,1.5,9.2,65.0,85.0,54.0,public,True,214.7,42.94,Fail
4723,female,group A,high school,standard,True,9.66265306122449,8.0,87.0,83.0,100.0,public,True,287.6626530612245,57.53,Pass
4724,male,group B,master degree,free/reduced,True,9.6,3.3,58.0,76.0,73.0,international,True,219.9,43.98,Fail
4725,male,group B,some college,free/reduced,False,2.6,6.1,69.0,71.13410138248848,81.0,private,True,229.83410138248848,45.97,Fail
4726,female,group A,bachelor degree,standard,True,9.1,9.2,82.0,44.0,66.0,public,True,210.3,42.06,Fail
4727,female,group E,bachelor degree,standard,True,4.9,5.3,78.0,31.0,81.0,public,True,200.2,40.04,Fail
4728,male,group A,associate degree,standard,False,0.5,6.4,73.0,61.0,60.0,public,True,200.9,40.18,Fail
4729,female,group B,high school,standard,True,13.0,6.8,88.0,71.13410138248848,64.0,public,True,242.93410138248848,48.59,Fail
4730,female,group C,associate degree,standard,True,7.8,8.9,55.0,60.0,43.0,public,True,174.7,34.94,Fail
4731,male,group E,bachelor degree,standard,True,5.9,6.8,59.0,71.13410138248848,48.0,public,True,190.83410138248848,38.17,Fail
4732,male,group C,bachelor degree,standard,False,13.7,6.0,70.0,46.0,62.0,public,True,197.7,39.54,Fail
4733,male,group D,bachelor degree,standard,True,14.3,6.7,81.0,71.0,74.0,public,True,247.0,49.4,Fail
4734,male,group B,associate degree,standard,True,2.6,7.8,94.0,86.0,79.0,private,True,269.4,53.88,Pass
4735,male,group D,some college,standard,True,14.3,8.1,65.0,91.0,51.0,public,True,229.4,45.88,Fail
4736,male,group D,bachelor degree,standard,False,9.3,6.0,73.0,67.0,70.46045112781955,public,True,225.76045112781958,45.15,Fail
4737,male,group D,associate degree,standard,False,10.7,8.0,56.0,74.0,41.0,private,False,189.7,37.94,Fail
4738,male,group B,master degree,standard,True,7.3,6.0,52.0,68.0,43.0,public,False,176.3,35.26,Fail
4739,male,group C,some college,standard,True,14.8,6.9,52.0,65.0,99.0,public,True,237.7,47.54,Fail
4740,female,group E,master degree,free/reduced,False,3.4,7.6,68.0,52.0,68.0,public,False,199.0,39.8,Fail
4741,male,group E,high school,free/reduced,True,7.6,6.5,39.0,63.0,87.0,public,True,203.1,40.62,Fail
4742,female,group C,some college,free/reduced,False,9.66265306122449,9.8,71.0,51.0,79.0,public,True,220.4626530612245,44.09,Fail
4743,female,group B,associate degree,standard,False,12.4,8.1,93.0,49.0,64.0,private,True,226.5,45.3,Fail
4744,female,group C,associate degree,standard,True,16.9,5.6,78.0,59.0,73.0,public,True,232.5,46.5,Fail
4745,female,group D,bachelor degree,free/reduced,False,11.2,7.5,65.0,72.0,44.0,public,True,199.7,39.94,Fail
4746,male,group E,master degree,standard,False,19.6,6.8,77.0,65.0,69.0,private,True,237.4,47.48,Fail
4747,female,group B,bachelor degree,free/reduced,False,3.1,7.2,61.0,90.0,60.0,public,True,221.3,44.26,Fail
4748,male,group B,associate degree,standard,True,5.5,6.8,59.0,57.0,72.0,public,True,200.3,40.06,Fail
4749,male,group B,some college,free/reduced,False,12.9,8.0,87.0,44.0,68.0,public,True,219.9,43.98,Fail
4750,male,group B,bachelor degree,free/reduced,True,0.6,7.193586956521739,49.0,71.13410138248848,64.0,international,True,191.92768833901022,38.39,Fail
4751,male,group C,some college,standard,False,14.1,6.2,71.0,74.0,55.0,international,False,220.3,44.06,Fail
4752,male,group D,high school,free/reduced,False,8.6,5.5,63.0,71.13410138248848,71.0,public,True,219.23410138248846,43.85,Fail
4753,male,group E,bachelor degree,standard,False,7.2,8.3,57.0,71.13410138248848,89.0,public,True,232.6341013824885,46.53,Fail
4754,male,group E,high school,standard,False,8.7,7.193586956521739,78.0,77.0,31.0,international,True,201.89358695652174,40.38,Fail
4755,male,group A,bachelor degree,standard,False,8.9,7.6,79.0,71.13410138248848,64.0,public,False,230.6341013824885,46.13,Fail
4756,male,group C,master degree,free/reduced,False,6.5,7.193586956521739,64.0,83.0,73.0,public,True,233.69358695652176,46.74,Fail
4757,female,group C,some college,standard,False,9.7,7.7,61.0,81.0,65.0,international,True,224.4,44.88,Fail
4758,male,group D,bachelor degree,standard,False,10.5,7.2,81.0,50.0,72.0,private,True,220.7,44.14,Fail
4759,female,group C,bachelor degree,standard,True,16.1,6.5,61.0,71.13410138248848,81.0,public,True,235.73410138248846,47.15,Fail
4760,male,group B,associate degree,standard,False,4.1,8.5,64.0,61.0,55.0,public,True,192.6,38.52,Fail
4761,male,group B,high school,standard,False,9.66265306122449,4.4,70.0,56.0,63.0,public,True,203.0626530612245,40.61,Fail
4762,female,group E,high school,free/reduced,True,9.66265306122449,5.1,69.0,83.0,64.0,public,True,230.76265306122448,46.15,Fail
4763,male,group B,bachelor degree,standard,True,11.2,6.1,82.0,49.0,75.0,public,True,223.3,44.66,Fail
4764,male,group C,some college,free/reduced,False,9.66265306122449,6.4,58.0,66.0,69.0,public,True,209.0626530612245,41.81,Fail
4765,male,group E,bachelor degree,standard,False,7.2,6.1,44.0,81.0,55.0,private,False,193.3,38.66,Fail
4766,male,group C,some college,standard,False,13.1,4.7,68.0,71.13410138248848,66.0,international,True,222.93410138248848,44.59,Fail
4767,male,group B,high school,standard,True,9.66265306122449,7.193586956521739,100.0,63.0,53.0,public,True,232.85624001774625,46.57,Fail
4768,male,group E,high school,standard,True,7.7,6.9,58.0,62.0,51.0,private,False,185.6,37.12,Fail
4769,female,group C,high school,standard,True,14.9,8.3,54.0,66.0,45.0,public,True,188.2,37.64,Fail
4770,male,group C,high school,standard,True,10.6,6.7,87.0,83.0,65.0,public,True,252.3,50.46,Pass
4771,male,group D,bachelor degree,free/reduced,False,12.9,7.193586956521739,52.0,71.13410138248848,64.0,private,True,207.22768833901023,41.45,Fail
4772,male,group B,associate degree,free/reduced,False,8.6,5.2,53.0,91.0,73.0,international,True,230.8,46.16,Fail
4773,female,group B,high school,standard,True,10.9,7.2,69.0,78.0,72.0,international,True,237.1,47.42,Fail
4774,female,group C,high school,standard,False,17.5,7.0,84.0,82.0,57.0,private,True,247.5,49.5,Fail
4775,male,group E,high school,standard,False,8.3,9.7,64.0,72.0,51.0,public,True,205.0,41.0,Fail
4776,male,group C,some college,free/reduced,True,3.5,6.1,52.0,87.0,41.0,private,True,189.6,37.92,Fail
4777,female,group B,some college,free/reduced,True,10.8,6.9,51.0,67.0,84.0,public,True,219.7,43.94,Fail
4778,female,group C,high school,standard,True,10.1,6.4,87.0,78.0,54.0,public,True,235.5,47.1,Fail
4779,female,group C,bachelor degree,standard,True,9.9,8.9,72.0,47.0,86.0,international,True,223.8,44.76,Fail
4780,female,group B,high school,standard,False,2.6,3.6,51.0,82.0,66.0,public,True,205.2,41.04,Fail
4781,female,group B,high school,standard,True,11.2,7.8,72.0,76.0,77.0,public,True,244.0,48.8,Fail
4782,male,group B,bachelor degree,standard,True,0.0,7.193586956521739,53.0,88.0,50.0,public,True,198.19358695652176,39.64,Fail
4783,male,group A,some college,free/reduced,False,10.4,6.2,77.0,71.13410138248848,62.0,public,True,226.73410138248846,45.35,Fail
4784,male,group D,high school,free/reduced,False,5.9,7.193586956521739,73.0,79.0,71.0,public,True,236.09358695652173,47.22,Fail
4785,male,group E,associate degree,standard,True,10.4,7.9,64.0,69.0,69.0,public,True,220.3,44.06,Fail
4786,female,group D,high school,free/reduced,False,19.8,6.6,77.0,71.13410138248848,46.0,public,True,220.53410138248847,44.11,Fail
4787,female,group C,high school,free/reduced,False,9.9,7.4,73.0,55.0,74.0,public,True,219.3,43.86,Fail
4788,male,group D,high school,standard,False,10.1,6.1,80.0,80.0,67.0,private,True,243.2,48.64,Fail
4789,male,group B,high school,standard,True,11.2,7.8,47.0,85.0,64.0,public,True,215.0,43.0,Fail
4790,male,group E,high school,standard,True,4.3,6.3,77.0,66.0,85.0,public,True,238.6,47.72,Fail
4791,female,group B,associate degree,standard,True,15.7,8.9,50.0,73.0,53.0,public,True,200.6,40.12,Fail
4792,male,group D,high school,standard,False,13.4,4.8,80.0,50.0,56.0,international,True,204.2,40.84,Fail
4793,female,group E,bachelor degree,standard,False,8.4,5.0,84.0,38.0,93.0,public,True,228.4,45.68,Fail
4794,male,group C,some college,standard,False,9.66265306122449,7.7,64.0,22.0,49.0,public,True,152.36265306122448,30.47,Fail
4795,male,group E,bachelor degree,standard,False,4.6,6.0,64.0,85.0,97.0,public,True,256.6,51.32,Pass
4796,female,group B,high school,standard,False,3.5,5.7,88.0,64.0,71.0,private,True,232.2,46.44,Fail
4797,male,group C,associate degree,standard,False,12.5,6.2,59.0,55.0,44.0,private,True,176.7,35.34,Fail
4798,male,group D,bachelor degree,free/reduced,False,2.1,8.4,94.0,70.0,60.0,public,True,234.5,46.9,Fail
4799,female,group D,some college,standard,True,9.7,8.4,96.0,46.0,74.0,public,True,234.1,46.82,Fail
4800,male,group A,associate degree,standard,True,7.9,8.9,49.0,88.0,63.0,public,True,216.8,43.36,Fail
4801,female,group C,high school,standard,False,11.4,6.7,49.0,66.0,80.0,public,True,213.1,42.62,Fail
4802,female,group C,bachelor degree,standard,True,11.4,6.8,80.0,76.0,72.0,public,True,246.2,49.24,Fail
4803,male,group A,bachelor degree,standard,False,11.4,7.1,43.0,55.0,55.0,public,True,171.5,34.3,Fail
4804,female,group B,high school,free/reduced,False,7.2,5.8,46.0,71.13410138248848,68.0,public,True,198.1341013824885,39.63,Fail
4805,female,group B,high school,standard,True,2.3,7.2,51.0,77.0,79.0,public,True,216.5,43.3,Fail
4806,male,group D,high school,free/reduced,True,13.4,4.5,67.0,71.13410138248848,92.0,public,True,248.03410138248847,49.61,Fail
4807,male,group D,high school,standard,False,11.3,6.0,77.0,91.0,77.0,private,True,262.3,52.46,Pass
4808,female,group E,high school,standard,True,7.3,8.8,56.0,69.0,73.0,public,True,214.1,42.82,Fail
4809,male,group D,some college,free/reduced,False,6.1,6.4,68.0,74.0,81.0,public,True,235.5,47.1,Fail
4810,female,group E,bachelor degree,standard,True,14.5,6.9,75.0,63.0,78.0,public,True,237.4,47.48,Fail
4811,male,group B,bachelor degree,standard,False,10.8,8.3,87.0,90.0,68.0,public,False,264.1,52.82,Pass
4812,male,group D,some college,standard,True,14.7,8.9,82.0,76.0,84.0,public,True,265.6,53.12,Pass
4813,male,group C,associate degree,standard,False,9.4,7.9,74.0,79.0,88.0,public,True,258.3,51.66,Pass
4814,male,group C,associate degree,standard,False,6.6,8.8,65.0,84.0,80.0,public,True,244.4,48.88,Fail
4815,female,group B,some college,free/reduced,True,0.0,9.8,67.0,88.0,71.0,public,True,235.8,47.16,Fail
4816,male,group E,high school,standard,False,9.9,5.8,58.0,75.0,90.0,private,True,238.7,47.74,Fail
4817,female,group D,high school,free/reduced,False,16.3,7.193586956521739,92.0,87.0,55.0,public,True,257.49358695652177,51.5,Pass
4818,male,group C,master degree,standard,True,4.0,9.2,68.0,87.0,44.0,public,True,212.2,42.44,Fail
4819,female,group C,high school,standard,True,11.6,5.3,94.0,75.0,66.0,private,True,251.9,50.38,Pass
4820,male,group A,high school,standard,True,10.6,9.5,59.0,81.0,67.0,public,True,227.1,45.42,Fail
4821,female,group B,some college,free/reduced,True,5.2,9.1,67.0,49.0,68.0,international,True,198.3,39.66,Fail
4822,male,group C,bachelor degree,standard,True,14.4,6.6,47.0,65.0,73.0,public,False,206.0,41.2,Fail
4823,female,group C,high school,standard,False,3.5,7.6,57.0,67.0,85.0,public,True,220.1,44.02,Fail
4824,female,group A,high school,free/reduced,False,20.4,7.2,65.0,75.0,64.0,public,True,231.6,46.32,Fail
4825,female,group D,high school,free/reduced,True,3.9,8.6,81.0,79.0,64.0,public,True,236.5,47.3,Fail
4826,female,group C,master degree,standard,False,10.9,6.0,84.0,66.0,80.0,public,False,246.9,49.38,Fail
4827,male,group B,bachelor degree,standard,True,9.66265306122449,6.0,59.0,77.0,82.0,public,True,233.6626530612245,46.73,Fail
4828,female,group B,associate degree,standard,True,11.5,8.0,72.0,59.0,90.0,private,False,240.5,48.1,Fail
4829,male,group C,high school,standard,True,13.5,9.5,81.0,68.0,70.0,public,True,242.0,48.4,Fail
4830,female,group B,associate degree,standard,False,14.5,7.193586956521739,91.0,99.0,76.0,public,False,287.69358695652176,57.54,Pass
4831,male,group B,bachelor degree,standard,False,6.2,7.9,80.0,63.0,60.0,public,True,217.1,43.42,Fail
4832,male,group D,high school,standard,False,8.8,8.6,50.0,69.0,64.0,public,True,200.4,40.08,Fail
4833,female,group D,associate degree,free/reduced,False,13.2,6.3,57.0,71.0,75.0,private,True,222.5,44.5,Fail
4834,female,group D,high school,free/reduced,True,7.7,6.1,36.0,94.0,64.0,private,True,207.8,41.56,Fail
4835,female,group A,high school,standard,True,8.9,6.5,73.0,47.0,58.0,public,True,193.4,38.68,Fail
4836,female,group A,some college,standard,False,11.8,9.0,61.0,54.0,54.0,public,True,189.8,37.96,Fail
4837,female,group E,master degree,standard,True,11.0,6.8,78.0,95.0,72.0,private,True,262.8,52.56,Pass
4838,female,group E,some college,standard,False,14.4,7.5,75.0,90.0,55.0,international,True,241.9,48.38,Fail
4839,female,group E,some college,free/reduced,True,6.2,6.5,67.0,66.0,71.0,public,True,216.7,43.34,Fail
4840,male,group C,bachelor degree,standard,True,0.0,4.6,72.0,43.0,73.0,public,False,192.6,38.52,Fail
4841,male,group A,high school,standard,True,8.6,9.2,69.0,75.0,77.0,private,True,238.8,47.76,Fail
4842,male,group C,associate degree,standard,False,12.8,7.0,60.0,60.0,57.0,public,True,196.8,39.36,Fail
4843,female,group C,some college,standard,False,3.6,7.7,96.0,60.0,61.0,public,True,228.3,45.66,Fail
4844,female,group E,associate degree,standard,True,10.9,9.4,73.0,65.0,85.0,international,True,243.3,48.66,Fail
4845,male,group B,associate degree,free/reduced,False,9.66265306122449,8.4,63.0,76.0,90.0,public,False,247.0626530612245,49.41,Fail
4846,female,group D,bachelor degree,standard,True,14.2,7.1,61.0,91.0,84.0,public,False,257.3,51.46,Pass
4847,female,group A,associate degree,standard,True,0.0,6.1,77.0,65.0,45.0,private,True,193.1,38.62,Fail
4848,female,group E,bachelor degree,free/reduced,False,5.9,7.193586956521739,100.0,67.0,75.0,private,True,255.09358695652173,51.02,Pass
4849,male,group A,high school,free/reduced,True,12.2,6.8,71.0,59.0,64.0,international,True,213.0,42.6,Fail
4850,male,group D,bachelor degree,free/reduced,False,7.0,4.8,70.0,67.0,64.0,private,True,212.8,42.56,Fail
4851,female,group B,high school,standard,True,9.66265306122449,6.3,68.0,59.0,93.0,international,True,235.9626530612245,47.19,Fail
4852,male,group B,high school,standard,False,10.8,7.0,71.0,44.0,84.0,private,True,216.8,43.36,Fail
4853,male,group A,bachelor degree,standard,False,4.0,7.193586956521739,73.0,97.0,49.0,public,True,230.19358695652176,46.04,Fail
4854,female,group A,associate degree,free/reduced,False,10.6,5.5,56.0,61.0,79.0,private,True,212.1,42.42,Fail
4855,male,group D,some college,free/reduced,False,9.2,8.6,70.0,89.0,90.0,public,True,266.8,53.36,Pass
4856,female,group E,associate degree,standard,False,15.0,7.193586956521739,61.0,75.0,95.0,public,True,253.19358695652176,50.64,Pass
4857,male,group A,some college,standard,True,11.1,4.4,76.0,82.0,77.0,public,True,250.5,50.1,Pass
4858,male,group C,master degree,free/reduced,False,6.7,8.5,57.0,59.0,62.0,private,True,193.2,38.64,Fail
4859,female,group D,some college,standard,True,4.9,5.8,76.0,65.0,70.0,public,False,221.7,44.34,Fail
4860,male,group D,high school,standard,True,9.9,6.8,60.0,81.0,65.0,public,True,222.7,44.54,Fail
4861,male,group C,bachelor degree,standard,True,14.6,5.9,87.0,63.0,69.0,private,True,239.5,47.9,Fail
4862,male,group D,high school,standard,True,5.8,7.8,75.0,75.0,42.0,private,True,205.6,41.12,Fail
4863,male,group B,bachelor degree,standard,True,7.0,5.7,56.0,62.0,75.0,international,False,205.7,41.14,Fail
4864,female,group D,some college,standard,False,19.1,4.6,79.0,63.0,75.0,public,False,240.7,48.14,Fail
4865,female,group E,high school,free/reduced,True,9.7,8.9,49.0,84.0,89.0,public,True,240.6,48.12,Fail
4866,female,group C,associate degree,free/reduced,False,14.9,3.3,77.0,87.0,47.0,private,True,229.2,45.84,Fail
4867,female,group B,high school,standard,False,17.0,6.9,59.0,77.0,57.0,public,True,216.9,43.38,Fail
4868,male,group B,some college,standard,False,10.5,7.9,71.0,72.0,88.0,public,True,249.4,49.88,Fail
4869,male,group C,master degree,standard,False,6.3,8.8,89.0,71.0,79.0,public,True,254.1,50.82,Pass
4870,male,group A,high school,standard,True,0.0,5.4,88.0,100.0,79.0,international,False,272.4,54.48,Pass
4871,male,group A,high school,standard,False,13.4,6.9,65.0,63.0,63.0,public,True,211.3,42.26,Fail
4872,female,group C,high school,standard,True,0.3,5.6,60.0,75.0,70.0,public,True,210.9,42.18,Fail
4873,female,group A,high school,standard,True,7.4,6.1,70.0,62.0,62.0,public,True,207.5,41.5,Fail
4874,male,group C,bachelor degree,free/reduced,False,2.2,9.2,85.0,55.0,49.0,public,True,200.4,40.08,Fail
4875,female,group E,high school,free/reduced,False,10.9,9.4,56.0,58.0,79.0,international,True,213.3,42.66,Fail
4876,male,group E,high school,standard,True,11.3,5.4,74.0,85.0,61.0,public,True,236.7,47.34,Fail
4877,female,group D,high school,standard,True,11.7,7.0,59.0,63.0,83.0,private,True,223.7,44.74,Fail
4878,male,group C,some college,free/reduced,True,10.5,7.4,73.0,57.0,57.0,public,False,204.9,40.98,Fail
4879,male,group E,bachelor degree,free/reduced,False,1.1,6.7,63.0,82.0,70.0,international,True,222.8,44.56,Fail
4880,male,group B,some college,standard,True,4.4,4.5,81.0,83.0,79.0,private,True,251.9,50.38,Pass
4881,male,group D,bachelor degree,free/reduced,True,14.4,7.7,78.0,74.0,67.0,public,True,241.1,48.22,Fail
4882,female,group D,high school,standard,True,1.9,9.0,60.0,86.0,86.0,public,True,242.9,48.58,Fail
4883,male,group B,high school,standard,False,3.2,7.193586956521739,81.0,74.0,75.0,private,True,240.39358695652174,48.08,Fail
4884,male,group D,master degree,standard,True,11.7,4.4,71.0,72.0,79.0,public,True,238.1,47.62,Fail
4885,female,group C,associate degree,standard,False,12.3,7.2,63.0,79.0,76.0,public,True,237.5,47.5,Fail
4886,male,group B,bachelor degree,standard,True,12.7,7.4,59.0,73.0,59.0,public,True,211.1,42.22,Fail
4887,male,group A,associate degree,standard,True,13.0,9.4,93.0,63.0,77.0,public,True,255.4,51.08,Pass
4888,female,group B,associate degree,free/reduced,False,2.3,6.3,88.0,80.0,50.0,public,True,226.6,45.32,Fail
4889,female,group B,associate degree,standard,False,9.5,8.6,76.0,100.0,59.0,public,True,253.1,50.62,Pass
4890,male,group C,associate degree,standard,True,8.5,6.3,48.0,71.13410138248848,83.0,private,True,216.93410138248848,43.39,Fail
4891,male,group D,some college,standard,False,4.4,6.1,61.0,68.0,41.0,public,True,180.5,36.1,Fail
4892,male,group C,high school,standard,False,14.1,6.8,52.0,78.0,77.0,public,True,227.9,45.58,Fail
4893,female,group B,bachelor degree,standard,True,1.8,7.193586956521739,67.0,71.0,73.0,private,True,219.99358695652174,44.0,Fail
4894,female,group A,some college,free/reduced,True,8.9,7.9,42.0,65.0,84.0,international,True,207.8,41.56,Fail
4895,male,group C,bachelor degree,standard,True,14.9,6.4,54.0,82.0,64.0,public,True,221.3,44.26,Fail
4896,female,group B,bachelor degree,free/reduced,True,8.1,6.3,72.0,55.0,72.0,public,True,213.4,42.68,Fail
4897,male,group E,bachelor degree,free/reduced,True,12.6,8.2,64.0,69.0,72.0,public,True,225.8,45.16,Fail
4898,female,group B,bachelor degree,standard,True,5.7,6.3,50.0,71.13410138248848,85.0,international,True,218.1341013824885,43.63,Fail
4899,male,group C,bachelor degree,standard,True,6.1,6.7,63.0,63.0,72.0,public,True,210.8,42.16,Fail
4900,male,group A,some college,standard,False,9.66265306122449,7.3,75.0,62.0,59.0,public,True,212.9626530612245,42.59,Fail
4901,female,group B,associate degree,free/reduced,True,2.9,5.8,94.0,60.0,78.0,public,True,240.7,48.14,Fail
4902,male,group E,bachelor degree,standard,False,4.9,6.0,83.0,58.0,57.0,international,True,208.9,41.78,Fail
4903,female,group D,high school,standard,True,10.6,8.8,57.0,81.0,76.0,international,True,233.4,46.68,Fail
4904,female,group A,associate degree,standard,True,15.6,8.6,77.0,92.0,60.0,public,True,253.2,50.64,Pass
4905,male,group B,high school,standard,False,2.7,6.1,56.0,61.0,45.0,international,True,170.8,34.16,Fail
4906,male,group E,associate degree,free/reduced,True,9.66265306122449,8.4,63.0,83.0,68.0,public,True,232.0626530612245,46.41,Fail
4907,male,group C,high school,free/reduced,True,16.1,6.1,59.0,82.0,79.0,public,True,242.2,48.44,Fail
4908,female,group D,associate degree,standard,False,15.5,3.9,67.0,72.0,68.0,private,True,226.4,45.28,Fail
4909,female,group E,some college,free/reduced,False,0.0,6.8,68.0,79.0,63.0,public,True,216.8,43.36,Fail
4910,male,group E,high school,standard,False,12.8,6.1,65.0,66.0,66.0,private,True,215.9,43.18,Fail
4911,male,group D,high school,standard,True,12.7,7.193586956521739,72.0,82.0,73.0,public,True,246.89358695652174,49.38,Fail
4912,male,group B,high school,standard,True,8.5,6.8,63.0,58.0,53.0,public,True,189.3,37.86,Fail
4913,female,group D,bachelor degree,standard,False,18.7,9.3,76.0,70.0,65.0,private,True,239.0,47.8,Fail
4914,female,group B,associate degree,free/reduced,True,8.9,6.5,64.0,69.0,58.0,public,True,206.4,41.28,Fail
4915,female,group A,high school,standard,True,18.2,5.1,36.0,68.0,79.0,public,True,206.3,41.26,Fail
4916,male,group C,associate degree,standard,True,6.6,5.2,68.0,76.0,51.0,private,True,206.8,41.36,Fail
4917,male,group E,some college,standard,False,9.0,9.8,53.0,75.0,78.0,public,True,224.8,44.96,Fail
4918,male,group C,associate degree,free/reduced,True,3.3,5.7,53.0,68.0,64.0,public,True,194.0,38.8,Fail
4919,female,group D,bachelor degree,standard,False,0.0,6.6,80.0,66.0,95.0,public,True,247.6,49.52,Fail
4920,female,group E,some college,free/reduced,False,12.6,7.4,65.0,81.0,54.0,public,True,220.0,44.0,Fail
4921,male,group E,high school,free/reduced,False,7.7,7.193586956521739,92.0,67.0,74.0,public,True,247.89358695652174,49.58,Fail
4922,male,group E,high school,free/reduced,True,10.5,8.1,100.0,76.0,97.0,public,True,291.6,58.32,Pass
4923,male,group C,high school,standard,False,9.6,6.3,95.0,76.0,84.0,public,True,270.9,54.18,Pass
4924,male,group D,some college,free/reduced,False,16.5,7.1,66.0,68.0,85.0,international,True,242.6,48.52,Fail
4925,male,group D,high school,free/reduced,True,12.6,9.1,83.0,67.0,80.0,public,True,251.7,50.34,Pass
4926,male,group C,high school,free/reduced,False,5.2,7.7,72.0,74.0,53.0,private,True,211.9,42.38,Fail
4927,female,group E,master degree,standard,True,9.2,7.4,71.0,91.0,70.46045112781955,public,False,249.06045112781953,49.81,Fail
4928,male,group B,some college,standard,False,2.9,7.2,66.0,80.0,74.0,public,True,230.1,46.02,Fail
4929,male,group B,high school,free/reduced,False,9.5,6.3,55.0,86.0,59.0,public,True,215.8,43.16,Fail
4930,male,group D,bachelor degree,standard,True,15.4,9.8,76.0,82.0,81.0,public,True,264.2,52.84,Pass
4931,female,group B,bachelor degree,standard,True,5.9,8.0,55.0,52.0,52.0,public,False,172.9,34.58,Fail
4932,female,group D,bachelor degree,standard,False,12.4,4.5,76.0,83.0,78.0,public,False,253.9,50.78,Pass
4933,male,group D,some college,standard,False,1.3,6.8,41.0,67.0,67.0,public,True,183.1,36.62,Fail
4934,male,group E,master degree,free/reduced,True,13.1,4.6,69.0,85.0,70.46045112781955,public,True,242.16045112781956,48.43,Fail
4935,female,group A,high school,standard,False,9.6,7.193586956521739,75.0,71.13410138248848,100.0,public,True,262.9276883390102,52.59,Pass
4936,male,group C,high school,standard,True,11.0,7.7,50.0,45.0,66.0,private,True,179.7,35.94,Fail
4937,female,group B,bachelor degree,standard,False,7.9,8.8,50.0,71.13410138248848,62.0,public,True,199.83410138248848,39.97,Fail
4938,male,group B,some college,standard,True,6.3,7.3,67.0,56.0,61.0,public,False,197.6,39.52,Fail
4939,male,group E,high school,standard,True,10.7,6.8,68.0,53.0,58.0,private,True,196.5,39.3,Fail
4940,male,group E,bachelor degree,standard,False,9.1,7.193586956521739,86.0,71.13410138248848,78.0,public,True,251.42768833901022,50.29,Pass
4941,male,group D,high school,standard,False,9.0,6.1,60.0,71.0,57.0,public,True,203.1,40.62,Fail
4942,female,group A,high school,free/reduced,False,6.8,7.193586956521739,55.0,100.0,61.0,public,False,229.99358695652174,46.0,Fail
4943,male,group A,high school,free/reduced,True,15.8,9.0,93.0,75.0,81.0,private,True,273.8,54.76,Pass
4944,male,group B,high school,standard,False,15.1,6.2,47.0,65.0,74.0,public,True,207.3,41.46,Fail
4945,female,group C,bachelor degree,standard,False,19.1,4.1,70.0,85.0,65.0,public,True,243.2,48.64,Fail
4946,female,group E,associate degree,standard,False,10.1,7.4,79.0,81.0,63.0,public,True,240.5,48.1,Fail
4947,female,group D,some college,standard,False,17.4,6.3,50.0,74.0,68.0,public,True,215.7,43.14,Fail
4948,male,group C,high school,standard,False,10.8,7.4,73.0,67.0,43.0,private,False,201.2,40.24,Fail
4949,male,group A,associate degree,free/reduced,True,10.3,7.2,72.0,67.0,57.0,private,True,213.5,42.7,Fail
4950,male,group C,associate degree,standard,True,2.4,8.2,73.0,69.0,71.0,public,True,223.6,44.72,Fail
4951,female,group B,high school,standard,True,14.2,6.9,63.0,85.0,82.0,public,False,251.1,50.22,Pass
4952,male,group B,high school,standard,True,14.0,7.193586956521739,79.0,67.0,76.0,public,True,243.19358695652176,48.64,Fail
4953,male,group C,high school,standard,True,8.9,8.7,69.0,60.0,60.0,private,True,206.6,41.32,Fail
4954,male,group D,high school,standard,True,10.7,9.0,88.0,79.0,64.0,public,True,250.7,50.14,Pass
4955,female,group E,bachelor degree,standard,False,11.1,7.3,65.0,51.0,100.0,public,True,234.4,46.88,Fail
4956,male,group D,master degree,standard,False,3.9,7.193586956521739,78.0,71.13410138248848,70.46045112781955,private,True,230.6881394668298,46.14,Fail
4957,female,group C,high school,free/reduced,False,4.0,6.3,76.0,67.0,75.0,international,True,228.3,45.66,Fail
4958,female,group A,some college,standard,True,6.2,5.9,65.0,43.0,67.0,private,True,187.1,37.42,Fail
4959,male,group C,bachelor degree,standard,False,9.66265306122449,7.9,51.0,92.0,62.0,private,True,222.5626530612245,44.51,Fail
4960,male,group B,associate degree,free/reduced,True,8.6,9.4,67.0,61.0,69.0,public,True,215.0,43.0,Fail
4961,female,group C,associate degree,free/reduced,True,12.4,8.4,100.0,71.0,90.0,international,True,281.8,56.36,Pass
4962,female,group A,master degree,free/reduced,True,2.9,5.6,88.0,66.0,86.0,international,True,248.5,49.7,Fail
4963,female,group B,some college,standard,True,18.2,9.6,87.0,49.0,41.0,public,True,204.8,40.96,Fail
4964,male,group B,high school,standard,True,7.3,5.1,45.0,79.0,94.0,public,True,230.4,46.08,Fail
4965,male,group A,some college,standard,False,9.66265306122449,7.1,71.0,73.0,70.0,public,True,230.76265306122448,46.15,Fail
4966,female,group D,high school,free/reduced,False,9.0,8.9,71.0,71.13410138248848,74.0,public,True,234.03410138248847,46.81,Fail
4967,female,group B,bachelor degree,standard,False,11.7,7.193586956521739,97.0,93.0,92.0,private,True,300.89358695652174,60.18,Pass
4968,female,group E,high school,standard,False,11.4,7.9,65.0,87.0,47.0,public,True,218.3,43.66,Fail
4969,female,group C,bachelor degree,standard,False,0.0,5.4,55.0,68.0,100.0,public,True,228.4,45.68,Fail
4970,female,group C,bachelor degree,standard,False,9.1,9.3,65.0,93.0,89.0,international,True,265.4,53.08,Pass
4971,female,group B,some college,standard,False,17.7,5.6,56.0,64.0,58.0,public,True,201.3,40.26,Fail
4972,male,group A,master degree,free/reduced,False,10.0,4.8,73.0,83.0,75.0,public,True,245.8,49.16,Fail
4973,female,group C,bachelor degree,standard,True,11.1,5.6,77.0,100.0,61.0,public,False,254.7,50.94,Pass
4974,male,group B,associate degree,free/reduced,False,10.0,7.8,73.0,85.0,64.0,public,True,239.8,47.96,Fail
4975,female,group E,some college,free/reduced,False,15.6,9.5,75.0,71.13410138248848,53.0,public,True,224.23410138248846,44.85,Fail
4976,male,group B,some college,standard,True,7.1,9.3,53.0,70.0,79.0,public,True,218.4,43.68,Fail
4977,male,group E,some college,standard,False,0.6,4.1,79.0,60.0,72.0,public,True,215.7,43.14,Fail
4978,female,group C,bachelor degree,standard,False,11.2,7.1,54.0,100.0,73.0,private,True,245.3,49.06,Fail
4979,male,group E,some college,standard,False,15.5,9.1,67.0,58.0,90.0,public,True,239.6,47.92,Fail
4980,female,group C,bachelor degree,standard,False,13.7,6.9,64.0,74.0,62.0,private,True,220.6,44.12,Fail
4981,male,group E,high school,standard,False,15.0,7.8,79.0,79.0,66.0,public,True,246.8,49.36,Fail
4982,female,group B,master degree,standard,True,7.2,8.2,92.0,80.0,84.0,international,True,271.4,54.28,Pass
4983,female,group B,bachelor degree,standard,True,9.0,7.7,81.0,85.0,61.0,public,True,243.7,48.74,Fail
4984,male,group C,associate degree,free/reduced,False,12.5,9.7,57.0,70.0,74.0,private,True,223.2,44.64,Fail
4985,male,group A,some college,free/reduced,False,11.2,6.8,74.0,71.13410138248848,69.0,public,True,232.1341013824885,46.43,Fail
4986,male,group C,some college,free/reduced,False,3.4,5.9,77.0,83.0,79.0,private,False,248.3,49.66,Fail
4987,female,group B,some college,free/reduced,False,5.3,7.2,84.0,79.0,73.0,public,True,248.5,49.7,Fail
4988,female,group C,high school,free/reduced,True,12.2,7.0,100.0,86.0,36.0,public,True,241.2,48.24,Fail
4989,female,group E,some college,free/reduced,False,7.6,6.1,67.0,60.0,66.0,public,True,206.7,41.34,Fail
4990,male,group C,high school,standard,False,7.5,6.8,71.0,53.0,76.0,public,True,214.3,42.86,Fail
4991,female,group A,high school,free/reduced,False,8.4,6.2,73.0,80.0,68.0,international,True,235.6,47.12,Fail
4992,female,group D,high school,standard,False,5.7,5.4,64.0,72.0,77.0,private,True,224.1,44.82,Fail
4993,female,group E,high school,standard,False,5.4,9.6,67.0,66.0,52.0,public,True,200.0,40.0,Fail
4994,male,group E,associate degree,standard,True,8.4,9.5,50.0,75.0,78.0,public,True,220.9,44.18,Fail
4995,female,group D,high school,standard,False,13.5,7.193586956521739,69.0,72.0,82.0,private,False,243.69358695652176,48.74,Fail
4996,female,group D,bachelor degree,standard,False,13.4,7.3,78.0,78.0,60.0,public,True,236.7,47.34,Fail
4997,female,group A,master degree,standard,True,3.8,6.5,64.0,52.0,75.0,public,True,201.3,40.26,Fail
4998,female,group E,master degree,free/reduced,True,5.1,6.8,60.0,80.0,70.46045112781955,public,True,222.36045112781954,44.47,Fail
4999,male,group D,high school,standard,False,10.0,7.1,78.0,74.0,67.0,public,True,236.1,47.22,Fail
5000,male,group E,associate degree,free/reduced,False,7.5,6.6,76.0,83.0,34.0,private,True,207.1,41.42,Fail
5001,female,group E,high school,free/reduced,True,12.2,7.193586956521739,69.0,42.0,66.0,public,True,196.39358695652174,39.28,Fail
5002,male,group D,high school,free/reduced,True,9.3,8.8,61.0,74.0,71.0,public,True,224.1,44.82,Fail
5003,male,group A,associate degree,free/reduced,False,11.1,5.6,68.0,86.0,70.46045112781955,public,True,241.16045112781956,48.23,Fail
5004,male,group A,associate degree,free/reduced,True,11.4,7.0,55.0,70.0,68.0,public,True,211.4,42.28,Fail
5005,female,group E,bachelor degree,standard,False,6.8,7.1,63.0,63.0,99.0,public,False,238.9,47.78,Fail
5006,female,group D,some college,standard,False,9.9,7.193586956521739,65.0,71.13410138248848,80.0,public,True,233.22768833901023,46.65,Fail
5007,female,group C,associate degree,standard,False,13.0,7.0,95.0,80.0,73.0,public,True,268.0,53.6,Pass
5008,male,group C,some college,standard,False,13.8,6.7,85.0,76.0,69.0,public,False,250.5,50.1,Pass
5009,female,group C,high school,standard,True,8.0,6.7,75.0,74.0,53.0,private,True,216.7,43.34,Fail
5010,female,group B,associate degree,standard,False,9.66265306122449,7.8,43.0,53.0,93.0,international,True,206.4626530612245,41.29,Fail
5011,female,group D,bachelor degree,standard,False,8.8,6.9,82.0,55.0,66.0,international,True,218.7,43.74,Fail
5012,male,group E,high school,standard,True,8.7,5.9,90.0,95.0,73.0,public,True,272.6,54.52,Pass
5013,female,group A,bachelor degree,free/reduced,True,11.4,8.7,57.0,64.0,93.0,public,False,234.1,46.82,Fail
5014,male,group E,high school,standard,True,12.0,7.4,77.0,47.0,70.46045112781955,public,True,213.86045112781954,42.77,Fail
5015,male,group A,bachelor degree,standard,False,22.2,7.7,59.0,63.0,67.0,public,True,218.9,43.78,Fail
5016,female,group C,associate degree,free/reduced,True,2.9,5.7,37.0,65.0,91.0,public,True,201.6,40.32,Fail
5017,male,group B,some college,free/reduced,True,5.9,7.5,61.0,74.0,54.0,public,True,202.4,40.48,Fail
5018,female,group B,bachelor degree,standard,False,5.6,7.9,69.0,67.0,48.0,public,True,197.5,39.5,Fail
5019,female,group D,master degree,standard,True,13.0,6.5,76.0,71.0,78.0,public,True,244.5,48.9,Fail
5020,female,group E,high school,standard,True,12.9,7.193586956521739,77.0,65.0,77.0,private,True,239.09358695652173,47.82,Fail
5021,male,group B,bachelor degree,standard,False,14.6,6.5,100.0,49.0,100.0,private,True,270.1,54.02,Pass
5022,male,group B,high school,standard,False,4.0,6.8,63.0,86.0,100.0,public,True,259.8,51.96,Pass
5023,male,group E,high school,free/reduced,True,5.8,7.193586956521739,53.0,74.0,66.0,public,True,205.99358695652174,41.2,Fail
5024,male,group D,bachelor degree,standard,False,11.6,6.2,72.0,71.13410138248848,88.0,public,True,248.93410138248848,49.79,Fail
5025,male,group D,master degree,standard,False,8.1,7.7,71.0,83.0,83.0,public,False,252.8,50.56,Pass
5026,male,group C,some college,standard,True,10.0,8.2,64.0,74.0,87.0,public,False,243.2,48.64,Fail
5027,female,group C,master degree,standard,True,9.66265306122449,7.7,79.0,93.0,82.0,public,True,271.3626530612245,54.27,Pass
5028,male,group C,high school,free/reduced,False,18.4,8.7,55.0,47.0,82.0,private,True,211.1,42.22,Fail
5029,female,group E,some college,standard,True,11.0,6.5,73.0,77.0,50.0,public,False,217.5,43.5,Fail
5030,male,group A,bachelor degree,standard,True,10.5,8.5,96.0,54.0,52.0,public,True,221.0,44.2,Fail
5031,male,group D,some college,free/reduced,True,12.3,7.193586956521739,91.0,75.0,77.0,public,True,262.49358695652177,52.5,Pass
5032,female,group C,bachelor degree,standard,False,9.66265306122449,7.3,96.0,66.0,47.0,public,True,225.9626530612245,45.19,Fail
5033,female,group B,high school,standard,False,17.9,7.1,84.0,48.0,73.0,private,True,230.0,46.0,Fail
5034,male,group C,bachelor degree,free/reduced,False,6.5,6.8,89.0,84.0,79.0,private,True,265.3,53.06,Pass
5035,male,group E,bachelor degree,free/reduced,False,2.2,6.2,75.0,37.0,83.0,public,True,203.4,40.68,Fail
5036,female,group B,some college,standard,False,9.66265306122449,7.0,95.0,67.0,76.0,public,True,254.6626530612245,50.93,Pass
5037,female,group B,some college,free/reduced,True,11.6,10.6,50.0,64.0,65.0,international,False,201.2,40.24,Fail
5038,female,group C,high school,standard,True,9.66265306122449,7.1,44.0,77.0,53.0,public,True,190.76265306122448,38.15,Fail
5039,male,group D,associate degree,free/reduced,True,5.6,8.8,89.0,74.0,76.0,public,True,253.4,50.68,Pass
5040,male,group B,high school,standard,False,2.3,5.9,59.0,71.13410138248848,76.0,public,True,214.33410138248848,42.87,Fail
5041,male,group D,high school,standard,True,9.1,7.4,71.0,67.0,63.0,public,True,217.5,43.5,Fail
5042,female,group B,high school,standard,True,13.5,7.1,71.0,69.0,77.0,public,True,237.6,47.52,Fail
5043,male,group A,master degree,standard,True,4.7,10.0,85.0,79.0,75.0,public,True,253.7,50.74,Pass
5044,male,group C,bachelor degree,standard,False,12.6,7.3,61.0,68.0,84.0,private,True,232.9,46.58,Fail
5045,male,group D,associate degree,free/reduced,False,8.5,8.2,56.0,73.0,70.0,public,False,215.7,43.14,Fail
5046,male,group B,high school,free/reduced,True,2.4,6.4,78.0,88.0,51.0,public,True,225.8,45.16,Fail
5047,male,group D,some college,standard,False,9.66265306122449,6.4,97.0,84.0,82.0,private,True,279.0626530612245,55.81,Pass
5048,male,group C,some college,standard,False,9.3,4.8,65.0,64.0,86.0,public,True,229.1,45.82,Fail
5049,female,group C,high school,free/reduced,False,11.7,7.6,82.0,82.0,79.0,public,False,262.3,52.46,Pass
5050,female,group B,high school,standard,True,10.7,5.1,82.0,71.13410138248848,88.0,public,True,256.9341013824885,51.39,Pass
5051,male,group A,bachelor degree,free/reduced,False,6.2,9.2,75.0,73.0,70.46045112781955,international,True,233.86045112781954,46.77,Fail
5052,male,group B,high school,free/reduced,False,8.4,6.8,68.0,75.0,52.0,private,True,210.2,42.04,Fail
5053,female,group E,some college,free/reduced,True,8.9,6.5,50.0,68.0,74.0,private,True,207.4,41.48,Fail
5054,male,group D,bachelor degree,standard,False,9.66265306122449,7.7,61.0,71.0,98.0,private,True,247.36265306122448,49.47,Fail
5055,male,group E,high school,standard,True,14.4,8.2,95.0,64.0,76.0,international,True,257.6,51.52,Pass
5056,female,group A,high school,standard,True,9.4,7.0,64.0,70.0,68.0,private,True,218.4,43.68,Fail
5057,female,group E,high school,free/reduced,True,0.9,6.1,93.0,79.0,78.0,private,True,257.0,51.4,Pass
5058,male,group E,high school,standard,True,8.6,8.5,84.0,56.0,58.0,public,False,215.1,43.02,Fail
5059,male,group A,bachelor degree,standard,True,3.3,6.0,76.0,39.0,80.0,public,True,204.3,40.86,Fail
5060,male,group E,associate degree,standard,True,8.8,7.5,100.0,83.0,84.0,private,True,283.3,56.66,Pass
5061,female,group B,high school,standard,False,8.4,6.5,51.0,69.0,70.0,public,True,204.9,40.98,Fail
5062,female,group B,bachelor degree,standard,True,1.7,9.3,86.0,71.0,100.0,public,True,268.0,53.6,Pass
5063,male,group D,bachelor degree,free/reduced,True,5.4,7.4,84.0,72.0,56.0,public,False,224.8,44.96,Fail
5064,female,group D,high school,free/reduced,False,10.5,7.5,71.0,70.0,47.0,public,True,206.0,41.2,Fail
5065,male,group E,master degree,standard,False,7.0,6.8,76.0,78.0,73.0,public,True,240.8,48.16,Fail
5066,male,group A,bachelor degree,free/reduced,False,6.9,8.0,79.0,62.0,73.0,public,True,228.9,45.78,Fail
5067,female,group E,some college,standard,False,8.2,6.4,93.0,71.13410138248848,92.0,public,True,270.73410138248846,54.15,Pass
5068,female,group D,high school,free/reduced,True,6.7,7.8,71.0,63.0,83.0,public,True,231.5,46.3,Fail
5069,male,group D,high school,standard,True,9.1,7.6,64.0,74.0,59.0,public,True,213.7,42.74,Fail
5070,female,group A,associate degree,standard,False,6.7,8.8,56.0,100.0,59.0,international,True,230.5,46.1,Fail
5071,male,group B,some college,standard,False,9.66265306122449,6.8,74.0,93.0,79.0,private,True,262.4626530612245,52.49,Pass
5072,female,group A,bachelor degree,standard,True,10.4,8.4,100.0,69.0,58.0,private,True,245.8,49.16,Fail
5073,female,group B,some college,standard,False,12.1,7.2,68.0,96.0,52.0,public,False,235.3,47.06,Fail
5074,male,group C,high school,free/reduced,True,2.1,9.3,62.0,71.0,38.0,public,False,182.4,36.48,Fail
5075,female,group D,bachelor degree,free/reduced,False,9.66265306122449,7.7,74.0,77.0,66.0,private,True,234.36265306122448,46.87,Fail
5076,male,group D,some college,standard,False,8.5,5.8,65.0,43.0,69.0,public,True,191.3,38.26,Fail
5077,female,group C,bachelor degree,free/reduced,True,11.7,7.7,40.0,86.0,80.0,public,True,225.4,45.08,Fail
5078,male,group D,some college,free/reduced,True,10.4,8.7,65.0,88.0,68.0,public,True,240.1,48.02,Fail
5079,female,group C,some college,standard,True,11.9,7.2,66.0,74.0,53.0,public,True,212.1,42.42,Fail
5080,female,group A,bachelor degree,standard,False,11.3,6.0,77.0,64.0,77.0,public,True,235.3,47.06,Fail
5081,male,group A,high school,standard,False,9.66265306122449,5.7,69.0,62.0,70.46045112781955,public,True,216.82310418904405,43.36,Fail
5082,male,group E,associate degree,free/reduced,False,2.3,6.4,88.0,71.13410138248848,85.0,international,True,252.83410138248848,50.57,Pass
5083,female,group E,high school,free/reduced,False,16.7,7.0,54.0,88.0,70.46045112781955,public,True,236.16045112781956,47.23,Fail
5084,female,group D,associate degree,standard,True,11.1,6.6,72.0,78.0,94.0,public,True,261.7,52.34,Pass
5085,female,group B,some college,standard,False,11.3,6.4,80.0,81.0,59.0,public,True,237.7,47.54,Fail
5086,female,group C,high school,standard,True,12.0,5.3,49.0,60.0,54.0,public,True,180.3,36.06,Fail
5087,female,group C,bachelor degree,standard,True,13.3,7.3,100.0,75.0,74.0,public,True,269.6,53.92,Pass
5088,female,group B,master degree,free/reduced,False,7.5,8.7,75.0,65.0,34.0,private,True,190.2,38.04,Fail
5089,female,group E,high school,standard,False,11.6,6.1,71.0,81.0,68.0,public,True,237.7,47.54,Fail
5090,female,group E,high school,standard,True,9.8,7.193586956521739,55.0,46.0,60.0,public,True,177.99358695652174,35.6,Fail
5091,female,group C,associate degree,free/reduced,False,15.2,8.6,58.0,74.0,74.0,public,True,229.8,45.96,Fail
5092,male,group D,associate degree,standard,True,7.4,6.2,83.0,80.0,70.46045112781955,private,True,247.06045112781953,49.41,Fail
5093,male,group D,high school,free/reduced,True,11.7,7.1,56.0,93.0,63.0,public,True,230.8,46.16,Fail
5094,female,group C,some college,free/reduced,True,3.7,5.4,63.0,71.13410138248848,72.0,public,True,215.23410138248846,43.05,Fail
5095,female,group C,high school,standard,False,9.66265306122449,7.2,83.0,42.0,82.0,private,True,223.86265306122448,44.77,Fail
5096,female,group C,high school,free/reduced,False,10.4,7.6,90.0,81.0,96.0,public,False,285.0,57.0,Pass
5097,female,group B,bachelor degree,standard,False,6.0,5.4,100.0,100.0,67.0,international,True,278.4,55.68,Pass
5098,female,group C,high school,standard,False,7.5,5.8,62.0,63.0,86.0,public,True,224.3,44.86,Fail
5099,female,group A,some college,free/reduced,False,11.2,7.7,88.0,72.0,73.0,international,True,251.9,50.38,Pass
5100,male,group E,high school,standard,False,9.4,6.7,63.0,79.0,66.0,public,True,224.1,44.82,Fail
5101,male,group C,bachelor degree,standard,False,0.5,7.2,76.0,66.0,80.0,international,True,229.7,45.94,Fail
5102,male,group C,associate degree,standard,False,4.1,6.8,70.0,81.0,43.0,private,True,204.9,40.98,Fail
5103,female,group C,high school,free/reduced,False,7.9,5.6,74.0,58.0,80.0,private,True,225.5,45.1,Fail
5104,female,group D,high school,free/reduced,False,18.8,8.0,73.0,68.0,68.0,public,True,235.8,47.16,Fail
5105,female,group A,high school,standard,True,9.2,5.4,71.0,75.0,62.0,international,False,222.6,44.52,Fail
5106,male,group E,high school,free/reduced,True,10.4,8.9,55.0,81.0,65.0,public,True,220.3,44.06,Fail
5107,male,group D,high school,standard,False,13.6,7.2,57.0,85.0,64.0,international,True,226.8,45.36,Fail
5108,female,group B,bachelor degree,standard,True,9.66265306122449,6.1,89.0,67.0,84.0,international,True,255.76265306122448,51.15,Pass
5109,female,group D,master degree,free/reduced,False,8.8,5.1,66.0,87.0,72.0,public,True,238.9,47.78,Fail
5110,male,group B,master degree,standard,True,9.0,6.9,77.0,75.0,75.0,public,True,242.9,48.58,Fail
5111,male,group D,associate degree,free/reduced,False,9.8,6.1,80.0,70.0,76.0,private,True,241.9,48.38,Fail
5112,male,group B,some college,free/reduced,True,10.0,8.3,82.0,78.0,78.0,public,True,256.3,51.26,Pass
5113,male,group E,associate degree,standard,True,9.66265306122449,7.9,64.0,75.0,54.0,private,False,210.5626530612245,42.11,Fail
5114,male,group D,high school,standard,False,4.7,6.8,62.0,89.0,54.0,public,True,216.5,43.3,Fail
5115,female,group E,high school,standard,False,10.0,7.0,60.0,73.0,51.0,international,True,201.0,40.2,Fail
5116,male,group C,bachelor degree,standard,True,13.8,6.6,56.0,88.0,67.0,private,True,231.4,46.28,Fail
5117,male,group C,high school,standard,False,14.5,6.1,47.0,66.0,66.0,public,True,199.6,39.92,Fail
5118,male,group B,some college,standard,True,4.8,7.9,73.0,79.0,75.0,private,True,239.7,47.94,Fail
5119,female,group B,high school,standard,False,8.8,7.6,49.0,82.0,56.0,public,True,203.4,40.68,Fail
5120,male,group B,high school,standard,True,0.0,6.7,76.0,89.0,75.0,public,True,246.7,49.34,Fail
5121,male,group B,high school,standard,False,9.66265306122449,6.4,62.0,60.0,74.0,private,True,212.0626530612245,42.41,Fail
5122,male,group A,some college,free/reduced,False,8.9,9.2,59.0,49.0,80.0,public,False,206.1,41.22,Fail
5123,female,group D,high school,standard,True,10.1,6.0,60.0,95.0,52.0,public,True,223.1,44.62,Fail
5124,male,group C,high school,standard,False,11.4,7.7,78.0,79.0,70.46045112781955,public,True,246.56045112781953,49.31,Fail
5125,male,group C,master degree,standard,True,12.4,7.5,70.0,66.0,94.0,public,True,249.9,49.98,Fail
5126,male,group A,master degree,free/reduced,True,15.2,8.0,100.0,56.0,72.0,international,True,251.2,50.24,Pass
5127,male,group B,associate degree,standard,True,5.4,6.4,69.0,67.0,53.0,public,True,200.8,40.16,Fail
5128,female,group C,high school,standard,False,14.3,6.3,70.0,96.0,81.0,international,True,267.6,53.52,Pass
5129,male,group A,bachelor degree,standard,False,11.5,6.0,62.0,82.0,72.0,private,True,233.5,46.7,Fail
5130,female,group B,bachelor degree,free/reduced,True,17.4,5.4,74.0,63.0,54.0,private,True,213.8,42.76,Fail
5131,female,group B,master degree,standard,True,5.8,8.9,69.0,71.13410138248848,60.0,public,True,214.83410138248848,42.97,Fail
5132,female,group C,some college,standard,True,2.7,7.193586956521739,72.0,78.0,61.0,private,False,220.89358695652174,44.18,Fail
5133,female,group D,high school,standard,False,5.9,5.8,77.0,84.0,59.0,public,True,231.7,46.34,Fail
5134,male,group B,master degree,standard,False,9.66265306122449,6.9,56.0,75.0,85.0,private,True,232.5626530612245,46.51,Fail
5135,male,group B,some college,free/reduced,True,13.6,8.8,87.0,57.0,72.0,private,True,238.4,47.68,Fail
5136,female,group C,high school,standard,True,1.7,7.9,51.0,82.0,88.0,public,True,230.6,46.12,Fail
5137,female,group E,bachelor degree,standard,False,12.4,7.0,99.0,78.0,96.0,public,True,292.4,58.48,Pass
5138,female,group C,associate degree,standard,False,8.5,7.0,76.0,71.0,64.0,public,True,226.5,45.3,Fail
5139,female,group C,high school,standard,True,13.5,8.7,69.0,64.0,69.0,public,True,224.2,44.84,Fail
5140,male,group D,high school,standard,False,9.66265306122449,6.9,52.0,80.0,47.0,public,True,195.5626530612245,39.11,Fail
5141,female,group A,high school,free/reduced,False,8.3,9.9,29.0,86.0,67.0,international,True,200.2,40.04,Fail
5142,female,group C,some college,standard,False,9.5,8.8,90.0,73.0,66.0,public,True,247.3,49.46,Fail
5143,male,group B,some college,free/reduced,True,7.5,5.6,40.0,60.0,97.0,public,True,210.1,42.02,Fail
5144,male,group C,master degree,standard,False,10.4,5.5,75.0,67.0,100.0,public,True,257.9,51.58,Pass
5145,male,group A,high school,standard,True,10.4,7.0,81.0,74.0,60.0,international,True,232.4,46.48,Fail
5146,male,group C,associate degree,standard,False,7.0,6.5,65.0,71.13410138248848,67.0,public,True,216.6341013824885,43.33,Fail
5147,female,group B,associate degree,standard,True,15.6,3.4,77.0,82.0,78.0,public,True,256.0,51.2,Pass
5148,female,group C,bachelor degree,standard,False,19.0,8.9,94.0,64.0,57.0,private,True,242.9,48.58,Fail
5149,male,group C,associate degree,standard,False,10.7,8.6,63.0,57.0,77.0,international,True,216.3,43.26,Fail
5150,male,group C,high school,standard,True,6.2,7.5,36.0,55.0,32.0,public,True,136.7,27.34,Fail
5151,female,group C,high school,standard,False,7.1,8.7,88.0,83.0,63.0,international,True,249.8,49.96,Fail
5152,male,group E,high school,standard,False,9.66265306122449,7.193586956521739,46.0,100.0,94.0,public,False,256.85624001774625,51.37,Pass
5153,female,group C,master degree,standard,False,6.3,6.4,31.0,66.0,70.0,public,True,179.7,35.94,Fail
5154,female,group D,master degree,standard,False,7.2,6.9,82.0,58.0,87.0,public,True,241.1,48.22,Fail
5155,male,group A,some college,standard,True,13.8,6.6,60.0,100.0,62.0,public,False,242.4,48.48,Fail
5156,male,group E,bachelor degree,free/reduced,False,13.6,7.9,82.0,71.13410138248848,70.46045112781955,private,True,245.09455251030806,49.02,Fail
5157,female,group B,high school,standard,False,7.0,8.5,44.0,72.0,69.0,public,True,200.5,40.1,Fail
5158,female,group E,high school,standard,True,2.3,8.0,80.0,85.0,63.0,public,True,238.3,47.66,Fail
5159,female,group D,some college,free/reduced,True,16.5,3.7,87.0,83.0,45.0,public,False,235.2,47.04,Fail
5160,male,group C,bachelor degree,standard,False,9.1,6.9,73.0,67.0,49.0,public,False,205.0,41.0,Fail
5161,female,group B,high school,standard,False,4.9,7.4,53.0,91.0,87.0,international,True,243.3,48.66,Fail
5162,female,group B,some college,standard,False,8.3,7.2,85.0,64.0,83.0,public,True,247.5,49.5,Fail
5163,male,group E,some college,standard,False,8.7,5.9,41.0,72.0,76.0,public,False,203.6,40.72,Fail
5164,male,group C,associate degree,free/reduced,False,5.5,7.4,88.0,65.0,100.0,international,True,265.9,53.18,Pass
5165,female,group D,bachelor degree,free/reduced,False,15.1,7.193586956521739,63.0,86.0,70.0,international,True,241.29358695652172,48.26,Fail
5166,male,group B,high school,standard,False,6.9,6.1,54.0,77.0,74.0,public,True,218.0,43.6,Fail
5167,female,group C,bachelor degree,standard,True,7.6,6.9,76.0,53.0,82.0,public,True,225.5,45.1,Fail
5168,male,group E,associate degree,free/reduced,False,9.66265306122449,5.4,89.0,52.0,87.0,international,True,243.0626530612245,48.61,Fail
5169,male,group A,associate degree,standard,True,16.3,6.3,100.0,78.0,100.0,private,True,300.6,60.12,Pass
5170,male,group E,high school,free/reduced,True,11.5,4.7,83.0,71.13410138248848,78.0,public,True,248.33410138248848,49.67,Fail
5171,male,group C,bachelor degree,standard,True,9.5,6.4,75.0,71.13410138248848,83.0,private,False,245.03410138248847,49.01,Fail
5172,female,group E,some college,standard,False,9.66265306122449,5.4,74.0,77.0,66.0,international,True,232.0626530612245,46.41,Fail
5173,female,group D,high school,free/reduced,False,9.7,9.7,90.0,71.13410138248848,53.0,public,True,233.53410138248847,46.71,Fail
5174,male,group E,high school,standard,False,19.2,4.8,82.0,64.0,62.0,public,True,232.0,46.4,Fail
5175,male,group A,some college,free/reduced,True,13.5,7.193586956521739,84.0,71.13410138248848,96.0,public,True,271.82768833901025,54.37,Pass
5176,male,group B,associate degree,standard,False,0.0,7.2,58.0,79.0,87.0,public,False,231.2,46.24,Fail
5177,female,group D,some college,standard,False,7.6,9.6,76.0,65.0,86.0,private,False,244.2,48.84,Fail
5178,male,group D,some college,standard,False,7.2,7.6,90.0,71.13410138248848,100.0,public,True,275.9341013824885,55.19,Pass
5179,male,group B,high school,standard,False,13.5,6.4,100.0,72.0,73.0,public,True,264.9,52.98,Pass
5180,female,group C,master degree,free/reduced,True,9.66265306122449,9.2,52.0,68.0,60.0,public,True,198.86265306122448,39.77,Fail
5181,male,group D,associate degree,free/reduced,False,15.5,7.7,66.0,87.0,74.0,public,True,250.2,50.04,Pass
5182,female,group C,master degree,free/reduced,True,9.7,7.4,52.0,86.0,83.0,public,True,238.1,47.62,Fail
5183,male,group E,associate degree,standard,True,2.8,6.5,67.0,98.0,95.0,public,True,269.3,53.86,Pass
5184,male,group E,high school,standard,True,10.6,8.9,83.0,58.0,59.0,private,True,219.5,43.9,Fail
5185,female,group D,high school,free/reduced,False,0.9,7.4,81.0,44.0,88.0,public,True,221.3,44.26,Fail
5186,male,group E,some college,standard,False,9.9,5.8,60.0,72.0,70.0,public,True,217.7,43.54,Fail
5187,female,group C,associate degree,free/reduced,False,13.8,6.6,45.0,62.0,75.0,public,True,202.4,40.48,Fail
5188,female,group B,associate degree,standard,True,9.66265306122449,7.2,87.0,68.0,63.0,private,True,234.86265306122448,46.97,Fail
5189,female,group E,high school,free/reduced,True,6.8,8.0,59.0,82.0,77.0,private,True,232.8,46.56,Fail
5190,male,group A,some college,standard,False,6.9,9.1,86.0,58.0,67.0,public,True,227.0,45.4,Fail
5191,male,group A,some college,standard,False,7.9,8.0,77.0,72.0,57.0,public,True,221.9,44.38,Fail
5192,female,group C,master degree,free/reduced,False,4.8,7.193586956521739,59.0,42.0,63.0,public,False,175.99358695652174,35.2,Fail
5193,female,group D,associate degree,standard,False,11.6,6.0,71.0,66.0,43.0,public,True,197.6,39.52,Fail
5194,female,group E,some college,standard,True,8.6,9.3,52.0,84.0,54.0,public,False,207.9,41.58,Fail
5195,male,group E,some college,standard,False,9.5,7.5,59.0,59.0,65.0,public,True,200.0,40.0,Fail
5196,male,group B,some college,standard,False,9.66265306122449,6.5,81.0,71.13410138248848,73.0,public,True,241.29675444371298,48.26,Fail
5197,female,group C,associate degree,standard,False,11.4,7.7,62.0,62.0,88.0,public,False,231.1,46.22,Fail
5198,female,group D,associate degree,free/reduced,False,2.9,9.1,56.0,79.0,67.0,private,True,214.0,42.8,Fail
5199,female,group A,some college,standard,True,5.8,6.4,62.0,76.0,61.0,public,True,211.2,42.24,Fail
5200,female,group C,associate degree,free/reduced,True,12.7,7.1,80.0,53.0,70.46045112781955,international,True,223.26045112781958,44.65,Fail
5201,male,group C,high school,standard,False,14.8,6.7,94.0,73.0,60.0,public,True,248.5,49.7,Fail
5202,male,group E,some college,standard,False,9.66265306122449,6.2,65.0,68.0,65.0,public,True,213.86265306122448,42.77,Fail
5203,female,group D,some college,free/reduced,False,1.6,6.3,99.0,45.0,99.0,public,True,250.9,50.18,Pass
5204,male,group A,associate degree,standard,False,12.4,5.7,36.0,66.0,72.0,public,False,192.1,38.42,Fail
5205,female,group C,high school,standard,False,9.66265306122449,6.4,83.0,81.0,80.0,public,True,260.0626530612245,52.01,Pass
5206,male,group E,high school,standard,True,9.66265306122449,7.1,61.0,60.0,54.0,public,True,191.76265306122448,38.35,Fail
5207,male,group A,high school,standard,True,13.0,8.1,82.0,94.0,81.0,private,True,278.1,55.62,Pass
5208,female,group E,associate degree,standard,True,14.3,5.2,60.0,58.0,67.0,public,True,204.5,40.9,Fail
5209,female,group E,high school,free/reduced,False,0.0,7.4,88.0,73.0,49.0,private,True,217.4,43.48,Fail
5210,female,group E,some college,free/reduced,False,9.66265306122449,7.1,82.0,68.0,71.0,public,True,237.76265306122448,47.55,Fail
5211,female,group C,some college,free/reduced,False,16.3,7.9,80.0,64.0,70.0,public,False,238.2,47.64,Fail
5212,male,group D,high school,standard,False,8.0,6.0,77.0,46.0,70.46045112781955,private,True,207.46045112781957,41.49,Fail
5213,female,group E,some college,standard,True,7.8,8.3,71.0,85.0,70.46045112781955,public,True,242.56045112781953,48.51,Fail
5214,male,group A,high school,standard,True,3.9,7.193586956521739,33.0,45.0,81.0,public,True,170.09358695652173,34.02,Fail
5215,female,group C,some college,free/reduced,False,8.3,8.2,81.0,68.0,74.0,public,True,239.5,47.9,Fail
5216,male,group B,high school,free/reduced,True,9.66265306122449,7.8,79.0,67.0,63.0,public,True,226.4626530612245,45.29,Fail
5217,female,group B,some college,standard,False,0.3,5.3,78.0,83.0,80.0,public,True,246.6,49.32,Fail
5218,female,group E,high school,free/reduced,True,15.9,7.7,82.0,71.13410138248848,81.0,public,False,257.73410138248846,51.55,Pass
5219,male,group A,high school,standard,False,11.4,7.9,100.0,80.0,87.0,public,False,286.3,57.26,Pass
5220,female,group C,associate degree,standard,True,10.4,5.8,69.0,79.0,81.0,public,True,245.2,49.04,Fail
5221,female,group C,some college,free/reduced,False,2.9,7.4,67.0,100.0,76.0,public,True,253.3,50.66,Pass
5222,male,group E,associate degree,standard,False,10.2,5.5,77.0,75.0,61.0,public,True,228.7,45.74,Fail
5223,male,group A,master degree,standard,True,12.0,7.193586956521739,61.0,98.0,81.0,private,True,259.19358695652176,51.84,Pass
5224,male,group C,some college,standard,False,5.3,6.8,63.0,44.0,65.0,public,True,184.1,36.82,Fail
5225,female,group A,some college,free/reduced,False,11.3,7.193586956521739,100.0,75.0,91.0,public,True,284.49358695652177,56.9,Pass
5226,female,group C,high school,standard,True,5.7,7.193586956521739,74.0,68.0,57.0,public,True,211.89358695652174,42.38,Fail
5227,male,group B,associate degree,standard,False,9.66265306122449,7.193586956521739,81.0,82.0,65.0,private,True,244.85624001774625,48.97,Fail
5228,male,group C,some college,standard,False,0.0,7.193586956521739,89.0,71.13410138248848,78.0,public,True,245.32768833901022,49.07,Fail
5229,female,group C,some college,standard,False,8.8,6.8,85.0,78.0,70.46045112781955,public,True,249.06045112781953,49.81,Fail
5230,male,group D,high school,free/reduced,False,9.3,9.3,61.0,82.0,100.0,public,True,261.6,52.32,Pass
5231,female,group E,bachelor degree,standard,False,8.8,4.6,59.0,81.0,60.0,public,True,213.4,42.68,Fail
5232,female,group A,bachelor degree,standard,True,9.66265306122449,5.9,49.0,83.0,71.0,public,True,218.5626530612245,43.71,Fail
5233,female,group E,master degree,free/reduced,True,16.0,7.8,92.0,83.0,75.0,public,True,273.8,54.76,Pass
5234,male,group D,high school,standard,False,13.6,6.0,92.0,69.0,69.0,international,True,249.6,49.92,Fail
5235,male,group B,high school,standard,False,14.4,7.193586956521739,71.0,56.0,71.0,public,False,219.59358695652173,43.92,Fail
5236,female,group A,bachelor degree,free/reduced,True,3.1,4.7,77.0,83.0,78.0,public,True,245.8,49.16,Fail
5237,male,group D,associate degree,standard,True,4.2,7.193586956521739,61.0,47.0,69.0,private,True,188.39358695652174,37.68,Fail
5238,female,group D,high school,standard,False,7.1,6.1,83.0,97.0,63.0,public,True,256.2,51.24,Pass
5239,female,group C,high school,standard,True,11.7,7.6,55.0,73.0,92.0,public,True,239.3,47.86,Fail
5240,female,group E,high school,standard,False,17.2,9.6,98.0,74.0,53.0,private,True,251.8,50.36,Pass
5241,female,group D,associate degree,standard,True,12.1,8.2,53.0,80.0,76.0,public,True,229.3,45.86,Fail
5242,male,group B,associate degree,standard,False,10.6,7.0,85.0,73.0,76.0,public,True,251.6,50.32,Pass
5243,male,group C,high school,standard,False,9.66265306122449,8.6,80.0,68.0,76.0,public,False,242.26265306122448,48.45,Fail
5244,male,group B,high school,standard,False,2.7,8.1,54.0,59.0,56.0,private,True,179.8,35.96,Fail
5245,male,group C,some college,free/reduced,True,26.1,6.7,61.0,64.0,78.0,public,True,235.8,47.16,Fail
5246,female,group E,high school,standard,True,12.4,7.9,83.0,58.0,53.0,public,True,214.3,42.86,Fail
5247,female,group B,master degree,standard,True,9.66265306122449,5.1,84.0,81.0,62.0,public,True,241.76265306122448,48.35,Fail
5248,female,group E,high school,standard,True,9.2,7.2,66.0,94.0,72.0,private,True,248.4,49.68,Fail
5249,female,group C,high school,free/reduced,False,0.0,8.7,78.0,79.0,61.0,public,False,226.7,45.34,Fail
5250,male,group C,associate degree,free/reduced,True,10.7,8.0,56.0,86.0,42.0,public,True,202.7,40.54,Fail
5251,male,group D,master degree,standard,True,0.0,7.2,65.0,83.0,70.46045112781955,public,True,225.66045112781956,45.13,Fail
5252,male,group A,associate degree,standard,False,7.9,7.4,74.0,68.0,73.0,international,True,230.3,46.06,Fail
5253,male,group C,some college,standard,True,6.7,9.9,74.0,71.13410138248848,66.0,public,True,227.73410138248846,45.55,Fail
5254,male,group E,high school,free/reduced,False,14.8,6.8,88.0,70.0,56.0,public,True,235.6,47.12,Fail
5255,male,group D,bachelor degree,standard,False,10.4,7.4,51.0,71.13410138248848,84.0,international,False,223.93410138248848,44.79,Fail
5256,male,group C,associate degree,standard,True,9.2,7.5,72.0,73.0,94.0,private,False,255.7,51.14,Pass
5257,female,group B,some college,free/reduced,False,9.66265306122449,7.193586956521739,79.0,85.0,75.0,private,True,255.85624001774625,51.17,Pass
5258,female,group B,high school,free/reduced,False,9.6,8.7,31.0,68.0,63.0,public,True,180.3,36.06,Fail
5259,female,group E,some college,standard,True,14.8,3.5,75.0,66.0,76.0,public,True,235.3,47.06,Fail
5260,female,group E,high school,free/reduced,False,12.4,7.8,60.0,70.0,64.0,public,True,214.2,42.84,Fail
5261,female,group D,associate degree,standard,True,8.7,7.5,68.0,55.0,59.0,public,True,198.2,39.64,Fail
5262,female,group C,some college,standard,False,8.1,5.2,66.0,54.0,73.0,public,True,206.3,41.26,Fail
5263,female,group A,some college,standard,False,8.4,7.8,71.0,71.0,94.0,private,True,252.2,50.44,Pass
5264,female,group B,high school,standard,False,19.9,5.2,81.0,91.0,73.0,international,False,270.1,54.02,Pass
5265,male,group B,some college,standard,False,3.2,7.7,44.0,78.0,63.0,public,True,195.9,39.18,Fail
5266,male,group C,high school,standard,True,12.2,5.3,96.0,80.0,94.0,public,True,287.5,57.5,Pass
5267,male,group D,bachelor degree,standard,True,13.3,7.5,64.0,82.0,66.0,public,True,232.8,46.56,Fail
5268,male,group B,bachelor degree,free/reduced,False,0.4,5.6,71.0,72.0,64.0,public,True,213.0,42.6,Fail
5269,female,group E,bachelor degree,free/reduced,True,16.1,8.9,54.0,84.0,75.0,public,True,238.0,47.6,Fail
5270,female,group B,high school,standard,False,5.0,7.8,70.0,71.13410138248848,49.0,international,True,202.93410138248848,40.59,Fail
5271,female,group C,high school,standard,True,14.9,7.3,67.0,88.0,89.0,private,True,266.2,53.24,Pass
5272,male,group D,high school,free/reduced,True,1.4,7.0,50.0,37.0,71.0,public,True,166.4,33.28,Fail
5273,female,group C,high school,standard,False,15.7,6.4,77.0,75.0,63.0,public,True,237.1,47.42,Fail
5274,female,group C,some college,standard,False,11.0,7.5,48.0,69.0,73.0,public,True,208.5,41.7,Fail
5275,male,group B,high school,standard,False,16.0,8.8,70.0,81.0,66.0,public,False,241.8,48.36,Fail
5276,female,group A,some college,free/reduced,False,11.3,9.0,73.0,63.0,57.0,private,True,213.3,42.66,Fail
5277,female,group E,high school,free/reduced,False,5.5,5.2,89.0,66.0,56.0,public,True,221.7,44.34,Fail
5278,female,group B,high school,free/reduced,True,13.0,6.7,63.0,70.0,72.0,international,True,224.7,44.94,Fail
5279,female,group A,associate degree,free/reduced,True,5.2,5.8,55.0,71.13410138248848,62.0,private,True,199.1341013824885,39.83,Fail
5280,male,group E,high school,standard,False,9.66265306122449,5.9,64.0,81.0,64.0,international,True,224.5626530612245,44.91,Fail
5281,female,group E,bachelor degree,standard,False,11.7,7.5,55.0,83.0,57.0,public,False,214.2,42.84,Fail
5282,female,group B,high school,standard,False,8.4,8.6,48.0,78.0,69.0,public,True,212.0,42.4,Fail
5283,female,group E,some college,standard,False,14.7,7.8,48.0,75.0,79.0,public,True,224.5,44.9,Fail
5284,male,group E,high school,standard,False,3.2,8.0,66.0,64.0,70.0,public,True,211.2,42.24,Fail
5285,female,group C,bachelor degree,standard,False,13.4,6.9,86.0,61.0,57.0,private,True,224.3,44.86,Fail
5286,male,group B,some college,free/reduced,False,9.66265306122449,6.9,77.0,74.0,59.0,public,False,226.5626530612245,45.31,Fail
5287,male,group C,high school,standard,False,9.66265306122449,5.3,50.0,69.0,77.0,international,True,210.9626530612245,42.19,Fail
5288,male,group E,high school,standard,False,12.0,6.6,69.0,77.0,94.0,private,True,258.6,51.72,Pass
5289,male,group B,high school,standard,True,11.1,8.0,90.0,100.0,67.0,private,True,276.1,55.22,Pass
5290,female,group A,high school,standard,False,7.1,7.193586956521739,87.0,88.0,78.0,public,False,267.2935869565217,53.46,Pass
5291,male,group A,high school,standard,False,12.2,7.1,67.0,85.0,79.0,international,True,250.3,50.06,Pass
5292,male,group B,high school,standard,True,12.3,8.2,95.0,56.0,77.0,public,True,248.5,49.7,Fail
5293,male,group E,high school,free/reduced,False,12.6,9.1,54.0,51.0,69.0,international,True,195.7,39.14,Fail
5294,female,group C,high school,standard,True,9.66265306122449,7.6,97.0,52.0,80.0,private,True,246.26265306122448,49.25,Fail
5295,male,group A,high school,standard,False,11.7,6.8,88.0,71.13410138248848,58.0,public,True,235.6341013824885,47.13,Fail
5296,female,group C,associate degree,free/reduced,False,9.66265306122449,7.3,58.0,93.0,77.0,private,True,244.9626530612245,48.99,Fail
5297,female,group E,some college,free/reduced,True,15.9,6.0,100.0,66.0,65.0,public,True,252.9,50.58,Pass
5298,female,group A,bachelor degree,free/reduced,False,9.6,6.0,42.0,65.0,66.0,public,True,188.6,37.72,Fail
5299,male,group C,some college,standard,False,9.66265306122449,7.9,67.0,67.0,74.0,public,True,225.5626530612245,45.11,Fail
5300,female,group D,some college,standard,False,9.1,6.5,83.0,88.0,76.0,private,False,262.6,52.52,Pass
5301,female,group D,some college,standard,True,16.0,7.4,59.0,71.13410138248848,54.0,public,True,207.53410138248847,41.51,Fail
5302,female,group A,high school,standard,False,9.8,8.2,70.0,69.0,70.46045112781955,public,True,227.46045112781957,45.49,Fail
5303,female,group C,high school,free/reduced,False,15.1,6.8,85.0,81.0,45.0,public,True,232.9,46.58,Fail
5304,male,group A,high school,free/reduced,False,6.7,7.193586956521739,55.0,81.0,84.0,public,True,233.89358695652174,46.78,Fail
5305,female,group C,some college,standard,True,4.4,3.6,50.0,78.0,72.0,public,False,208.0,41.6,Fail
5306,male,group B,associate degree,standard,False,0.5,8.2,92.0,69.0,90.0,private,False,259.7,51.94,Pass
5307,male,group D,high school,standard,False,11.3,4.0,61.0,79.0,63.0,public,True,218.3,43.66,Fail
5308,female,group B,master degree,standard,False,11.3,7.2,75.0,91.0,70.0,public,True,254.5,50.9,Pass
5309,male,group C,high school,standard,False,14.8,8.5,67.0,60.0,80.0,public,True,230.3,46.06,Fail
5310,male,group B,associate degree,free/reduced,False,11.7,7.193586956521739,75.0,79.0,78.0,public,True,250.89358695652174,50.18,Pass
5311,female,group C,high school,free/reduced,True,3.1,8.0,80.0,76.0,71.0,public,True,238.1,47.62,Fail
5312,male,group C,some college,standard,True,10.7,7.6,46.0,85.0,48.0,public,True,197.3,39.46,Fail
5313,female,group B,associate degree,standard,False,22.8,10.6,81.0,50.0,46.0,private,True,210.4,42.08,Fail
5314,female,group A,associate degree,free/reduced,True,9.6,7.6,57.0,64.0,62.0,public,True,200.2,40.04,Fail
5315,male,group B,high school,standard,False,9.2,7.9,62.0,64.0,72.0,public,True,215.1,43.02,Fail
5316,male,group C,master degree,standard,False,7.5,4.6,79.0,72.0,78.0,private,False,241.1,48.22,Fail
5317,male,group C,bachelor degree,standard,False,6.6,7.8,71.0,56.0,58.0,public,True,199.4,39.88,Fail
5318,female,group B,high school,free/reduced,False,0.0,8.5,36.0,56.0,58.0,private,True,158.5,31.7,Fail
5319,male,group E,some college,free/reduced,True,13.3,7.7,69.0,80.0,68.0,public,True,238.0,47.6,Fail
5320,female,group D,bachelor degree,standard,False,9.66265306122449,7.193586956521739,100.0,84.0,95.0,private,True,295.85624001774625,59.17,Pass
5321,male,group E,some college,standard,True,9.0,10.2,60.0,64.0,85.0,private,True,228.2,45.64,Fail
5322,male,group C,some college,standard,False,5.5,8.5,76.0,82.0,70.46045112781955,public,True,242.46045112781957,48.49,Fail
5323,male,group B,some college,standard,False,12.4,7.3,44.0,80.0,91.0,private,True,234.7,46.94,Fail
5324,male,group C,high school,free/reduced,False,11.9,7.193586956521739,88.0,55.0,68.0,international,True,230.09358695652173,46.02,Fail
5325,female,group B,some college,free/reduced,False,10.7,5.1,51.0,95.0,60.0,public,True,221.8,44.36,Fail
5326,female,group B,bachelor degree,free/reduced,False,9.2,7.1,65.0,60.0,81.0,public,True,222.3,44.46,Fail
5327,female,group A,associate degree,standard,True,7.0,6.4,91.0,55.0,62.0,public,True,221.4,44.28,Fail
5328,female,group D,high school,standard,False,14.6,5.0,68.0,49.0,70.46045112781955,private,True,207.06045112781953,41.41,Fail
5329,female,group D,associate degree,standard,False,13.3,9.3,75.0,49.0,80.0,public,True,226.6,45.32,Fail
5330,male,group C,bachelor degree,standard,False,17.3,7.4,60.0,73.0,52.0,public,False,209.7,41.94,Fail
5331,male,group E,bachelor degree,standard,True,15.8,7.7,79.0,78.0,59.0,public,False,239.5,47.9,Fail
5332,female,group B,high school,standard,True,10.4,6.7,76.0,99.0,75.0,public,True,267.1,53.42,Pass
5333,female,group B,high school,standard,True,11.0,8.4,60.0,43.0,79.0,public,True,201.4,40.28,Fail
5334,female,group E,high school,standard,False,14.6,7.7,91.0,42.0,70.46045112781955,international,False,225.76045112781958,45.15,Fail
5335,male,group A,high school,standard,True,0.0,9.0,43.0,65.0,52.0,public,True,169.0,33.8,Fail
5336,male,group E,associate degree,standard,False,14.2,8.7,86.0,62.0,55.0,public,True,225.9,45.18,Fail
5337,male,group D,master degree,standard,False,12.4,7.1,81.0,71.13410138248848,58.0,private,False,229.6341013824885,45.93,Fail
5338,female,group A,high school,standard,False,10.6,7.9,88.0,73.0,81.0,private,True,260.5,52.1,Pass
5339,male,group C,some college,standard,False,6.1,6.5,63.0,100.0,86.0,public,True,261.6,52.32,Pass
5340,male,group B,bachelor degree,standard,False,21.7,9.6,40.0,73.0,66.0,public,True,210.3,42.06,Fail
5341,female,group A,associate degree,standard,True,2.7,7.193586956521739,65.0,68.0,80.0,public,True,222.89358695652174,44.58,Fail
5342,female,group A,high school,standard,False,13.3,10.2,64.0,57.0,77.0,public,True,221.5,44.3,Fail
5343,female,group C,high school,standard,False,6.1,5.8,52.0,57.0,83.0,private,True,203.9,40.78,Fail
5344,female,group C,associate degree,standard,False,9.6,7.6,90.0,100.0,82.0,public,True,289.2,57.84,Pass
5345,female,group C,high school,standard,True,12.8,7.8,68.0,71.13410138248848,63.0,public,False,222.73410138248846,44.55,Fail
5346,female,group B,bachelor degree,standard,False,10.4,7.3,60.0,71.13410138248848,81.0,public,True,229.83410138248848,45.97,Fail
5347,male,group E,some college,standard,True,3.6,6.7,38.0,60.0,61.0,public,True,169.3,33.86,Fail
5348,male,group B,high school,standard,False,7.5,6.7,73.0,55.0,65.0,private,True,207.2,41.44,Fail
5349,female,group C,master degree,standard,True,12.6,7.1,81.0,44.0,71.0,public,True,215.7,43.14,Fail
5350,male,group C,some college,standard,False,14.4,8.6,82.0,68.0,63.0,public,True,236.0,47.2,Fail
5351,male,group C,associate degree,standard,False,3.8,9.2,67.0,74.0,49.0,public,True,203.0,40.6,Fail
5352,male,group E,high school,standard,False,10.6,4.9,58.0,71.0,100.0,public,False,244.5,48.9,Fail
5353,female,group D,high school,standard,True,8.4,8.9,71.0,64.0,89.0,public,True,241.3,48.26,Fail
5354,male,group C,bachelor degree,standard,True,17.8,8.0,69.0,77.0,62.0,public,True,233.8,46.76,Fail
5355,male,group C,high school,standard,False,8.9,8.8,67.0,88.0,72.0,public,True,244.7,48.94,Fail
5356,male,group A,high school,free/reduced,False,6.5,5.7,85.0,71.0,85.0,public,True,253.2,50.64,Pass
5357,female,group D,associate degree,standard,True,9.6,8.9,46.0,82.0,77.0,public,True,223.5,44.7,Fail
5358,female,group C,high school,free/reduced,False,13.2,9.0,73.0,69.0,71.0,public,True,235.2,47.04,Fail
5359,female,group B,master degree,free/reduced,False,6.7,6.1,68.0,83.0,78.0,public,True,241.8,48.36,Fail
5360,female,group A,high school,standard,True,6.8,5.8,77.0,72.0,72.0,public,True,233.6,46.72,Fail
5361,female,group E,associate degree,standard,True,9.66265306122449,9.0,37.0,61.0,69.0,public,True,185.6626530612245,37.13,Fail
5362,female,group C,some college,free/reduced,False,9.66265306122449,7.8,51.0,71.13410138248848,100.0,public,True,239.59675444371297,47.92,Fail
5363,male,group E,high school,standard,True,9.4,7.193586956521739,55.0,80.0,48.0,public,True,199.59358695652173,39.92,Fail
5364,female,group C,associate degree,standard,False,10.2,7.4,60.0,82.0,81.0,public,True,240.6,48.12,Fail
5365,male,group E,associate degree,standard,True,11.7,10.0,55.0,76.0,85.0,public,True,237.7,47.54,Fail
5366,female,group C,master degree,standard,True,11.4,7.4,63.0,83.0,82.0,public,True,246.8,49.36,Fail
5367,male,group C,high school,standard,True,3.1,7.1,71.0,78.0,66.0,international,True,225.2,45.04,Fail
5368,male,group A,bachelor degree,standard,True,13.9,6.3,47.0,74.0,94.0,international,True,235.2,47.04,Fail
5369,male,group A,high school,standard,False,10.1,7.8,71.0,62.0,71.0,public,True,221.9,44.38,Fail
5370,male,group B,associate degree,standard,False,11.6,7.1,49.0,63.0,51.0,public,False,181.7,36.34,Fail
5371,male,group C,associate degree,standard,False,5.0,5.7,80.0,80.0,76.0,public,True,246.7,49.34,Fail
5372,female,group D,high school,standard,False,14.3,7.1,59.0,34.0,94.0,public,True,208.4,41.68,Fail
5373,female,group D,master degree,free/reduced,True,14.1,5.1,77.0,69.0,69.0,public,True,234.2,46.84,Fail
5374,female,group E,high school,standard,True,5.7,8.5,71.0,75.0,56.0,public,True,216.2,43.24,Fail
5375,male,group B,some college,free/reduced,True,0.0,7.7,63.0,100.0,78.0,public,True,248.7,49.74,Fail
5376,male,group C,master degree,standard,False,13.4,7.0,79.0,55.0,72.0,private,False,226.4,45.28,Fail
5377,male,group D,associate degree,standard,False,6.4,5.2,49.0,73.0,70.0,public,True,203.6,40.72,Fail
5378,male,group B,high school,standard,False,6.6,7.193586956521739,50.0,48.0,68.0,international,False,179.79358695652172,35.96,Fail
5379,female,group B,associate degree,standard,False,8.2,4.9,36.0,50.0,60.0,public,False,159.1,31.82,Fail
5380,female,group C,associate degree,standard,False,12.6,5.7,85.0,67.0,59.0,public,True,229.3,45.86,Fail
5381,female,group B,bachelor degree,standard,False,3.8,5.2,60.0,61.0,83.0,public,True,213.0,42.6,Fail
5382,female,group D,some college,standard,False,9.66265306122449,6.2,71.0,100.0,73.0,private,True,259.8626530612245,51.97,Pass
5383,male,group A,bachelor degree,free/reduced,True,2.4,8.8,82.0,56.0,70.46045112781955,international,True,219.66045112781956,43.93,Fail
5384,female,group B,some college,free/reduced,True,10.5,7.3,61.0,46.0,49.0,public,True,173.8,34.76,Fail
5385,female,group D,associate degree,free/reduced,False,9.66265306122449,6.7,46.0,68.0,52.0,public,True,182.36265306122448,36.47,Fail
5386,female,group B,high school,free/reduced,True,1.0,6.2,90.0,58.0,56.0,public,True,211.2,42.24,Fail
5387,female,group D,high school,standard,False,4.4,7.4,76.0,78.0,62.0,international,True,227.8,45.56,Fail
5388,male,group C,bachelor degree,free/reduced,True,11.0,10.3,79.0,93.0,74.0,public,True,267.3,53.46,Pass
5389,male,group B,high school,standard,True,4.8,8.0,60.0,54.0,68.0,public,True,194.8,38.96,Fail
5390,female,group B,some college,free/reduced,True,9.1,4.7,77.0,65.0,73.0,public,True,228.8,45.76,Fail
5391,female,group E,high school,standard,False,13.8,6.3,28.0,59.0,54.0,public,True,161.1,32.22,Fail
5392,male,group E,high school,standard,True,13.1,7.193586956521739,70.0,74.0,54.0,public,True,218.29358695652172,43.66,Fail
5393,male,group A,associate degree,standard,True,12.4,8.2,68.0,97.0,84.0,public,True,269.6,53.92,Pass
5394,male,group E,high school,standard,True,12.7,9.0,53.0,70.0,76.0,public,True,220.7,44.14,Fail
5395,male,group B,high school,standard,True,7.8,8.7,57.0,67.0,100.0,public,True,240.5,48.1,Fail
5396,male,group B,some college,free/reduced,True,10.7,7.5,84.0,77.0,70.46045112781955,public,True,249.66045112781956,49.93,Fail
5397,female,group A,high school,free/reduced,False,8.6,5.5,60.0,80.0,70.0,public,True,224.1,44.82,Fail
5398,female,group C,high school,standard,False,15.3,5.3,62.0,71.0,68.0,international,True,221.6,44.32,Fail
5399,female,group E,high school,standard,True,4.5,7.0,71.0,68.0,94.0,international,True,244.5,48.9,Fail
5400,male,group B,some college,standard,True,12.9,5.5,50.0,70.0,70.46045112781955,public,True,208.86045112781954,41.77,Fail
5401,female,group B,high school,standard,True,9.66265306122449,7.7,58.0,54.0,79.0,public,True,208.36265306122448,41.67,Fail
5402,male,group D,high school,standard,False,3.2,8.2,100.0,84.0,62.0,private,True,257.4,51.48,Pass
5403,male,group B,some college,standard,False,8.4,5.7,67.0,79.0,54.0,public,False,214.1,42.82,Fail
5404,female,group B,bachelor degree,standard,False,8.6,8.0,67.0,44.0,82.0,public,True,209.6,41.92,Fail
5405,female,group B,high school,standard,True,10.1,8.0,63.0,72.0,80.0,public,False,233.1,46.62,Fail
5406,female,group D,high school,standard,True,8.5,7.2,68.0,49.0,65.0,public,True,197.7,39.54,Fail
5407,male,group D,master degree,standard,False,9.9,7.9,87.0,62.0,62.0,public,True,228.8,45.76,Fail
5408,male,group D,high school,standard,False,10.2,8.0,72.0,51.0,70.0,international,True,211.2,42.24,Fail
5409,female,group E,some college,free/reduced,False,8.3,9.9,63.0,85.0,70.46045112781955,public,True,236.66045112781956,47.33,Fail
5410,male,group B,associate degree,free/reduced,True,9.8,6.1,39.0,92.0,99.0,public,True,245.9,49.18,Fail
5411,female,group C,associate degree,standard,False,6.6,5.9,47.0,71.13410138248848,81.0,public,True,211.6341013824885,42.33,Fail
5412,female,group D,associate degree,free/reduced,True,9.66265306122449,6.9,83.0,76.0,89.0,international,True,264.5626530612245,52.91,Pass
5413,female,group C,bachelor degree,free/reduced,False,13.1,6.5,54.0,78.0,59.0,public,False,210.6,42.12,Fail
5414,female,group B,master degree,standard,True,15.8,7.0,65.0,62.0,82.0,private,True,231.8,46.36,Fail
5415,female,group B,bachelor degree,free/reduced,True,0.1,7.193586956521739,82.0,74.0,83.0,public,True,246.29358695652172,49.26,Fail
5416,male,group E,associate degree,standard,False,18.5,10.0,60.0,56.0,67.0,public,True,211.5,42.3,Fail
5417,male,group C,high school,free/reduced,False,4.5,5.3,91.0,76.0,42.0,public,True,218.8,43.76,Fail
5418,male,group D,bachelor degree,standard,False,14.6,9.0,93.0,70.0,71.0,public,True,257.6,51.52,Pass
5419,female,group C,high school,free/reduced,False,9.66265306122449,7.3,87.0,72.0,78.0,private,True,253.9626530612245,50.79,Pass
5420,female,group C,some college,standard,True,0.0,6.5,78.0,100.0,70.46045112781955,public,True,254.96045112781957,50.99,Pass
5421,female,group A,some college,standard,True,9.66265306122449,6.5,50.0,65.0,44.0,public,True,175.1626530612245,35.03,Fail
5422,male,group C,associate degree,standard,True,15.9,7.193586956521739,70.0,90.0,93.0,public,True,276.09358695652173,55.22,Pass
5423,male,group D,some college,free/reduced,False,15.3,7.4,66.0,51.0,65.0,public,True,204.7,40.94,Fail
5424,male,group A,associate degree,free/reduced,False,9.66265306122449,6.4,76.0,65.0,77.0,public,False,234.0626530612245,46.81,Fail
5425,female,group B,high school,standard,True,16.7,6.4,72.0,85.0,82.0,public,True,262.1,52.42,Pass
5426,female,group C,high school,standard,False,8.9,5.7,80.0,63.0,79.0,public,True,236.6,47.32,Fail
5427,female,group D,some college,standard,False,4.2,5.9,78.0,78.0,61.0,private,True,227.1,45.42,Fail
5428,female,group B,master degree,free/reduced,False,5.2,6.6,66.0,73.0,71.0,international,True,221.8,44.36,Fail
5429,male,group A,high school,standard,False,10.3,9.9,75.0,84.0,83.0,public,True,262.2,52.44,Pass
5430,male,group D,associate degree,standard,False,18.7,6.4,66.0,65.0,84.0,public,True,240.1,48.02,Fail
5431,male,group E,bachelor degree,free/reduced,True,3.8,8.4,67.0,86.0,95.0,public,True,260.2,52.04,Pass
5432,female,group B,some college,standard,True,8.0,6.1,86.0,68.0,70.0,private,True,238.1,47.62,Fail
5433,female,group D,master degree,standard,True,5.5,7.2,90.0,68.0,83.0,public,True,253.7,50.74,Pass
5434,female,group D,master degree,free/reduced,False,5.1,7.3,68.0,65.0,52.0,public,True,197.4,39.48,Fail
5435,female,group C,bachelor degree,standard,True,15.8,4.8,62.0,71.13410138248848,68.0,public,True,221.73410138248846,44.35,Fail
5436,female,group D,high school,standard,False,6.3,6.8,31.0,80.0,68.0,international,False,192.1,38.42,Fail
5437,male,group D,bachelor degree,standard,True,7.9,9.8,84.0,61.0,89.0,private,True,251.7,50.34,Pass
5438,female,group A,high school,standard,False,5.9,5.7,77.0,74.0,56.0,public,True,218.6,43.72,Fail
5439,male,group D,bachelor degree,standard,False,7.2,7.7,94.0,71.13410138248848,64.0,international,True,244.03410138248847,48.81,Fail
5440,male,group D,bachelor degree,standard,False,10.8,5.9,68.0,71.13410138248848,27.0,public,False,182.83410138248848,36.57,Fail
5441,female,group E,high school,free/reduced,False,14.0,9.0,76.0,64.0,91.0,international,True,254.0,50.8,Pass
5442,male,group D,high school,standard,False,9.66265306122449,6.1,93.0,65.0,58.0,private,False,231.76265306122448,46.35,Fail
5443,male,group B,bachelor degree,free/reduced,True,7.6,7.5,36.0,62.0,79.0,private,True,192.1,38.42,Fail
5444,female,group D,high school,standard,True,15.9,7.5,81.0,55.0,46.0,public,True,205.4,41.08,Fail
5445,female,group B,high school,standard,False,12.1,8.1,73.0,73.0,74.0,public,False,240.2,48.04,Fail
5446,female,group B,some college,standard,False,4.5,5.3,62.0,70.0,63.0,international,True,204.8,40.96,Fail
5447,male,group D,some college,standard,False,9.4,6.0,100.0,96.0,70.46045112781955,public,True,281.86045112781954,56.37,Pass
5448,female,group C,some college,standard,True,9.7,4.7,95.0,71.0,63.0,public,False,243.4,48.68,Fail
5449,female,group D,some college,standard,True,5.3,8.1,51.0,92.0,79.0,public,False,235.4,47.08,Fail
5450,male,group E,bachelor degree,free/reduced,True,12.4,6.4,72.0,92.0,62.0,public,True,244.8,48.96,Fail
5451,female,group E,master degree,free/reduced,True,6.6,6.1,62.0,80.0,66.0,public,False,220.7,44.14,Fail
5452,female,group C,associate degree,standard,False,9.66265306122449,8.6,66.0,72.0,55.0,public,True,211.26265306122448,42.25,Fail
5453,male,group D,some college,standard,False,1.2,6.4,62.0,57.0,73.0,public,True,199.6,39.92,Fail
5454,female,group C,some college,free/reduced,True,9.66265306122449,5.5,68.0,63.0,90.0,public,True,236.1626530612245,47.23,Fail
5455,female,group A,some college,standard,False,16.2,7.8,81.0,65.0,82.0,public,True,252.0,50.4,Pass
5456,male,group E,some college,free/reduced,False,12.2,8.5,72.0,88.0,67.0,public,True,247.7,49.54,Fail
5457,female,group E,bachelor degree,standard,True,11.4,7.4,73.0,69.0,80.0,public,True,240.8,48.16,Fail
5458,male,group A,some college,standard,True,14.9,4.8,60.0,63.0,65.0,private,True,207.7,41.54,Fail
5459,male,group E,associate degree,standard,False,6.7,8.7,37.0,57.0,74.0,public,True,183.4,36.68,Fail
5460,female,group E,high school,standard,False,4.3,8.6,51.0,65.0,72.0,public,True,200.9,40.18,Fail
5461,male,group C,high school,standard,True,6.4,7.5,53.0,56.0,42.0,private,False,164.9,32.98,Fail
5462,female,group E,high school,free/reduced,False,9.66265306122449,4.5,77.0,62.0,76.0,public,True,229.1626530612245,45.83,Fail
5463,male,group C,high school,standard,True,10.0,6.5,42.0,78.0,62.0,public,True,198.5,39.7,Fail
5464,female,group D,some college,standard,False,13.0,6.6,64.0,41.0,71.0,public,True,195.6,39.12,Fail
5465,female,group E,bachelor degree,standard,True,10.9,6.7,81.0,100.0,61.0,private,True,259.6,51.92,Pass
5466,female,group A,associate degree,standard,False,7.2,8.0,83.0,64.0,84.0,public,True,246.2,49.24,Fail
5467,female,group C,high school,standard,False,4.0,9.6,81.0,60.0,71.0,public,True,225.6,45.12,Fail
5468,female,group A,high school,free/reduced,True,19.7,5.1,71.0,88.0,64.0,public,True,247.8,49.56,Fail
5469,female,group B,associate degree,free/reduced,True,10.4,6.7,31.0,48.0,66.0,public,True,162.1,32.42,Fail
5470,male,group E,some college,standard,True,20.7,8.1,68.0,85.0,50.0,public,True,231.8,46.36,Fail
5471,male,group E,master degree,standard,True,10.5,9.2,63.0,74.0,74.0,public,True,230.7,46.14,Fail
5472,female,group B,high school,standard,False,9.3,8.0,79.0,83.0,74.0,public,False,253.3,50.66,Pass
5473,male,group B,high school,standard,False,11.1,3.8,74.0,71.13410138248848,83.0,private,True,243.03410138248847,48.61,Fail
5474,female,group B,some college,standard,True,10.9,7.3,67.0,83.0,81.0,public,False,249.2,49.84,Fail
5475,male,group C,some college,standard,True,12.4,7.5,80.0,59.0,85.0,public,True,243.9,48.78,Fail
5476,male,group B,master degree,free/reduced,True,19.0,8.4,59.0,71.13410138248848,55.0,public,False,212.53410138248847,42.51,Fail
5477,female,group C,bachelor degree,free/reduced,False,13.2,8.5,70.0,80.0,57.0,public,True,228.7,45.74,Fail
5478,female,group D,bachelor degree,standard,True,16.1,8.5,54.0,74.0,70.46045112781955,public,True,223.06045112781953,44.61,Fail
5479,male,group C,high school,standard,True,15.1,7.6,59.0,76.0,79.0,private,True,236.7,47.34,Fail
5480,female,group B,high school,standard,False,9.66265306122449,9.5,38.0,61.0,88.0,private,True,206.1626530612245,41.23,Fail
5481,male,group C,bachelor degree,free/reduced,False,9.66265306122449,8.5,75.0,75.0,59.0,public,True,227.1626530612245,45.43,Fail
5482,female,group C,associate degree,standard,True,12.7,6.8,31.0,75.0,63.0,international,True,188.5,37.7,Fail
5483,female,group B,bachelor degree,standard,True,14.4,6.3,53.0,82.0,61.0,public,True,216.7,43.34,Fail
5484,male,group C,bachelor degree,standard,True,14.0,7.0,63.0,86.0,60.0,public,True,230.0,46.0,Fail
5485,male,group B,associate degree,standard,True,9.3,7.193586956521739,34.0,58.0,75.0,public,True,183.49358695652174,36.7,Fail
5486,female,group B,high school,free/reduced,False,5.2,7.193586956521739,56.0,84.0,95.0,public,True,247.39358695652174,49.48,Fail
5487,female,group B,bachelor degree,standard,False,21.7,8.7,59.0,82.0,60.0,private,True,231.4,46.28,Fail
5488,female,group E,some college,standard,False,5.8,9.8,63.0,70.0,90.0,public,False,238.6,47.72,Fail
5489,female,group E,some college,free/reduced,True,13.2,6.5,82.0,71.13410138248848,74.0,international,True,246.83410138248848,49.37,Fail
5490,male,group C,some college,standard,True,6.9,6.6,68.0,67.0,70.46045112781955,public,True,218.96045112781957,43.79,Fail
5491,female,group E,bachelor degree,standard,True,13.9,4.5,76.0,62.0,70.0,public,True,226.4,45.28,Fail
5492,male,group D,bachelor degree,standard,True,9.66265306122449,5.2,86.0,76.0,84.0,public,True,260.8626530612245,52.17,Pass
5493,male,group E,associate degree,standard,True,16.8,5.8,52.0,59.0,71.0,public,True,204.6,40.92,Fail
5494,female,group C,high school,standard,False,17.5,7.2,36.0,46.0,65.0,private,True,171.7,34.34,Fail
5495,female,group E,high school,free/reduced,True,6.1,7.193586956521739,87.0,79.0,84.0,public,True,263.2935869565217,52.66,Pass
5496,female,group B,some college,free/reduced,False,18.9,5.6,77.0,71.13410138248848,37.0,public,True,209.6341013824885,41.93,Fail
5497,female,group A,associate degree,free/reduced,True,9.3,7.193586956521739,56.0,75.0,71.0,private,True,218.49358695652174,43.7,Fail
5498,male,group A,bachelor degree,standard,True,10.3,7.1,63.0,75.0,59.0,public,True,214.4,42.88,Fail
5499,male,group A,high school,standard,False,6.1,5.8,100.0,75.0,70.46045112781955,public,True,257.36045112781954,51.47,Pass
5500,male,group B,master degree,standard,False,13.2,8.5,62.0,69.0,65.0,public,True,217.7,43.54,Fail
5501,female,group C,associate degree,free/reduced,True,16.3,7.193586956521739,90.0,77.0,71.0,public,True,261.49358695652177,52.3,Pass
5502,male,group B,some college,free/reduced,True,11.6,6.3,56.0,62.0,54.0,public,True,189.9,37.98,Fail
5503,female,group C,high school,standard,False,9.66265306122449,6.5,69.0,67.0,81.0,private,False,233.1626530612245,46.63,Fail
5504,male,group B,high school,free/reduced,False,16.5,8.3,68.0,57.0,86.0,public,True,235.8,47.16,Fail
5505,female,group A,master degree,standard,False,7.3,6.8,53.0,87.0,75.0,public,True,229.1,45.82,Fail
5506,male,group A,high school,free/reduced,False,6.7,5.0,84.0,61.0,76.0,public,True,232.7,46.54,Fail
5507,male,group C,bachelor degree,standard,False,11.8,8.4,62.0,50.0,78.0,public,True,210.2,42.04,Fail
5508,female,group C,bachelor degree,free/reduced,False,4.9,6.4,75.0,91.0,78.0,public,True,255.3,51.06,Pass
5509,male,group E,master degree,standard,False,8.3,7.5,75.0,86.0,100.0,public,True,276.8,55.36,Pass
5510,female,group C,high school,free/reduced,True,17.0,7.5,52.0,71.13410138248848,73.0,private,False,220.6341013824885,44.13,Fail
5511,female,group A,bachelor degree,free/reduced,False,10.8,7.1,76.0,89.0,70.46045112781955,public,True,253.36045112781954,50.67,Pass
5512,male,group B,high school,standard,False,9.66265306122449,8.8,75.0,79.0,75.0,public,True,247.4626530612245,49.49,Fail
5513,male,group C,associate degree,standard,False,4.8,6.0,70.0,75.0,45.0,public,True,200.8,40.16,Fail
5514,female,group B,some college,standard,True,16.7,7.7,78.0,65.0,68.0,public,True,235.4,47.08,Fail
5515,male,group C,some college,standard,False,9.66265306122449,7.3,41.0,77.0,85.0,public,True,219.9626530612245,43.99,Fail
5516,female,group C,high school,standard,True,14.1,9.0,81.0,90.0,98.0,public,True,292.1,58.42,Pass
5517,male,group C,associate degree,standard,True,10.7,7.6,71.0,71.13410138248848,70.0,private,True,230.43410138248848,46.09,Fail
5518,female,group A,some college,free/reduced,True,13.3,8.2,80.0,71.0,51.0,public,True,223.5,44.7,Fail
5519,male,group C,bachelor degree,free/reduced,False,2.6,8.6,66.0,76.0,54.0,public,True,207.2,41.44,Fail
5520,male,group B,some college,standard,True,11.4,8.3,91.0,76.0,70.46045112781955,private,False,257.16045112781956,51.43,Pass
5521,female,group D,high school,free/reduced,True,9.66265306122449,8.4,88.0,96.0,76.0,private,True,278.0626530612245,55.61,Pass
5522,female,group E,high school,standard,False,6.2,7.9,88.0,71.0,62.0,international,True,235.1,47.02,Fail
5523,female,group B,some college,free/reduced,False,10.1,7.7,56.0,59.0,83.0,private,True,215.8,43.16,Fail
5524,female,group C,high school,free/reduced,True,0.0,7.193586956521739,75.0,88.0,68.0,public,False,238.19358695652176,47.64,Fail
5525,male,group B,master degree,free/reduced,False,4.5,9.0,53.0,52.0,50.0,public,True,168.5,33.7,Fail
5526,female,group C,associate degree,free/reduced,False,8.2,9.0,71.0,63.0,65.0,private,True,216.2,43.24,Fail
5527,female,group C,some college,standard,True,14.4,6.1,33.0,81.0,63.0,public,True,197.5,39.5,Fail
5528,male,group C,some college,standard,False,9.4,6.5,100.0,75.0,82.0,public,True,272.9,54.58,Pass
5529,female,group B,high school,standard,False,15.2,9.1,74.0,51.0,70.46045112781955,private,True,219.76045112781958,43.95,Fail
5530,female,group E,bachelor degree,standard,False,9.7,7.193586956521739,81.0,85.0,84.0,public,True,266.89358695652174,53.38,Pass
5531,female,group B,some college,standard,False,8.1,10.7,71.0,53.0,32.0,public,True,174.8,34.96,Fail
5532,male,group C,high school,standard,False,14.0,6.3,79.0,77.0,71.0,public,True,247.3,49.46,Fail
5533,male,group B,bachelor degree,standard,False,10.3,8.7,81.0,69.0,67.0,international,True,236.0,47.2,Fail
5534,male,group A,high school,standard,False,8.5,8.1,77.0,58.0,100.0,public,True,251.6,50.32,Pass
5535,female,group E,high school,standard,True,8.7,10.5,79.0,74.0,56.0,public,True,228.2,45.64,Fail
5536,female,group B,high school,standard,True,12.4,8.6,79.0,99.0,77.0,public,True,276.0,55.2,Pass
5537,male,group A,some college,standard,False,13.1,7.6,86.0,93.0,69.0,public,True,268.7,53.74,Pass
5538,female,group D,high school,free/reduced,False,9.66265306122449,7.0,68.0,44.0,56.0,private,True,184.6626530612245,36.93,Fail
5539,female,group B,some college,standard,True,9.66265306122449,6.6,100.0,77.0,39.0,public,True,232.26265306122448,46.45,Fail
5540,male,group D,bachelor degree,standard,False,9.3,7.2,68.0,87.0,70.46045112781955,public,True,241.96045112781957,48.39,Fail
5541,male,group A,some college,standard,False,20.7,6.1,67.0,79.0,72.0,public,True,244.8,48.96,Fail
5542,female,group C,associate degree,standard,False,2.7,6.8,65.0,57.0,95.0,public,True,226.5,45.3,Fail
5543,male,group D,some college,free/reduced,True,8.9,8.7,85.0,71.13410138248848,73.0,public,True,246.73410138248846,49.35,Fail
5544,female,group C,some college,standard,False,18.1,7.4,59.0,63.0,77.0,private,True,224.5,44.9,Fail
5545,male,group C,high school,standard,True,7.6,6.5,76.0,69.0,78.0,public,True,237.1,47.42,Fail
5546,female,group B,some college,free/reduced,True,7.6,7.2,78.0,59.0,59.0,public,True,210.8,42.16,Fail
5547,female,group A,associate degree,standard,True,12.0,6.2,56.0,82.0,88.0,private,True,244.2,48.84,Fail
5548,female,group E,high school,standard,False,7.9,6.2,80.0,86.0,64.0,public,True,244.1,48.82,Fail
5549,female,group A,master degree,free/reduced,False,2.0,7.7,61.0,82.0,43.0,public,False,195.7,39.14,Fail
5550,female,group D,some college,free/reduced,False,9.66265306122449,6.6,95.0,58.0,84.0,public,True,253.26265306122448,50.65,Pass
5551,female,group D,high school,free/reduced,True,11.5,7.8,57.0,94.0,61.0,public,True,231.3,46.26,Fail
5552,male,group D,high school,standard,True,5.6,9.0,78.0,56.0,60.0,public,True,208.6,41.72,Fail
5553,male,group E,some college,standard,True,17.2,5.9,69.0,63.0,63.0,public,True,218.1,43.62,Fail
5554,male,group E,high school,standard,True,7.1,5.2,52.0,54.0,64.0,international,True,182.3,36.46,Fail
5555,female,group C,associate degree,standard,False,4.9,4.9,88.0,50.0,57.0,private,True,204.8,40.96,Fail
5556,male,group C,high school,standard,True,11.5,8.4,99.0,76.0,71.0,public,True,265.9,53.18,Pass
5557,female,group D,some college,standard,True,10.7,9.1,39.0,72.0,77.0,private,True,207.8,41.56,Fail
5558,male,group C,high school,free/reduced,True,9.9,5.2,82.0,87.0,100.0,private,False,284.1,56.82,Pass
5559,female,group B,high school,standard,True,3.5,8.5,54.0,77.0,56.0,public,True,199.0,39.8,Fail
5560,male,group D,master degree,free/reduced,True,11.4,4.9,65.0,78.0,63.0,private,True,222.3,44.46,Fail
5561,female,group D,high school,standard,False,0.0,8.4,61.0,71.13410138248848,30.0,private,True,170.53410138248847,34.11,Fail
5562,male,group D,high school,free/reduced,False,14.6,5.5,44.0,82.0,74.0,public,True,220.1,44.02,Fail
5563,male,group B,associate degree,free/reduced,True,1.6,6.8,63.0,78.0,92.0,public,True,241.4,48.28,Fail
5564,male,group D,bachelor degree,standard,True,6.3,7.193586956521739,73.0,49.0,64.0,public,True,199.49358695652174,39.9,Fail
5565,male,group C,master degree,free/reduced,True,6.7,8.5,57.0,54.0,60.0,private,True,186.2,37.24,Fail
5566,female,group C,master degree,standard,False,10.3,9.1,86.0,66.0,60.0,private,True,231.4,46.28,Fail
5567,male,group C,high school,standard,False,5.0,9.7,63.0,71.13410138248848,81.0,public,True,229.83410138248848,45.97,Fail
5568,male,group E,high school,free/reduced,False,9.5,7.5,67.0,89.0,70.46045112781955,international,True,243.46045112781957,48.69,Fail
5569,female,group D,associate degree,free/reduced,True,6.0,7.5,65.0,43.0,70.46045112781955,public,False,191.96045112781957,38.39,Fail
5570,female,group B,high school,standard,True,3.8,8.7,91.0,72.0,88.0,private,True,263.5,52.7,Pass
5571,male,group D,high school,standard,False,5.3,6.8,80.0,39.0,76.0,public,True,207.1,41.42,Fail
5572,male,group C,associate degree,standard,True,4.7,9.6,57.0,60.0,68.0,public,True,199.3,39.86,Fail
5573,male,group E,associate degree,free/reduced,False,15.6,8.1,78.0,76.0,60.0,public,False,237.7,47.54,Fail
5574,male,group A,associate degree,standard,True,7.9,6.3,72.0,73.0,77.0,public,True,236.2,47.24,Fail
5575,female,group B,high school,standard,True,3.2,7.4,100.0,61.0,84.0,public,True,255.6,51.12,Pass
5576,female,group D,high school,free/reduced,True,10.4,6.7,42.0,63.0,70.46045112781955,international,True,192.56045112781953,38.51,Fail
5577,female,group D,high school,standard,False,12.9,6.6,80.0,80.0,47.0,private,True,226.5,45.3,Fail
5578,female,group D,high school,standard,True,18.3,6.6,89.0,39.0,98.0,public,True,250.9,50.18,Pass
5579,female,group D,associate degree,standard,False,18.6,5.9,81.0,72.0,66.0,private,True,243.5,48.7,Fail
5580,male,group D,some college,standard,True,5.1,9.5,56.0,71.13410138248848,68.0,public,False,209.73410138248846,41.95,Fail
5581,male,group E,associate degree,free/reduced,False,10.8,8.3,42.0,82.0,63.0,public,True,206.1,41.22,Fail
5582,female,group D,high school,standard,False,15.7,8.3,46.0,50.0,64.0,public,True,184.0,36.8,Fail
5583,female,group A,high school,standard,False,14.2,7.6,98.0,69.0,63.0,public,False,251.8,50.36,Pass
5584,male,group C,bachelor degree,free/reduced,True,15.5,7.193586956521739,64.0,55.0,49.0,public,True,190.69358695652176,38.14,Fail
5585,female,group E,master degree,free/reduced,False,13.6,6.1,77.0,67.0,91.0,public,True,254.7,50.94,Pass
5586,male,group B,bachelor degree,standard,True,10.4,7.2,54.0,72.0,55.0,public,True,198.6,39.72,Fail
5587,female,group B,high school,standard,True,13.4,7.5,67.0,66.0,90.0,public,True,243.9,48.78,Fail
5588,female,group B,high school,standard,False,11.8,7.1,71.0,93.0,82.0,international,True,264.9,52.98,Pass
5589,male,group C,bachelor degree,standard,False,11.7,7.9,55.0,90.0,70.0,private,True,234.6,46.92,Fail
5590,female,group A,high school,standard,True,7.8,7.6,62.0,73.0,64.0,private,False,214.4,42.88,Fail
5591,female,group C,associate degree,standard,True,4.2,7.1,84.0,71.0,70.46045112781955,public,True,236.76045112781958,47.35,Fail
5592,male,group E,high school,free/reduced,True,6.7,8.1,65.0,70.0,70.46045112781955,public,False,220.26045112781958,44.05,Fail
5593,female,group A,high school,standard,True,14.6,8.9,65.0,94.0,87.0,international,True,269.5,53.9,Pass
5594,female,group B,bachelor degree,free/reduced,True,8.0,7.2,77.0,67.0,70.46045112781955,private,True,229.66045112781956,45.93,Fail
5595,female,group D,high school,standard,False,3.6,6.6,60.0,72.0,57.0,private,True,199.2,39.84,Fail
5596,female,group C,some college,free/reduced,True,2.4,7.4,75.0,75.0,82.0,public,True,241.8,48.36,Fail
5597,female,group C,high school,standard,False,17.5,5.8,100.0,70.0,65.0,public,True,258.3,51.66,Pass
5598,male,group E,high school,free/reduced,True,12.6,7.6,66.0,80.0,82.0,private,True,248.2,49.64,Fail
5599,male,group D,high school,standard,False,7.1,7.2,68.0,94.0,59.0,public,True,235.3,47.06,Fail
5600,female,group B,high school,free/reduced,False,9.66265306122449,7.9,57.0,71.13410138248848,92.0,public,True,237.69675444371296,47.54,Fail
5601,female,group A,bachelor degree,free/reduced,True,9.66265306122449,6.8,80.0,87.0,70.46045112781955,private,True,253.92310418904407,50.78,Pass
5602,female,group B,associate degree,standard,True,9.66265306122449,8.0,47.0,71.13410138248848,45.0,public,True,180.79675444371298,36.16,Fail
5603,male,group D,bachelor degree,standard,True,7.8,7.8,69.0,54.0,51.0,public,True,189.6,37.92,Fail
5604,male,group D,some college,free/reduced,False,0.6,7.5,94.0,71.0,79.0,public,False,252.1,50.42,Pass
5605,female,group D,bachelor degree,standard,False,9.66265306122449,7.193586956521739,56.0,83.0,67.0,public,True,222.85624001774625,44.57,Fail
5606,male,group B,some college,standard,False,9.66265306122449,5.6,100.0,69.0,70.0,international,True,254.26265306122448,50.85,Pass
5607,male,group A,master degree,standard,True,12.8,7.1,79.0,67.0,50.0,public,True,215.9,43.18,Fail
5608,male,group E,high school,standard,False,12.9,6.2,71.0,59.0,74.0,public,True,223.1,44.62,Fail
5609,male,group B,high school,standard,True,9.66265306122449,7.2,79.0,47.0,66.0,private,True,208.86265306122448,41.77,Fail
5610,female,group A,some college,free/reduced,True,9.66265306122449,6.0,85.0,49.0,72.0,public,True,221.6626530612245,44.33,Fail
5611,male,group B,some college,standard,False,5.0,8.6,82.0,82.0,91.0,private,True,268.6,53.72,Pass
5612,male,group A,associate degree,free/reduced,True,6.0,6.3,71.0,80.0,73.0,private,True,236.3,47.26,Fail
5613,male,group B,high school,standard,False,8.2,5.1,56.0,68.0,100.0,international,True,237.3,47.46,Fail
5614,male,group C,high school,free/reduced,True,13.6,7.5,48.0,81.0,71.0,private,False,221.1,44.22,Fail
5615,female,group B,associate degree,standard,True,9.3,6.6,74.0,73.0,74.0,public,True,236.9,47.38,Fail
5616,female,group E,high school,free/reduced,False,19.8,7.2,100.0,71.13410138248848,62.0,public,True,260.1341013824885,52.03,Pass
5617,male,group E,some college,free/reduced,False,8.5,7.3,78.0,80.0,67.0,public,True,240.8,48.16,Fail
5618,female,group B,some college,free/reduced,False,3.5,8.6,60.0,72.0,71.0,international,True,215.1,43.02,Fail
5619,female,group C,high school,free/reduced,True,11.6,7.0,71.0,71.13410138248848,79.0,public,False,239.73410138248846,47.95,Fail
5620,male,group C,some college,standard,True,9.66265306122449,6.7,53.0,66.0,46.0,public,True,181.36265306122448,36.27,Fail
5621,male,group C,high school,standard,False,14.0,6.1,86.0,70.0,70.0,international,True,246.1,49.22,Fail
5622,male,group C,some college,standard,True,6.0,7.5,97.0,65.0,63.0,international,True,238.5,47.7,Fail
5623,female,group E,some college,standard,False,9.66265306122449,7.3,73.0,90.0,73.0,public,False,252.9626530612245,50.59,Pass
5624,female,group C,some college,standard,True,16.1,8.8,78.0,54.0,80.0,private,True,236.9,47.38,Fail
5625,female,group A,high school,standard,True,10.2,7.5,35.0,71.13410138248848,79.0,private,True,202.83410138248848,40.57,Fail
5626,female,group C,some college,free/reduced,False,1.5,5.2,52.0,50.0,63.0,public,True,171.7,34.34,Fail
5627,female,group A,bachelor degree,standard,False,9.2,7.3,70.0,70.0,55.0,public,True,211.5,42.3,Fail
5628,female,group C,bachelor degree,standard,False,9.7,8.0,62.0,57.0,100.0,public,True,236.7,47.34,Fail
5629,male,group C,bachelor degree,free/reduced,False,16.6,6.5,88.0,73.0,78.0,public,True,262.1,52.42,Pass
5630,male,group D,high school,standard,False,3.3,5.6,55.0,93.0,67.0,public,True,223.9,44.78,Fail
5631,male,group D,high school,standard,False,0.7,7.6,75.0,69.0,85.0,public,False,237.3,47.46,Fail
5632,female,group C,high school,free/reduced,True,13.2,7.3,64.0,77.0,76.0,public,True,237.5,47.5,Fail
5633,male,group B,master degree,standard,True,11.6,8.0,61.0,59.0,67.0,public,True,206.6,41.32,Fail
5634,female,group C,some college,free/reduced,False,0.9,7.0,93.0,68.0,85.0,public,True,253.9,50.78,Pass
5635,female,group D,associate degree,free/reduced,False,6.0,7.4,52.0,70.0,88.0,private,True,223.4,44.68,Fail
5636,female,group C,bachelor degree,standard,False,3.4,5.7,57.0,82.0,82.0,international,True,230.1,46.02,Fail
5637,male,group D,bachelor degree,standard,True,13.5,8.0,75.0,65.0,77.0,public,True,238.5,47.7,Fail
5638,female,group B,high school,standard,True,16.5,5.3,77.0,71.13410138248848,70.46045112781955,public,True,240.39455251030802,48.08,Fail
5639,male,group E,some college,standard,True,11.5,5.2,74.0,82.0,76.0,public,True,248.7,49.74,Fail
5640,male,group E,high school,free/reduced,False,9.66265306122449,6.1,94.0,60.0,44.0,public,True,213.76265306122448,42.75,Fail
5641,male,group D,high school,free/reduced,True,12.1,5.6,62.0,58.0,57.0,private,True,194.7,38.94,Fail
5642,female,group C,associate degree,free/reduced,False,15.2,7.3,71.0,81.0,91.0,public,True,265.5,53.1,Pass
5643,female,group A,high school,standard,True,7.4,7.5,96.0,75.0,78.0,international,True,263.9,52.78,Pass
5644,male,group A,high school,free/reduced,True,16.0,6.4,58.0,77.0,56.0,public,True,213.4,42.68,Fail
5645,female,group D,high school,standard,False,13.9,7.193586956521739,82.0,38.0,95.0,public,True,236.09358695652173,47.22,Fail
5646,male,group C,high school,standard,False,1.4,8.3,73.0,75.0,64.0,public,True,221.7,44.34,Fail
5647,female,group E,high school,free/reduced,False,9.66265306122449,6.2,67.0,53.0,72.0,public,True,207.86265306122448,41.57,Fail
5648,female,group A,bachelor degree,free/reduced,True,8.8,8.7,64.0,62.0,50.0,international,True,193.5,38.7,Fail
5649,male,group B,bachelor degree,standard,True,4.9,7.2,85.0,83.0,85.0,public,True,265.1,53.02,Pass
5650,female,group B,associate degree,standard,False,7.7,6.2,46.0,83.0,61.0,international,False,203.9,40.78,Fail
5651,female,group D,some college,standard,True,10.9,10.3,84.0,71.0,58.0,public,True,234.2,46.84,Fail
5652,male,group B,bachelor degree,standard,False,10.8,7.2,60.0,79.0,70.0,public,True,227.0,45.4,Fail
5653,female,group E,high school,free/reduced,False,15.3,6.1,64.0,71.13410138248848,61.0,public,False,217.53410138248847,43.51,Fail
5654,female,group C,associate degree,standard,True,13.7,5.3,95.0,70.0,71.0,public,True,255.0,51.0,Pass
5655,female,group D,high school,standard,False,12.7,6.4,76.0,78.0,72.0,private,True,245.1,49.02,Fail
5656,male,group B,high school,standard,False,16.7,8.0,69.0,78.0,59.0,public,True,230.7,46.14,Fail
5657,male,group B,high school,standard,False,7.2,7.193586956521739,65.0,67.0,74.0,public,True,220.39358695652174,44.08,Fail
5658,female,group E,high school,free/reduced,False,10.1,7.9,68.0,59.0,86.0,public,True,231.0,46.2,Fail
5659,male,group B,some college,standard,False,9.66265306122449,7.7,79.0,85.0,81.0,public,True,262.3626530612245,52.47,Pass
5660,female,group D,high school,standard,True,6.9,9.1,76.0,82.0,81.0,public,True,255.0,51.0,Pass
5661,male,group C,associate degree,standard,False,8.9,6.7,71.0,76.0,60.0,public,True,222.6,44.52,Fail
5662,female,group A,associate degree,standard,False,10.7,8.5,76.0,83.0,80.0,international,True,258.2,51.64,Pass
5663,female,group A,associate degree,standard,True,5.8,5.5,47.0,73.0,70.46045112781955,public,True,201.76045112781958,40.35,Fail
5664,male,group A,some college,standard,False,7.3,7.193586956521739,40.0,71.13410138248848,55.0,private,True,180.6276883390102,36.13,Fail
5665,male,group A,high school,standard,False,8.4,8.4,59.0,75.0,76.0,international,True,226.8,45.36,Fail
5666,female,group A,high school,standard,False,14.7,7.5,90.0,52.0,83.0,private,True,247.2,49.44,Fail
5667,male,group A,high school,free/reduced,False,1.6,6.1,73.0,85.0,80.0,public,True,245.7,49.14,Fail
5668,male,group A,high school,standard,False,3.7,8.4,82.0,57.0,73.0,international,True,224.1,44.82,Fail
5669,female,group C,associate degree,free/reduced,True,8.7,5.0,81.0,61.0,46.0,public,True,201.7,40.34,Fail
5670,male,group E,high school,free/reduced,False,12.0,7.4,81.0,84.0,96.0,public,True,280.4,56.08,Pass
5671,female,group E,some college,free/reduced,False,12.1,8.8,19.0,66.0,59.0,public,True,164.9,32.98,Fail
5672,male,group E,bachelor degree,free/reduced,False,8.5,8.4,74.0,76.0,80.0,public,True,246.9,49.38,Fail
5673,female,group D,bachelor degree,free/reduced,True,8.7,5.8,69.0,77.0,70.0,private,True,230.5,46.1,Fail
5674,female,group B,bachelor degree,standard,True,11.4,8.8,63.0,71.13410138248848,42.0,private,False,196.33410138248848,39.27,Fail
5675,female,group D,bachelor degree,free/reduced,False,14.5,9.0,59.0,75.0,73.0,public,True,230.5,46.1,Fail
5676,male,group E,some college,free/reduced,False,2.9,7.1,92.0,59.0,65.0,public,True,226.0,45.2,Fail
5677,female,group E,high school,standard,False,7.4,7.4,56.0,71.13410138248848,76.0,private,True,217.93410138248848,43.59,Fail
5678,female,group B,high school,free/reduced,False,11.2,5.8,72.0,52.0,61.0,public,True,202.0,40.4,Fail
5679,male,group A,bachelor degree,standard,True,8.5,7.9,100.0,72.0,80.0,public,True,268.4,53.68,Pass
5680,male,group B,master degree,free/reduced,False,5.9,8.5,66.0,98.0,70.46045112781955,public,True,248.86045112781954,49.77,Fail
5681,female,group B,high school,free/reduced,False,6.9,7.9,66.0,69.0,57.0,private,True,206.8,41.36,Fail
5682,female,group B,bachelor degree,standard,True,13.3,7.2,62.0,71.0,94.0,public,True,247.5,49.5,Fail
5683,female,group B,high school,standard,False,11.5,6.9,67.0,69.0,90.0,international,True,244.4,48.88,Fail
5684,female,group B,high school,free/reduced,True,11.8,4.0,88.0,71.13410138248848,77.0,public,True,251.93410138248848,50.39,Pass
5685,female,group C,associate degree,standard,False,10.3,4.1,45.0,89.0,93.0,public,True,241.4,48.28,Fail
5686,male,group B,bachelor degree,standard,True,7.8,8.7,67.0,84.0,78.0,private,True,245.5,49.1,Fail
5687,male,group D,high school,standard,False,12.7,7.193586956521739,65.0,68.0,82.0,public,True,234.89358695652174,46.98,Fail
5688,female,group C,associate degree,standard,True,9.66265306122449,7.193586956521739,80.0,57.0,82.0,public,True,235.85624001774625,47.17,Fail
5689,male,group E,bachelor degree,standard,False,17.2,6.6,52.0,82.0,81.0,public,True,238.8,47.76,Fail
5690,male,group C,high school,free/reduced,False,7.9,4.3,67.0,61.0,87.0,private,True,227.2,45.44,Fail
5691,male,group E,master degree,standard,False,9.66265306122449,6.8,74.0,84.0,76.0,public,True,250.4626530612245,50.09,Pass
5692,female,group A,some college,free/reduced,False,8.9,4.4,61.0,75.0,100.0,public,True,249.3,49.86,Fail
5693,female,group E,high school,standard,False,9.6,7.193586956521739,59.0,64.0,53.0,public,True,192.79358695652172,38.56,Fail
5694,male,group A,high school,standard,False,9.66265306122449,5.4,71.0,100.0,59.0,public,True,245.0626530612245,49.01,Fail
5695,male,group B,high school,standard,False,1.8,6.6,98.0,60.0,84.0,private,True,250.4,50.08,Pass
5696,female,group C,high school,standard,False,9.66265306122449,8.5,73.0,56.0,70.0,public,True,217.1626530612245,43.43,Fail
5697,female,group B,some college,free/reduced,True,15.3,6.0,75.0,40.0,67.0,public,True,203.3,40.66,Fail
5698,male,group B,high school,standard,False,14.4,6.8,61.0,85.0,94.0,public,True,261.2,52.24,Pass
5699,female,group C,some college,standard,False,9.66265306122449,5.4,92.0,75.0,70.46045112781955,public,True,252.52310418904403,50.5,Pass
5700,female,group C,some college,free/reduced,False,7.2,7.0,60.0,82.0,81.0,public,True,237.2,47.44,Fail
5701,male,group D,high school,standard,True,4.7,7.4,77.0,100.0,61.0,private,True,250.1,50.02,Pass
5702,male,group C,bachelor degree,standard,False,17.4,7.1,83.0,58.0,74.0,public,True,239.5,47.9,Fail
5703,male,group C,some college,standard,True,13.7,6.1,72.0,84.0,68.0,public,True,243.8,48.76,Fail
5704,male,group C,some college,standard,False,11.7,8.7,58.0,76.0,68.0,public,True,222.4,44.48,Fail
5705,male,group E,high school,standard,True,10.6,8.2,76.0,58.0,72.0,public,True,224.8,44.96,Fail
5706,male,group E,some college,standard,False,9.9,9.4,53.0,93.0,54.0,public,True,219.3,43.86,Fail
5707,female,group D,high school,free/reduced,False,0.0,7.193586956521739,61.0,83.0,59.0,public,True,210.19358695652176,42.04,Fail
5708,male,group A,associate degree,free/reduced,True,6.5,8.7,70.0,74.0,83.0,private,True,242.2,48.44,Fail
5709,male,group A,some college,standard,False,12.6,8.1,68.0,68.0,95.0,public,True,251.7,50.34,Pass
5710,female,group B,bachelor degree,free/reduced,True,12.6,8.4,37.0,77.0,59.0,public,True,194.0,38.8,Fail
5711,male,group C,high school,standard,True,9.66265306122449,5.6,82.0,89.0,64.0,public,True,250.26265306122448,50.05,Pass
5712,male,group D,bachelor degree,standard,False,10.1,7.6,44.0,100.0,71.0,public,True,232.7,46.54,Fail
5713,female,group C,bachelor degree,free/reduced,True,13.1,7.7,75.0,58.0,81.0,public,True,234.8,46.96,Fail
5714,female,group D,high school,free/reduced,True,12.3,6.7,60.0,89.0,78.0,public,True,246.0,49.2,Fail
5715,female,group A,bachelor degree,free/reduced,False,0.0,6.9,68.0,28.0,59.0,private,True,161.9,32.38,Fail
5716,female,group B,some college,standard,False,3.3,7.193586956521739,48.0,100.0,85.0,public,True,243.49358695652174,48.7,Fail
5717,male,group C,bachelor degree,free/reduced,False,10.3,7.5,90.0,58.0,61.0,public,True,226.8,45.36,Fail
5718,male,group D,bachelor degree,standard,False,5.1,6.0,64.0,84.0,63.0,public,True,222.1,44.42,Fail
5719,female,group C,some college,standard,False,9.66265306122449,8.2,71.0,79.0,55.0,public,True,222.86265306122448,44.57,Fail
5720,female,group C,high school,standard,True,13.1,6.9,89.0,66.0,83.0,private,False,258.0,51.6,Pass
5721,male,group E,high school,free/reduced,True,3.3,9.6,80.0,54.0,74.0,public,True,220.9,44.18,Fail
5722,male,group C,bachelor degree,standard,False,4.3,7.193586956521739,70.0,61.0,76.0,private,True,218.49358695652174,43.7,Fail
5723,male,group B,some college,free/reduced,False,17.2,9.0,65.0,95.0,68.0,public,True,254.2,50.84,Pass
5724,female,group B,bachelor degree,standard,False,11.8,7.8,83.0,61.0,73.0,public,True,236.6,47.32,Fail
5725,female,group B,associate degree,free/reduced,False,13.1,6.8,52.0,85.0,62.0,public,False,218.9,43.78,Fail
5726,male,group C,associate degree,standard,False,3.2,8.5,42.0,75.0,70.0,international,True,198.7,39.74,Fail
5727,male,group D,bachelor degree,standard,True,9.9,6.7,86.0,57.0,61.0,public,True,220.6,44.12,Fail
5728,female,group C,some college,free/reduced,False,10.3,6.8,63.0,54.0,64.0,private,True,198.1,39.62,Fail
5729,female,group A,some college,standard,False,11.9,7.4,69.0,43.0,36.0,public,True,167.3,33.46,Fail
5730,male,group E,high school,standard,True,9.66265306122449,9.1,73.0,69.0,61.0,public,True,221.76265306122448,44.35,Fail
5731,female,group B,high school,standard,False,16.9,7.3,42.0,78.0,67.0,private,True,211.2,42.24,Fail
5732,male,group D,high school,standard,False,10.9,7.0,94.0,73.0,79.0,private,True,263.9,52.78,Pass
5733,female,group B,some college,standard,False,0.0,6.4,66.0,100.0,58.0,public,True,230.4,46.08,Fail
5734,female,group D,associate degree,standard,False,8.3,8.4,78.0,54.0,70.0,international,True,218.7,43.74,Fail
5735,male,group C,high school,standard,False,6.3,6.8,50.0,56.0,98.0,public,True,217.1,43.42,Fail
5736,female,group E,some college,standard,True,14.9,4.5,56.0,49.0,78.0,private,True,202.4,40.48,Fail
5737,male,group E,high school,standard,False,9.66265306122449,7.193586956521739,70.0,69.0,57.0,private,True,212.85624001774625,42.57,Fail
5738,male,group D,bachelor degree,standard,True,5.1,7.193586956521739,49.0,81.0,100.0,public,True,242.29358695652172,48.46,Fail
5739,female,group A,some college,standard,True,17.2,6.2,55.0,70.0,89.0,public,True,237.4,47.48,Fail
5740,male,group D,master degree,standard,False,8.6,6.2,67.0,71.0,65.0,public,True,217.8,43.56,Fail
5741,male,group D,high school,standard,False,10.0,9.2,82.0,88.0,91.0,private,True,280.2,56.04,Pass
5742,female,group A,high school,standard,False,14.9,5.9,72.0,53.0,60.0,public,True,205.8,41.16,Fail
5743,male,group B,associate degree,standard,False,1.8,6.1,59.0,77.0,72.0,public,True,215.9,43.18,Fail
5744,female,group B,master degree,free/reduced,True,11.8,7.6,71.0,93.0,50.0,public,True,233.4,46.68,Fail
5745,male,group D,associate degree,free/reduced,False,5.6,7.6,96.0,80.0,52.0,public,True,241.2,48.24,Fail
5746,male,group B,high school,standard,False,8.6,7.9,77.0,71.0,62.0,public,True,226.5,45.3,Fail
5747,female,group C,some college,standard,True,9.6,7.1,70.0,58.0,49.0,private,True,193.7,38.74,Fail
5748,male,group D,some college,free/reduced,False,13.4,5.6,100.0,63.0,65.0,public,True,247.0,49.4,Fail
5749,male,group A,master degree,free/reduced,True,9.66265306122449,5.9,46.0,80.0,70.46045112781955,public,False,212.02310418904403,42.4,Fail
5750,female,group E,some college,free/reduced,True,12.0,8.0,62.0,80.0,89.0,public,True,251.0,50.2,Pass
5751,female,group A,high school,standard,True,5.3,7.8,82.0,76.0,69.0,public,True,240.1,48.02,Fail
5752,male,group A,high school,standard,False,9.3,7.9,88.0,77.0,90.0,public,True,272.2,54.44,Pass
5753,male,group D,bachelor degree,standard,False,11.9,5.8,72.0,66.0,91.0,public,True,246.7,49.34,Fail
5754,male,group C,high school,standard,True,14.2,5.6,88.0,85.0,91.0,public,True,283.8,56.76,Pass
5755,female,group E,bachelor degree,free/reduced,True,12.8,10.9,81.0,57.0,70.46045112781955,public,True,232.16045112781956,46.43,Fail
5756,female,group C,high school,standard,True,14.9,6.9,88.0,81.0,67.0,public,True,257.8,51.56,Pass
5757,female,group E,master degree,free/reduced,True,3.2,8.0,41.0,76.0,61.0,public,True,189.2,37.84,Fail
5758,female,group E,master degree,standard,True,7.3,6.3,75.0,59.0,65.0,public,True,212.6,42.52,Fail
5759,male,group B,high school,free/reduced,False,8.7,8.8,72.0,84.0,56.0,public,False,229.5,45.9,Fail
5760,male,group E,bachelor degree,standard,False,12.2,9.0,58.0,71.13410138248848,81.0,public,True,231.33410138248848,46.27,Fail
5761,female,group C,bachelor degree,free/reduced,False,8.0,7.9,67.0,55.0,83.0,public,True,220.9,44.18,Fail
5762,male,group E,bachelor degree,standard,False,14.6,6.4,85.0,65.0,77.0,public,True,248.0,49.6,Fail
5763,male,group C,bachelor degree,free/reduced,True,11.1,8.9,79.0,71.0,81.0,public,True,251.0,50.2,Pass
5764,male,group A,bachelor degree,standard,False,8.5,7.0,85.0,89.0,86.0,public,True,275.5,55.1,Pass
5765,female,group D,bachelor degree,standard,True,13.3,9.2,67.0,71.13410138248848,89.0,public,True,249.6341013824885,49.93,Fail
5766,female,group C,some college,standard,True,11.7,8.8,78.0,91.0,92.0,public,True,281.5,56.3,Pass
5767,male,group B,high school,free/reduced,False,14.8,7.8,62.0,68.0,85.0,international,True,237.6,47.52,Fail
5768,male,group E,some college,standard,True,17.0,9.6,59.0,56.0,41.0,public,True,182.6,36.52,Fail
5769,female,group E,associate degree,standard,False,16.4,5.3,53.0,58.0,70.0,public,True,202.7,40.54,Fail
5770,female,group C,high school,standard,True,2.6,5.9,62.0,56.0,79.0,public,True,205.5,41.1,Fail
5771,female,group C,high school,standard,False,9.66265306122449,6.9,61.0,48.0,69.0,public,True,194.5626530612245,38.91,Fail
5772,male,group C,master degree,standard,False,18.5,8.1,77.0,85.0,62.0,public,True,250.6,50.12,Pass
5773,female,group E,high school,standard,False,16.0,7.193586956521739,68.0,60.0,78.0,private,True,229.19358695652176,45.84,Fail
5774,male,group D,associate degree,free/reduced,True,7.9,9.4,65.0,92.0,94.0,public,True,268.3,53.66,Pass
5775,female,group E,bachelor degree,free/reduced,True,7.5,8.1,86.0,68.0,92.0,public,True,261.6,52.32,Pass
5776,female,group A,bachelor degree,standard,True,12.6,7.193586956521739,82.0,61.0,80.0,public,False,242.79358695652172,48.56,Fail
5777,female,group B,high school,standard,True,16.3,4.7,100.0,51.0,77.0,private,True,249.0,49.8,Fail
5778,male,group B,high school,standard,True,8.6,7.193586956521739,66.0,91.0,63.0,international,True,235.79358695652172,47.16,Fail
5779,female,group D,high school,standard,True,0.3,7.3,100.0,61.0,81.0,public,True,249.6,49.92,Fail
5780,male,group C,some college,free/reduced,True,18.2,8.4,62.0,59.0,68.0,private,True,215.6,43.12,Fail
5781,female,group C,associate degree,standard,True,3.2,5.0,72.0,75.0,81.0,public,True,236.2,47.24,Fail
5782,female,group E,high school,standard,False,12.2,6.2,65.0,76.0,69.0,public,True,228.4,45.68,Fail
5783,male,group B,high school,free/reduced,False,12.1,7.193586956521739,81.0,71.13410138248848,62.0,private,True,233.42768833901022,46.69,Fail
5784,female,group E,high school,standard,False,17.1,8.2,50.0,77.0,79.0,public,False,231.3,46.26,Fail
5785,male,group D,high school,standard,False,2.9,8.9,67.0,72.0,71.0,public,True,221.8,44.36,Fail
5786,male,group C,associate degree,free/reduced,False,1.5,9.2,72.0,79.0,88.0,public,True,249.7,49.94,Fail
5787,female,group C,bachelor degree,standard,False,5.5,5.3,55.0,62.0,66.0,public,True,193.8,38.76,Fail
5788,female,group D,high school,standard,False,9.3,7.193586956521739,47.0,71.13410138248848,90.0,private,True,224.6276883390102,44.93,Fail
5789,male,group C,bachelor degree,standard,False,13.7,8.2,49.0,30.0,70.0,public,True,170.9,34.18,Fail
5790,male,group B,master degree,free/reduced,False,12.9,9.2,91.0,64.0,73.0,public,True,250.1,50.02,Pass
5791,female,group B,high school,standard,False,6.6,7.1,72.0,76.0,69.0,public,True,230.7,46.14,Fail
5792,female,group C,high school,standard,False,8.3,6.6,56.0,85.0,100.0,private,False,255.9,51.18,Pass
5793,female,group D,some college,standard,True,9.8,7.5,64.0,68.0,60.0,international,True,209.3,41.86,Fail
5794,female,group B,high school,standard,False,9.66265306122449,5.9,60.0,79.0,33.0,international,True,187.5626530612245,37.51,Fail
5795,female,group C,associate degree,standard,True,21.5,5.9,83.0,72.0,78.0,international,True,260.4,52.08,Pass
5796,female,group E,some college,standard,True,11.9,5.2,70.0,80.0,81.0,public,True,248.1,49.62,Fail
5797,female,group D,master degree,free/reduced,True,10.5,10.1,57.0,82.0,71.0,private,True,230.6,46.12,Fail
5798,female,group B,high school,standard,False,9.9,5.9,74.0,71.13410138248848,83.0,public,True,243.93410138248848,48.79,Fail
5799,male,group E,high school,free/reduced,True,2.7,7.8,26.0,84.0,91.0,international,True,211.5,42.3,Fail
5800,male,group D,high school,standard,False,7.7,8.5,97.0,61.0,84.0,private,True,258.2,51.64,Pass
5801,female,group C,associate degree,standard,False,18.0,7.9,26.0,73.0,52.0,private,True,176.9,35.38,Fail
5802,male,group E,bachelor degree,free/reduced,True,5.2,8.2,60.0,72.0,74.0,public,True,219.4,43.88,Fail
5803,female,group C,high school,free/reduced,True,6.8,7.4,52.0,99.0,77.0,public,True,242.2,48.44,Fail
5804,male,group A,high school,free/reduced,False,8.6,4.3,87.0,98.0,75.0,public,True,272.9,54.58,Pass
5805,male,group A,some college,standard,False,5.7,5.8,51.0,58.0,75.0,private,True,195.5,39.1,Fail
5806,female,group A,associate degree,standard,True,9.5,3.8,69.0,68.0,69.0,public,True,219.3,43.86,Fail
5807,male,group B,bachelor degree,free/reduced,True,13.0,6.7,91.0,71.13410138248848,83.0,public,True,264.8341013824885,52.97,Pass
5808,male,group A,some college,standard,False,4.4,7.3,87.0,82.0,58.0,public,True,238.7,47.74,Fail
5809,female,group A,associate degree,free/reduced,True,2.2,7.5,53.0,81.0,61.0,public,True,204.7,40.94,Fail
5810,male,group B,high school,free/reduced,True,5.2,5.9,83.0,66.0,81.0,public,False,241.1,48.22,Fail
5811,female,group E,bachelor degree,free/reduced,True,10.7,8.2,89.0,71.13410138248848,68.0,public,True,247.03410138248847,49.41,Fail
5812,male,group B,bachelor degree,standard,False,4.9,6.9,77.0,72.0,85.0,private,True,245.8,49.16,Fail
5813,male,group A,some college,standard,False,4.1,7.193586956521739,61.0,68.0,76.0,public,True,216.29358695652172,43.26,Fail
5814,male,group D,master degree,free/reduced,False,8.5,7.193586956521739,65.0,100.0,78.0,public,True,258.69358695652176,51.74,Pass
5815,female,group C,high school,standard,False,0.1,6.2,72.0,68.0,87.0,public,False,233.3,46.66,Fail
5816,female,group A,some college,standard,True,0.0,7.0,69.0,73.0,72.0,public,True,221.0,44.2,Fail
5817,male,group D,high school,standard,True,7.5,9.2,79.0,71.0,94.0,public,False,260.7,52.14,Pass
5818,male,group C,some college,standard,False,8.2,9.0,81.0,71.0,75.0,public,True,244.2,48.84,Fail
5819,female,group A,some college,free/reduced,True,4.7,4.6,73.0,70.0,74.0,public,True,226.3,45.26,Fail
5820,male,group E,high school,standard,False,8.2,7.9,64.0,70.0,58.0,public,True,208.1,41.62,Fail
5821,female,group A,associate degree,free/reduced,False,13.6,8.0,72.0,69.0,90.0,public,True,252.6,50.52,Pass
5822,female,group D,high school,free/reduced,True,5.1,6.6,44.0,54.0,46.0,public,True,155.7,31.14,Fail
5823,female,group E,bachelor degree,standard,False,6.9,6.8,63.0,79.0,71.0,public,True,226.7,45.34,Fail
5824,female,group A,high school,free/reduced,True,11.8,7.4,94.0,51.0,80.0,public,True,244.2,48.84,Fail
5825,female,group D,master degree,free/reduced,False,11.6,6.8,91.0,72.0,85.0,private,True,266.4,53.28,Pass
5826,male,group E,high school,standard,False,11.9,7.0,52.0,96.0,62.0,public,True,228.9,45.78,Fail
5827,male,group E,bachelor degree,standard,True,9.66265306122449,6.2,61.0,100.0,86.0,public,True,262.8626530612245,52.57,Pass
5828,female,group E,associate degree,standard,False,9.66265306122449,6.2,72.0,69.0,62.0,private,False,218.86265306122448,43.77,Fail
5829,female,group D,bachelor degree,free/reduced,True,16.1,9.7,58.0,90.0,94.0,private,True,267.8,53.56,Pass
5830,male,group E,associate degree,standard,False,9.8,6.7,49.0,54.0,46.0,private,False,165.5,33.1,Fail
5831,male,group B,associate degree,free/reduced,False,9.66265306122449,7.193586956521739,66.0,85.0,86.0,public,True,253.85624001774625,50.77,Pass
5832,male,group C,high school,standard,False,7.7,6.0,72.0,60.0,50.0,public,False,195.7,39.14,Fail
5833,male,group C,bachelor degree,standard,False,12.4,7.4,76.0,81.0,82.0,public,True,258.8,51.76,Pass
5834,male,group B,bachelor degree,standard,True,7.5,7.8,38.0,62.0,71.0,public,True,186.3,37.26,Fail
5835,male,group C,some college,free/reduced,False,2.9,8.3,51.0,60.0,74.0,public,True,196.2,39.24,Fail
5836,male,group B,associate degree,standard,True,4.5,6.1,47.0,66.0,81.0,public,True,204.6,40.92,Fail
5837,female,group B,some college,standard,True,18.0,5.2,66.0,79.0,86.0,public,True,254.2,50.84,Pass
5838,male,group C,high school,standard,False,7.0,8.8,49.0,59.0,75.0,public,True,198.8,39.76,Fail
5839,female,group E,bachelor degree,standard,False,7.6,7.193586956521739,72.0,95.0,64.0,private,True,245.79358695652172,49.16,Fail
5840,male,group B,associate degree,free/reduced,True,9.66265306122449,8.0,48.0,77.0,55.0,private,True,197.6626530612245,39.53,Fail
5841,female,group E,master degree,standard,True,10.5,7.5,69.0,21.0,77.0,public,True,185.0,37.0,Fail
5842,male,group C,high school,standard,False,7.7,7.5,65.0,64.0,72.0,international,True,216.2,43.24,Fail
5843,male,group E,master degree,free/reduced,False,9.66265306122449,8.5,70.0,71.13410138248848,58.0,public,False,217.29675444371298,43.46,Fail
5844,female,group C,high school,free/reduced,True,9.66265306122449,6.8,58.0,44.0,100.0,public,True,218.4626530612245,43.69,Fail
5845,male,group C,bachelor degree,standard,False,7.0,9.9,73.0,77.0,81.0,public,True,247.9,49.58,Fail
5846,female,group D,high school,free/reduced,False,4.8,9.1,49.0,85.0,52.0,public,True,199.9,39.98,Fail
5847,male,group E,bachelor degree,standard,True,13.2,9.0,82.0,57.0,76.0,public,True,237.2,47.44,Fail
5848,female,group D,some college,standard,True,9.66265306122449,6.0,76.0,72.0,83.0,international,True,246.6626530612245,49.33,Fail
5849,male,group E,high school,standard,False,14.3,7.3,74.0,71.13410138248848,66.0,public,True,232.73410138248846,46.55,Fail
5850,female,group A,master degree,standard,False,11.3,8.8,73.0,78.0,85.0,public,True,256.1,51.22,Pass
5851,male,group B,bachelor degree,standard,False,8.6,9.3,87.0,71.13410138248848,81.0,private,True,257.0341013824885,51.41,Pass
5852,female,group A,some college,standard,False,8.6,6.2,79.0,81.0,55.0,public,True,229.8,45.96,Fail
5853,female,group A,some college,free/reduced,False,0.0,8.5,54.0,53.0,86.0,public,True,201.5,40.3,Fail
5854,female,group E,bachelor degree,free/reduced,True,2.1,10.1,76.0,75.0,49.0,public,True,212.2,42.44,Fail
5855,female,group E,high school,free/reduced,False,11.7,5.8,71.0,69.0,67.0,public,True,224.5,44.9,Fail
5856,female,group B,associate degree,free/reduced,True,7.2,6.9,92.0,86.0,70.46045112781955,public,True,262.56045112781953,52.51,Pass
5857,female,group A,associate degree,standard,False,17.5,7.5,90.0,83.0,54.0,public,False,252.0,50.4,Pass
5858,female,group B,associate degree,free/reduced,False,10.2,9.1,54.0,72.0,60.0,private,True,205.3,41.06,Fail
5859,female,group E,associate degree,free/reduced,True,9.66265306122449,6.9,53.0,100.0,61.0,public,True,230.5626530612245,46.11,Fail
5860,male,group B,bachelor degree,free/reduced,False,9.66265306122449,7.8,73.0,85.0,70.0,public,True,245.4626530612245,49.09,Fail
5861,male,group D,some college,standard,False,16.2,6.2,41.0,72.0,74.0,public,True,209.4,41.88,Fail
5862,male,group D,some college,free/reduced,False,13.1,7.193586956521739,45.0,71.0,80.0,public,True,216.29358695652172,43.26,Fail
5863,male,group B,high school,standard,True,15.2,7.6,65.0,55.0,81.0,public,True,223.8,44.76,Fail
5864,female,group B,high school,standard,True,12.6,7.0,81.0,100.0,70.46045112781955,public,True,271.06045112781953,54.21,Pass
5865,female,group D,high school,standard,False,3.6,8.3,56.0,67.0,80.0,public,True,214.9,42.98,Fail
5866,female,group C,high school,standard,False,9.0,8.2,71.0,62.0,51.0,international,True,201.2,40.24,Fail
5867,female,group E,high school,standard,False,10.7,5.6,91.0,69.0,75.0,public,False,251.3,50.26,Pass
5868,female,group D,bachelor degree,standard,True,17.3,8.6,84.0,72.0,67.0,international,False,248.9,49.78,Fail
5869,female,group B,high school,standard,True,7.5,4.7,36.0,62.0,66.0,public,True,176.2,35.24,Fail
5870,male,group B,high school,free/reduced,False,0.0,5.6,37.0,79.0,70.0,public,True,191.6,38.32,Fail
5871,male,group B,associate degree,standard,False,9.66265306122449,5.3,88.0,60.0,44.0,public,True,206.9626530612245,41.39,Fail
5872,female,group A,high school,free/reduced,False,9.5,8.9,81.0,71.0,68.0,public,True,238.4,47.68,Fail
5873,female,group C,some college,standard,False,11.9,7.193586956521739,88.0,81.0,75.0,international,False,263.09358695652173,52.62,Pass
5874,male,group B,associate degree,standard,True,12.3,7.7,76.0,42.0,72.0,public,False,210.0,42.0,Fail
5875,male,group B,associate degree,standard,False,0.0,6.9,54.0,62.0,72.0,public,True,194.9,38.98,Fail
5876,male,group D,bachelor degree,free/reduced,False,9.66265306122449,6.3,53.0,57.0,66.0,public,True,191.9626530612245,38.39,Fail
5877,female,group A,associate degree,free/reduced,False,15.2,9.1,50.0,53.0,95.0,private,True,222.3,44.46,Fail
5878,male,group E,some college,standard,True,8.3,7.8,65.0,71.13410138248848,75.0,public,True,227.23410138248846,45.45,Fail
5879,male,group B,bachelor degree,standard,False,6.2,7.9,66.0,67.0,97.0,public,True,244.1,48.82,Fail
5880,female,group C,master degree,standard,False,5.6,8.9,72.0,90.0,61.0,public,False,237.5,47.5,Fail
5881,female,group C,some college,free/reduced,False,9.66265306122449,4.7,37.0,47.0,58.0,private,True,156.36265306122448,31.27,Fail
5882,male,group D,high school,standard,False,5.2,5.9,65.0,91.0,70.46045112781955,private,True,237.56045112781953,47.51,Fail
5883,male,group D,associate degree,standard,False,17.7,7.1,42.0,93.0,66.0,public,True,225.8,45.16,Fail
5884,female,group E,high school,standard,False,12.1,8.8,62.0,78.0,50.0,private,True,210.9,42.18,Fail
5885,female,group E,associate degree,standard,True,2.3,4.9,71.0,78.0,100.0,international,True,256.2,51.24,Pass
5886,female,group A,associate degree,standard,False,2.8,8.1,83.0,77.0,78.0,international,True,248.9,49.78,Fail
5887,male,group D,some college,standard,False,3.4,8.4,92.0,71.0,73.0,public,True,247.8,49.56,Fail
5888,female,group B,high school,standard,False,12.5,7.3,78.0,59.0,67.0,public,True,223.8,44.76,Fail
5889,female,group B,high school,standard,True,6.2,7.6,80.0,100.0,77.0,public,False,270.8,54.16,Pass
5890,male,group D,associate degree,standard,False,11.6,7.193586956521739,73.0,61.0,85.0,private,True,237.79358695652172,47.56,Fail
5891,female,group E,master degree,free/reduced,False,8.5,6.8,93.0,50.0,85.0,public,False,243.3,48.66,Fail
5892,male,group C,associate degree,standard,True,7.4,8.4,97.0,47.0,99.0,private,True,258.8,51.76,Pass
5893,female,group E,bachelor degree,standard,True,8.5,7.7,48.0,71.13410138248848,59.0,public,True,194.33410138248848,38.87,Fail
5894,male,group D,some college,free/reduced,False,8.1,8.2,67.0,62.0,74.0,public,True,219.3,43.86,Fail
5895,female,group D,bachelor degree,standard,True,8.2,7.2,60.0,71.13410138248848,74.0,private,True,220.53410138248847,44.11,Fail
5896,male,group D,some college,free/reduced,False,14.8,6.5,73.0,60.0,60.0,private,True,214.3,42.86,Fail
5897,female,group D,high school,free/reduced,False,15.4,8.7,73.0,96.0,99.0,private,False,292.1,58.42,Pass
5898,male,group D,master degree,standard,False,9.9,8.2,78.0,92.0,99.0,private,True,287.1,57.42,Pass
5899,female,group D,some college,free/reduced,False,4.8,9.0,38.0,68.0,54.0,international,True,173.8,34.76,Fail
5900,female,group E,high school,standard,False,9.66265306122449,5.7,80.0,60.0,83.0,public,False,238.36265306122448,47.67,Fail
5901,male,group B,bachelor degree,standard,False,13.9,6.2,64.0,89.0,78.0,international,True,251.1,50.22,Pass
5902,male,group B,high school,standard,False,22.6,7.193586956521739,76.0,61.0,84.0,private,True,250.79358695652172,50.16,Pass
5903,male,group C,high school,standard,False,14.2,9.6,75.0,58.0,63.0,international,True,219.8,43.96,Fail
5904,male,group C,bachelor degree,free/reduced,False,9.5,6.1,62.0,60.0,59.0,public,False,196.6,39.32,Fail
5905,female,group B,high school,standard,False,1.6,7.5,58.0,72.0,82.0,public,True,221.1,44.22,Fail
5906,male,group E,some college,standard,False,12.0,6.5,75.0,56.0,45.0,public,True,194.5,38.9,Fail
5907,female,group E,high school,standard,True,7.1,7.9,65.0,67.0,79.0,public,True,226.0,45.2,Fail
5908,male,group E,high school,free/reduced,True,12.4,5.7,67.0,52.0,73.0,private,True,210.1,42.02,Fail
5909,male,group D,bachelor degree,standard,True,6.2,6.4,79.0,77.0,70.0,private,True,238.6,47.72,Fail
5910,male,group C,associate degree,standard,True,9.66265306122449,5.5,59.0,57.0,70.46045112781955,public,True,201.62310418904406,40.32,Fail
5911,female,group A,bachelor degree,free/reduced,False,7.1,6.5,38.0,69.0,93.0,public,True,213.6,42.72,Fail
5912,male,group D,high school,free/reduced,False,7.9,7.193586956521739,43.0,64.0,84.0,public,True,206.09358695652173,41.22,Fail
5913,male,group C,some college,standard,False,6.0,5.8,100.0,79.0,63.0,public,True,253.8,50.76,Pass
5914,female,group B,some college,standard,True,6.1,7.8,53.0,84.0,82.0,private,True,232.9,46.58,Fail
5915,female,group C,high school,free/reduced,False,9.0,7.4,74.0,71.13410138248848,70.46045112781955,public,True,231.99455251030804,46.4,Fail
5916,male,group A,some college,standard,False,11.8,8.0,63.0,60.0,57.0,public,True,199.8,39.96,Fail
5917,male,group C,high school,standard,False,15.0,7.9,66.0,72.0,82.0,public,True,242.9,48.58,Fail
5918,male,group E,master degree,standard,False,5.6,8.2,90.0,59.0,70.46045112781955,public,True,233.26045112781958,46.65,Fail
5919,male,group A,high school,standard,False,17.0,6.9,62.0,71.13410138248848,53.0,public,True,210.03410138248847,42.01,Fail
5920,female,group C,high school,free/reduced,True,11.1,7.4,55.0,55.0,46.0,public,True,174.5,34.9,Fail
5921,male,group E,associate degree,standard,False,10.5,7.3,54.0,80.0,68.0,public,True,219.8,43.96,Fail
5922,female,group B,some college,standard,True,5.1,5.0,78.0,77.0,65.0,private,True,230.1,46.02,Fail
5923,male,group D,master degree,standard,False,7.5,7.2,53.0,65.0,70.46045112781955,international,True,203.16045112781956,40.63,Fail
5924,male,group D,associate degree,standard,False,13.7,6.0,43.0,57.0,92.0,public,True,211.7,42.34,Fail
5925,female,group C,bachelor degree,standard,False,9.66265306122449,8.2,74.0,80.0,83.0,public,True,254.86265306122448,50.97,Pass
5926,male,group B,some college,standard,True,6.1,8.0,74.0,91.0,58.0,private,True,237.1,47.42,Fail
5927,female,group C,some college,standard,False,6.2,8.6,74.0,93.0,64.0,public,False,245.8,49.16,Fail
5928,male,group A,some college,free/reduced,True,7.4,4.7,74.0,55.0,60.0,international,True,201.1,40.22,Fail
5929,male,group E,bachelor degree,free/reduced,True,9.0,6.8,32.0,87.0,73.0,public,True,207.8,41.56,Fail
5930,male,group D,high school,free/reduced,False,13.1,10.4,83.0,86.0,66.0,public,True,258.5,51.7,Pass
5931,female,group D,some college,standard,False,12.5,5.4,53.0,80.0,80.0,private,True,230.9,46.18,Fail
5932,female,group D,associate degree,free/reduced,True,11.0,6.9,68.0,50.0,81.0,public,True,216.9,43.38,Fail
5933,female,group D,associate degree,free/reduced,False,6.8,8.6,89.0,72.0,83.0,public,True,259.4,51.88,Pass
5934,male,group A,some college,standard,True,10.6,6.3,84.0,51.0,73.0,public,True,224.9,44.98,Fail
5935,male,group B,some college,standard,False,6.4,6.5,68.0,62.0,98.0,private,True,240.9,48.18,Fail
5936,female,group B,some college,standard,False,3.8,6.8,82.0,80.0,68.0,public,True,240.6,48.12,Fail
5937,male,group D,associate degree,standard,True,11.0,6.9,45.0,82.0,100.0,public,False,244.9,48.98,Fail
5938,female,group E,bachelor degree,free/reduced,False,12.6,8.1,88.0,97.0,60.0,public,True,265.7,53.14,Pass
5939,female,group B,some college,standard,False,10.3,6.7,66.0,57.0,100.0,public,True,240.0,48.0,Fail
5940,female,group D,bachelor degree,standard,True,14.0,6.0,51.0,60.0,73.0,public,True,204.0,40.8,Fail
5941,female,group B,high school,standard,False,12.6,4.5,66.0,86.0,70.46045112781955,public,True,239.56045112781953,47.91,Fail
5942,female,group D,bachelor degree,free/reduced,False,9.9,6.0,76.0,59.0,51.0,public,True,201.9,40.38,Fail
5943,male,group C,high school,standard,False,10.2,6.7,70.0,74.0,67.0,public,True,227.9,45.58,Fail
5944,male,group C,associate degree,free/reduced,True,9.4,6.6,84.0,61.0,70.46045112781955,public,True,231.46045112781957,46.29,Fail
5945,female,group A,master degree,standard,True,0.0,7.3,54.0,82.0,58.0,public,True,201.3,40.26,Fail
5946,male,group A,some college,free/reduced,True,6.6,7.1,68.0,100.0,66.0,public,True,247.7,49.54,Fail
5947,male,group E,high school,standard,True,8.1,5.7,62.0,42.0,68.0,public,True,185.8,37.16,Fail
5948,female,group B,bachelor degree,free/reduced,True,5.0,7.3,78.0,71.13410138248848,73.0,public,True,234.43410138248848,46.89,Fail
5949,male,group B,some college,standard,True,9.8,9.1,71.0,65.0,75.0,public,True,229.9,45.98,Fail
5950,female,group E,high school,free/reduced,True,8.9,6.6,63.0,73.0,42.0,public,True,193.5,38.7,Fail
5951,female,group A,master degree,standard,False,15.5,5.6,72.0,52.0,70.46045112781955,international,True,215.56045112781953,43.11,Fail
5952,female,group D,master degree,standard,False,11.4,9.4,50.0,77.0,57.0,private,True,204.8,40.96,Fail
5953,male,group C,high school,free/reduced,True,11.0,4.3,64.0,81.0,87.0,public,True,247.3,49.46,Fail
5954,male,group E,high school,free/reduced,False,14.8,9.0,60.0,60.0,51.0,public,True,194.8,38.96,Fail
5955,male,group A,some college,standard,False,9.66265306122449,7.9,75.0,79.0,79.0,public,True,250.5626530612245,50.11,Pass
5956,female,group B,some college,free/reduced,False,9.8,8.8,81.0,71.13410138248848,66.0,public,True,236.73410138248846,47.35,Fail
5957,male,group B,master degree,standard,False,16.8,7.3,80.0,79.0,71.0,international,True,254.1,50.82,Pass
5958,male,group E,bachelor degree,standard,True,9.4,4.8,40.0,61.0,89.0,public,True,204.2,40.84,Fail
5959,male,group C,high school,free/reduced,True,10.8,8.4,60.0,68.0,57.0,public,True,204.2,40.84,Fail
5960,female,group C,high school,standard,False,6.3,7.5,57.0,48.0,72.0,public,False,190.8,38.16,Fail
5961,male,group D,some college,standard,True,9.2,7.7,66.0,56.0,77.0,public,True,215.9,43.18,Fail
5962,male,group E,high school,standard,True,8.6,7.193586956521739,74.0,71.13410138248848,61.0,public,True,221.92768833901022,44.39,Fail
5963,female,group C,bachelor degree,standard,False,5.9,7.4,89.0,67.0,57.0,public,False,226.3,45.26,Fail
5964,male,group B,associate degree,standard,True,0.1,8.7,58.0,65.0,76.0,international,True,207.8,41.56,Fail
5965,male,group A,some college,standard,False,20.5,7.7,80.0,57.0,72.0,public,True,237.2,47.44,Fail
5966,male,group E,some college,standard,True,11.3,7.4,68.0,57.0,85.0,private,True,228.7,45.74,Fail
5967,female,group C,high school,standard,True,11.5,8.9,74.0,79.0,77.0,international,False,250.4,50.08,Pass
5968,male,group D,some college,standard,True,9.66265306122449,6.7,57.0,91.0,71.0,public,False,235.36265306122448,47.07,Fail
5969,female,group C,some college,standard,False,15.7,6.4,40.0,75.0,69.0,public,True,206.1,41.22,Fail
5970,female,group B,high school,standard,False,1.0,6.8,71.0,53.0,65.0,private,True,196.8,39.36,Fail
5971,male,group A,high school,free/reduced,True,4.4,5.4,82.0,70.0,55.0,public,False,216.8,43.36,Fail
5972,female,group E,associate degree,standard,True,18.1,8.9,79.0,87.0,60.0,public,True,253.0,50.6,Pass
5973,female,group D,high school,standard,False,13.7,5.4,73.0,97.0,72.0,public,True,261.1,52.22,Pass
5974,female,group D,associate degree,standard,True,5.4,8.2,67.0,56.0,65.0,public,False,201.6,40.32,Fail
5975,female,group E,bachelor degree,standard,False,4.3,8.7,52.0,60.0,49.0,public,True,174.0,34.8,Fail
5976,male,group A,master degree,free/reduced,False,1.1,7.193586956521739,63.0,73.0,84.0,private,True,228.29358695652172,45.66,Fail
5977,female,group C,associate degree,standard,True,10.3,5.7,57.0,62.0,66.0,public,True,201.0,40.2,Fail
5978,female,group E,high school,standard,False,9.66265306122449,7.4,72.0,28.0,75.0,public,True,192.0626530612245,38.41,Fail
5979,male,group D,high school,standard,False,9.66265306122449,6.2,92.0,48.0,57.0,public,True,212.86265306122448,42.57,Fail
5980,male,group A,bachelor degree,standard,True,18.0,4.1,66.0,90.0,69.0,public,True,247.1,49.42,Fail
5981,male,group C,high school,standard,True,6.2,7.7,73.0,81.0,73.0,public,True,240.9,48.18,Fail
5982,male,group E,high school,free/reduced,False,3.6,8.0,72.0,75.0,52.0,public,True,210.6,42.12,Fail
5983,male,group D,associate degree,standard,True,1.3,5.4,86.0,71.0,59.0,public,True,222.7,44.54,Fail
5984,male,group B,master degree,free/reduced,True,14.8,7.7,90.0,66.0,79.0,public,True,257.5,51.5,Pass
5985,female,group C,high school,free/reduced,True,6.6,7.7,100.0,96.0,48.0,public,True,258.3,51.66,Pass
5986,male,group B,some college,free/reduced,False,6.3,8.0,100.0,58.0,51.0,public,True,223.3,44.66,Fail
5987,female,group D,bachelor degree,standard,False,11.8,8.5,52.0,70.0,53.0,public,True,195.3,39.06,Fail
5988,male,group D,some college,standard,False,10.1,3.6,78.0,63.0,69.0,public,True,223.7,44.74,Fail
5989,female,group B,associate degree,standard,False,3.1,8.2,83.0,71.0,73.0,private,False,238.3,47.66,Fail
5990,female,group A,high school,free/reduced,False,10.1,10.1,48.0,55.0,77.0,public,True,200.2,40.04,Fail
5991,male,group B,some college,standard,False,9.8,6.6,80.0,70.0,76.0,public,True,242.4,48.48,Fail
5992,female,group E,high school,standard,False,21.5,8.1,67.0,81.0,86.0,international,False,263.6,52.72,Pass
5993,male,group C,some college,standard,True,13.7,9.2,82.0,71.13410138248848,68.0,public,True,244.03410138248847,48.81,Fail
5994,male,group C,bachelor degree,standard,False,19.1,6.3,66.0,47.0,98.0,public,True,236.4,47.28,Fail
5995,female,group E,high school,standard,True,6.7,7.8,91.0,71.13410138248848,78.0,public,True,254.6341013824885,50.93,Pass
5996,male,group B,associate degree,standard,True,9.66265306122449,7.1,62.0,83.0,70.46045112781955,private,True,232.22310418904402,46.44,Fail
5997,female,group D,bachelor degree,free/reduced,False,15.2,6.2,53.0,74.0,90.0,private,True,238.4,47.68,Fail
5998,male,group C,bachelor degree,standard,True,0.0,10.0,60.0,82.0,73.0,private,False,225.0,45.0,Fail
5999,female,group B,high school,standard,True,6.0,7.193586956521739,76.0,71.13410138248848,65.0,public,True,225.32768833901022,45.07,Fail
6000,male,group D,some college,standard,True,7.9,7.6,54.0,90.0,75.0,public,True,234.5,46.9,Fail
6001,female,group A,bachelor degree,standard,False,13.5,8.7,78.0,71.13410138248848,76.0,public,True,247.33410138248848,49.47,Fail
6002,male,group D,high school,standard,False,11.5,5.5,73.0,51.0,55.0,public,True,196.0,39.2,Fail
6003,female,group A,bachelor degree,standard,False,9.66265306122449,7.4,83.0,53.0,82.0,public,False,235.0626530612245,47.01,Fail
6004,female,group A,associate degree,standard,False,14.3,5.0,68.0,99.0,84.0,public,True,270.3,54.06,Pass
6005,male,group B,bachelor degree,standard,False,9.4,9.2,71.0,79.0,75.0,public,True,243.6,48.72,Fail
6006,male,group C,master degree,standard,False,9.6,4.7,68.0,64.0,83.0,public,True,229.3,45.86,Fail
6007,female,group D,some college,standard,False,9.1,8.3,85.0,93.0,53.0,public,True,248.4,49.68,Fail
6008,male,group A,some college,standard,False,10.0,5.2,44.0,64.0,82.0,public,True,205.2,41.04,Fail
6009,female,group C,some college,standard,False,4.1,7.4,94.0,56.0,80.0,public,True,241.5,48.3,Fail
6010,female,group A,some college,standard,True,8.8,6.5,84.0,73.0,76.0,international,True,248.3,49.66,Fail
6011,female,group C,high school,free/reduced,True,9.7,5.5,94.0,73.0,57.0,public,False,239.2,47.84,Fail
6012,male,group B,high school,standard,False,6.0,6.5,92.0,54.0,79.0,public,True,237.5,47.5,Fail
6013,female,group A,some college,standard,True,9.9,7.193586956521739,78.0,65.0,28.0,public,True,188.09358695652173,37.62,Fail
6014,female,group C,some college,free/reduced,True,14.1,7.0,63.0,78.0,76.0,private,True,238.1,47.62,Fail
6015,male,group E,high school,free/reduced,False,10.7,7.9,58.0,94.0,61.0,private,True,231.6,46.32,Fail
6016,female,group D,associate degree,standard,True,14.3,8.3,56.0,66.0,72.0,public,True,216.6,43.32,Fail
6017,female,group E,master degree,standard,False,14.7,8.1,70.0,69.0,86.0,public,True,247.8,49.56,Fail
6018,female,group D,high school,standard,True,9.66265306122449,7.4,67.0,81.0,82.0,public,True,247.0626530612245,49.41,Fail
6019,male,group A,high school,free/reduced,False,8.1,7.1,39.0,87.0,67.0,public,True,208.2,41.64,Fail
6020,male,group B,some college,standard,False,7.4,7.7,74.0,46.0,64.0,public,False,199.1,39.82,Fail
6021,female,group B,high school,standard,False,4.4,7.3,57.0,67.0,87.0,public,True,222.7,44.54,Fail
6022,female,group B,bachelor degree,standard,True,9.5,6.7,34.0,68.0,79.0,private,True,197.2,39.44,Fail
6023,female,group D,associate degree,standard,True,13.4,7.7,79.0,54.0,68.0,public,True,222.1,44.42,Fail
6024,female,group B,high school,standard,True,14.2,6.2,79.0,88.0,65.0,public,True,252.4,50.48,Pass
6025,male,group B,bachelor degree,standard,True,18.5,8.0,88.0,72.0,64.0,public,True,250.5,50.1,Pass
6026,female,group D,high school,free/reduced,False,3.2,7.193586956521739,70.0,87.0,54.0,private,True,221.39358695652174,44.28,Fail
6027,male,group D,high school,standard,True,7.8,7.193586956521739,75.0,52.0,73.0,public,False,214.99358695652174,43.0,Fail
6028,female,group D,some college,free/reduced,False,8.7,7.9,66.0,60.0,41.0,private,False,183.6,36.72,Fail
6029,male,group C,master degree,standard,False,15.2,8.7,74.0,66.0,58.0,public,True,221.9,44.38,Fail
6030,female,group C,associate degree,standard,True,2.6,8.8,45.0,54.0,83.0,public,True,193.4,38.68,Fail
6031,male,group C,associate degree,standard,True,10.5,7.0,65.0,53.0,70.0,public,True,205.5,41.1,Fail
6032,female,group E,bachelor degree,free/reduced,True,2.8,6.5,79.0,98.0,71.0,public,True,257.3,51.46,Pass
6033,male,group B,master degree,free/reduced,False,12.8,7.3,44.0,71.13410138248848,83.0,private,True,218.23410138248846,43.65,Fail
6034,female,group B,bachelor degree,standard,True,9.5,7.0,53.0,78.0,62.0,public,True,209.5,41.9,Fail
6035,male,group A,high school,free/reduced,True,7.9,7.6,55.0,65.0,92.0,public,True,227.5,45.5,Fail
6036,female,group A,associate degree,standard,False,9.66265306122449,9.3,51.0,68.0,71.0,public,True,208.9626530612245,41.79,Fail
6037,female,group D,high school,standard,True,5.4,6.2,78.0,57.0,71.0,public,True,217.6,43.52,Fail
6038,male,group C,master degree,standard,False,11.7,5.6,74.0,44.0,69.0,public,True,204.3,40.86,Fail
6039,male,group B,bachelor degree,standard,False,9.9,7.3,73.0,55.0,44.0,public,True,189.2,37.84,Fail
6040,male,group C,high school,standard,True,12.4,8.4,78.0,67.0,57.0,public,True,222.8,44.56,Fail
6041,male,group B,associate degree,standard,False,12.2,7.0,51.0,63.0,70.0,international,True,203.2,40.64,Fail
6042,female,group D,master degree,standard,True,7.8,9.0,64.0,83.0,45.0,public,False,208.8,41.76,Fail
6043,female,group B,high school,standard,False,8.5,6.8,67.0,86.0,66.0,public,True,234.3,46.86,Fail
6044,male,group D,high school,standard,False,10.7,8.8,74.0,72.0,42.0,public,False,207.5,41.5,Fail
6045,female,group E,some college,standard,False,4.1,7.193586956521739,75.0,76.0,64.0,private,True,226.29358695652172,45.26,Fail
6046,female,group B,bachelor degree,free/reduced,False,2.9,7.0,95.0,83.0,72.0,public,True,259.9,51.98,Pass
6047,male,group A,bachelor degree,standard,False,11.3,7.2,70.0,78.0,78.0,international,False,244.5,48.9,Fail
6048,female,group C,master degree,standard,True,12.8,8.2,89.0,58.0,71.0,public,True,239.0,47.8,Fail
6049,male,group B,bachelor degree,free/reduced,True,8.0,5.5,82.0,68.0,70.46045112781955,public,True,233.96045112781957,46.79,Fail
6050,male,group D,high school,standard,False,9.4,7.193586956521739,55.0,70.0,55.0,public,True,196.59358695652173,39.32,Fail
6051,female,group C,some college,standard,False,6.1,8.4,49.0,61.0,52.0,public,True,176.5,35.3,Fail
6052,male,group E,high school,standard,False,18.3,7.3,95.0,82.0,71.0,public,True,273.6,54.72,Pass
6053,female,group B,bachelor degree,free/reduced,False,19.3,8.9,73.0,34.0,56.0,public,False,191.2,38.24,Fail
6054,female,group C,some college,standard,False,6.7,8.1,68.0,66.0,59.0,public,False,207.8,41.56,Fail
6055,female,group C,associate degree,standard,True,13.8,6.6,83.0,29.0,59.0,public,True,191.4,38.28,Fail
6056,male,group C,high school,standard,False,12.0,7.3,73.0,91.0,55.0,international,True,238.3,47.66,Fail
6057,female,group B,high school,standard,False,7.2,7.193586956521739,75.0,57.0,73.0,public,True,219.39358695652174,43.88,Fail
6058,male,group B,bachelor degree,standard,True,9.66265306122449,8.6,53.0,65.0,70.46045112781955,private,True,206.72310418904402,41.34,Fail
6059,male,group E,bachelor degree,standard,False,10.0,8.0,61.0,69.0,73.0,public,True,221.0,44.2,Fail
6060,female,group D,high school,standard,True,9.3,7.6,74.0,45.0,100.0,public,True,235.9,47.18,Fail
6061,female,group D,bachelor degree,free/reduced,False,22.3,9.2,66.0,61.0,98.0,public,True,256.5,51.3,Pass
6062,female,group E,high school,free/reduced,False,11.6,5.7,50.0,67.0,81.0,public,True,215.3,43.06,Fail
6063,female,group E,associate degree,standard,True,0.0,6.9,60.0,42.0,68.0,public,True,176.9,35.38,Fail
6064,female,group E,some college,free/reduced,False,7.3,8.2,60.0,83.0,72.0,public,True,230.5,46.1,Fail
6065,male,group D,associate degree,standard,False,9.66265306122449,5.8,77.0,91.0,68.0,public,False,251.4626530612245,50.29,Pass
6066,female,group C,high school,standard,False,15.0,5.2,42.0,82.0,67.0,private,True,211.2,42.24,Fail
6067,female,group C,associate degree,standard,False,5.0,7.193586956521739,100.0,86.0,70.0,public,True,268.19358695652176,53.64,Pass
6068,male,group C,some college,free/reduced,False,3.0,7.7,69.0,73.0,96.0,private,True,248.7,49.74,Fail
6069,male,group D,some college,standard,False,8.6,8.9,65.0,77.0,92.0,public,True,251.5,50.3,Pass
6070,female,group C,associate degree,standard,False,7.4,6.7,86.0,67.0,71.0,public,True,238.1,47.62,Fail
6071,female,group A,high school,standard,False,5.9,6.0,64.0,85.0,65.0,public,True,225.9,45.18,Fail
6072,female,group D,master degree,free/reduced,True,10.5,6.8,59.0,67.0,73.0,public,True,216.3,43.26,Fail
6073,male,group A,bachelor degree,standard,False,11.6,7.193586956521739,66.0,77.0,71.0,public,True,232.79358695652172,46.56,Fail
6074,female,group D,high school,standard,True,17.6,8.9,86.0,65.0,60.0,public,True,237.5,47.5,Fail
6075,male,group A,bachelor degree,standard,False,19.9,9.9,75.0,57.0,67.0,private,True,228.8,45.76,Fail
6076,male,group B,high school,free/reduced,True,9.7,7.193586956521739,70.0,78.0,75.0,international,True,239.89358695652174,47.98,Fail
6077,male,group E,associate degree,standard,False,1.0,5.7,52.0,51.0,72.0,private,True,181.7,36.34,Fail
6078,female,group C,some college,free/reduced,True,7.9,6.4,68.0,72.0,73.0,public,True,227.3,45.46,Fail
6079,female,group D,bachelor degree,free/reduced,False,11.7,6.1,85.0,71.0,59.0,public,True,232.8,46.56,Fail
6080,female,group E,high school,standard,True,8.9,8.0,56.0,80.0,83.0,public,True,235.9,47.18,Fail
6081,female,group C,associate degree,free/reduced,False,12.7,6.3,51.0,63.0,82.0,public,True,215.0,43.0,Fail
6082,male,group C,some college,free/reduced,True,9.66265306122449,7.3,73.0,52.0,81.0,international,False,222.9626530612245,44.59,Fail
6083,female,group C,high school,standard,True,16.5,5.3,70.0,92.0,73.0,public,False,256.8,51.36,Pass
6084,female,group A,associate degree,standard,False,13.6,8.6,78.0,63.0,72.0,public,True,235.2,47.04,Fail
6085,male,group D,high school,standard,False,11.1,6.6,50.0,60.0,87.0,public,True,214.7,42.94,Fail
6086,male,group C,bachelor degree,standard,True,7.3,6.3,67.0,53.0,62.0,public,True,195.6,39.12,Fail
6087,male,group D,master degree,free/reduced,True,7.2,6.6,46.0,51.0,73.0,private,True,183.8,36.76,Fail
6088,female,group C,master degree,standard,False,9.3,7.0,54.0,68.0,36.0,public,True,174.3,34.86,Fail
6089,male,group D,high school,standard,True,14.4,6.8,89.0,73.0,69.0,private,True,252.2,50.44,Pass
6090,female,group B,high school,standard,True,19.3,8.6,73.0,69.0,53.0,private,True,222.9,44.58,Fail
6091,male,group C,high school,standard,True,9.6,7.8,69.0,79.0,64.0,international,True,229.4,45.88,Fail
6092,female,group C,master degree,free/reduced,False,13.2,7.5,46.0,64.0,58.0,public,True,188.7,37.74,Fail
6093,male,group B,associate degree,standard,True,13.5,7.3,53.0,64.0,77.0,public,True,214.8,42.96,Fail
6094,female,group E,some college,standard,True,11.5,6.7,86.0,62.0,83.0,international,True,249.2,49.84,Fail
6095,male,group C,some college,standard,True,10.2,5.3,67.0,70.0,100.0,public,False,252.5,50.5,Pass
6096,male,group C,high school,standard,True,7.8,8.1,61.0,83.0,82.0,international,True,241.9,48.38,Fail
6097,female,group C,high school,standard,True,8.5,7.193586956521739,77.0,66.0,64.0,public,True,222.69358695652176,44.54,Fail
6098,female,group B,associate degree,standard,False,7.8,7.1,44.0,94.0,94.0,public,True,246.9,49.38,Fail
6099,female,group E,some college,standard,True,13.9,5.3,58.0,66.0,74.0,public,True,217.2,43.44,Fail
6100,male,group A,master degree,standard,False,10.5,9.0,57.0,56.0,73.0,international,False,205.5,41.1,Fail
6101,male,group B,high school,free/reduced,False,5.9,5.0,98.0,67.0,77.0,public,True,252.9,50.58,Pass
6102,female,group C,high school,standard,False,8.4,6.8,76.0,68.0,54.0,public,True,213.2,42.64,Fail
6103,female,group B,some college,standard,True,11.8,7.4,52.0,51.0,81.0,international,True,203.2,40.64,Fail
6104,male,group C,some college,standard,True,6.3,7.193586956521739,85.0,97.0,54.0,public,True,249.49358695652174,49.9,Fail
6105,female,group E,some college,free/reduced,True,1.8,6.6,76.0,83.0,51.0,public,True,218.4,43.68,Fail
6106,female,group A,associate degree,free/reduced,True,14.1,7.0,55.0,74.0,81.0,private,True,231.1,46.22,Fail
6107,male,group B,bachelor degree,free/reduced,True,14.1,7.9,52.0,71.13410138248848,91.0,private,True,236.1341013824885,47.23,Fail
6108,male,group E,high school,standard,True,18.0,7.193586956521739,65.0,71.13410138248848,73.0,public,False,234.32768833901022,46.87,Fail
6109,male,group A,some college,free/reduced,False,12.6,6.4,71.0,70.0,82.0,public,True,242.0,48.4,Fail
6110,female,group A,high school,standard,False,7.1,7.9,58.0,43.0,72.0,public,True,188.0,37.6,Fail
6111,male,group B,associate degree,standard,False,9.2,7.3,79.0,96.0,71.0,public,True,262.5,52.5,Pass
6112,female,group C,high school,standard,True,9.8,6.9,72.0,61.0,70.0,private,False,219.7,43.94,Fail
6113,female,group E,high school,standard,True,2.5,7.193586956521739,73.0,87.0,88.0,private,True,257.69358695652176,51.54,Pass
6114,male,group D,associate degree,standard,True,11.1,5.5,78.0,78.0,68.0,public,False,240.6,48.12,Fail
6115,male,group C,associate degree,standard,False,14.1,8.8,67.0,49.0,68.0,public,True,206.9,41.38,Fail
6116,female,group B,bachelor degree,standard,True,2.7,6.2,57.0,73.0,67.0,private,True,205.9,41.18,Fail
6117,male,group C,master degree,free/reduced,False,10.1,7.4,75.0,71.0,51.0,international,True,214.5,42.9,Fail
6118,female,group E,high school,standard,False,14.9,5.4,50.0,67.0,70.0,private,True,207.3,41.46,Fail
6119,female,group C,master degree,free/reduced,True,4.6,8.0,79.0,64.0,84.0,public,False,239.6,47.92,Fail
6120,female,group D,high school,standard,False,9.66265306122449,9.5,74.0,62.0,70.46045112781955,public,True,225.62310418904406,45.12,Fail
6121,female,group D,high school,free/reduced,False,9.7,7.6,77.0,62.0,64.0,public,False,220.3,44.06,Fail
6122,male,group B,bachelor degree,standard,False,3.1,8.3,90.0,56.0,74.0,international,True,231.4,46.28,Fail
6123,female,group A,some college,standard,True,24.5,6.3,69.0,90.0,66.0,public,False,255.8,51.16,Pass
6124,male,group C,high school,free/reduced,False,9.4,7.5,55.0,63.0,75.0,public,True,209.9,41.98,Fail
6125,female,group D,associate degree,standard,False,5.5,5.6,39.0,39.0,82.0,public,True,171.1,34.22,Fail
6126,female,group A,high school,free/reduced,False,8.6,8.9,63.0,69.0,77.0,public,True,226.5,45.3,Fail
6127,female,group A,master degree,free/reduced,True,5.0,8.8,60.0,65.0,70.0,public,False,208.8,41.76,Fail
6128,female,group A,bachelor degree,free/reduced,False,8.8,7.5,41.0,96.0,38.0,private,True,191.3,38.26,Fail
6129,male,group C,associate degree,standard,False,12.4,7.8,54.0,49.0,63.0,international,True,186.2,37.24,Fail
6130,male,group E,master degree,standard,True,12.7,4.7,53.0,71.13410138248848,69.0,private,False,210.53410138248847,42.11,Fail
6131,male,group E,some college,free/reduced,True,8.7,8.2,62.0,74.0,72.0,public,True,224.9,44.98,Fail
6132,female,group C,high school,standard,False,0.2,10.3,61.0,76.0,43.0,private,True,190.5,38.1,Fail
6133,female,group C,associate degree,standard,False,0.0,8.2,79.0,86.0,97.0,public,False,270.2,54.04,Pass
6134,female,group A,bachelor degree,free/reduced,True,11.6,7.193586956521739,61.0,70.0,85.0,public,True,234.79358695652172,46.96,Fail
6135,female,group C,high school,free/reduced,False,14.6,6.3,56.0,69.0,66.0,private,True,211.9,42.38,Fail
6136,female,group A,some college,free/reduced,True,4.3,6.2,81.0,55.0,81.0,public,True,227.5,45.5,Fail
6137,female,group B,associate degree,standard,True,14.6,5.0,68.0,59.0,62.0,public,True,208.6,41.72,Fail
6138,male,group D,associate degree,standard,False,12.1,5.1,73.0,98.0,70.0,public,True,258.2,51.64,Pass
6139,male,group A,bachelor degree,standard,True,10.5,6.2,88.0,76.0,78.0,international,False,258.7,51.74,Pass
6140,female,group C,associate degree,free/reduced,True,13.0,8.2,41.0,65.0,67.0,public,True,194.2,38.84,Fail
6141,male,group D,some college,standard,False,11.8,8.4,42.0,51.0,66.0,public,True,179.2,35.84,Fail
6142,male,group B,high school,standard,True,11.7,7.4,77.0,54.0,83.0,public,False,233.1,46.62,Fail
6143,female,group E,master degree,free/reduced,False,1.0,6.4,70.0,68.0,71.0,public,True,216.4,43.28,Fail
6144,female,group C,high school,free/reduced,False,9.66265306122449,7.193586956521739,58.0,76.0,69.0,public,True,219.85624001774625,43.97,Fail
6145,female,group B,associate degree,standard,False,5.0,8.3,57.0,71.13410138248848,68.0,public,True,209.43410138248848,41.89,Fail
6146,male,group A,bachelor degree,free/reduced,True,9.66265306122449,9.4,68.0,60.0,70.46045112781955,public,True,217.52310418904403,43.5,Fail
6147,male,group D,associate degree,free/reduced,False,6.1,7.5,62.0,52.0,66.0,public,False,193.6,38.72,Fail
6148,male,group B,high school,standard,True,14.7,5.5,82.0,70.0,70.46045112781955,international,True,242.66045112781956,48.53,Fail
6149,male,group C,master degree,free/reduced,False,12.4,6.7,100.0,67.0,66.0,public,True,252.1,50.42,Pass
6150,male,group E,high school,standard,False,15.2,9.6,68.0,55.0,87.0,public,False,234.8,46.96,Fail
6151,female,group E,some college,free/reduced,True,11.4,7.3,61.0,81.0,73.0,public,False,233.7,46.74,Fail
6152,female,group A,high school,standard,True,13.9,7.193586956521739,67.0,50.0,66.0,public,True,204.09358695652173,40.82,Fail
6153,female,group C,some college,free/reduced,False,3.6,7.7,71.0,63.0,90.0,international,True,235.3,47.06,Fail
6154,male,group D,bachelor degree,free/reduced,False,13.7,8.1,68.0,76.0,83.0,private,True,248.8,49.76,Fail
6155,male,group A,bachelor degree,standard,True,10.0,6.4,52.0,96.0,84.0,public,True,248.4,49.68,Fail
6156,female,group D,some college,standard,True,0.0,6.0,70.0,78.0,82.0,public,False,236.0,47.2,Fail
6157,female,group C,associate degree,standard,False,6.5,8.9,44.0,48.0,58.0,public,True,165.4,33.08,Fail
6158,male,group C,some college,standard,True,6.6,9.1,63.0,74.0,50.0,public,False,202.7,40.54,Fail
6159,female,group D,master degree,standard,True,3.9,6.5,74.0,62.0,73.0,public,False,219.4,43.88,Fail
6160,female,group D,some college,free/reduced,False,18.8,8.0,60.0,69.0,71.0,public,True,226.8,45.36,Fail
6161,male,group A,some college,free/reduced,False,7.9,5.1,75.0,90.0,83.0,public,False,261.0,52.2,Pass
6162,male,group E,high school,standard,False,12.5,5.9,71.0,79.0,70.46045112781955,public,True,238.86045112781954,47.77,Fail
6163,male,group C,bachelor degree,standard,True,13.6,7.2,60.0,71.13410138248848,84.0,public,True,235.93410138248848,47.19,Fail
6164,male,group B,bachelor degree,standard,True,6.0,7.1,82.0,74.0,75.0,public,True,244.1,48.82,Fail
6165,male,group E,associate degree,free/reduced,False,8.3,7.193586956521739,55.0,85.0,46.0,public,True,201.49358695652174,40.3,Fail
6166,male,group B,some college,standard,False,9.66265306122449,5.9,58.0,43.0,70.0,public,True,186.5626530612245,37.31,Fail
6167,female,group D,master degree,free/reduced,True,7.0,6.5,48.0,100.0,80.0,private,True,241.5,48.3,Fail
6168,female,group C,high school,standard,True,14.5,7.2,100.0,48.0,72.0,public,True,241.7,48.34,Fail
6169,female,group B,some college,free/reduced,False,3.7,5.4,43.0,71.13410138248848,91.0,public,True,214.2341013824885,42.85,Fail
6170,female,group A,high school,standard,True,10.1,7.4,78.0,92.0,93.0,public,False,280.5,56.1,Pass
6171,male,group C,high school,standard,False,13.0,7.8,47.0,56.0,70.46045112781955,public,False,194.26045112781955,38.85,Fail
6172,male,group A,some college,standard,False,8.1,6.1,84.0,94.0,53.0,international,True,245.2,49.04,Fail
6173,female,group D,high school,free/reduced,True,10.1,6.9,45.0,86.0,60.0,public,True,208.0,41.6,Fail
6174,female,group D,bachelor degree,free/reduced,False,6.4,5.7,66.0,84.0,76.0,public,True,238.1,47.62,Fail
6175,male,group B,high school,standard,False,9.6,5.6,54.0,96.0,82.0,public,True,247.2,49.44,Fail
6176,male,group A,bachelor degree,standard,False,5.6,7.7,63.0,71.13410138248848,59.0,public,True,206.43410138248848,41.29,Fail
6177,female,group E,bachelor degree,free/reduced,False,15.4,7.8,75.0,100.0,83.0,public,True,281.2,56.24,Pass
6178,female,group A,high school,standard,False,14.8,7.9,54.0,80.0,92.0,public,True,248.7,49.74,Fail
6179,female,group D,high school,standard,False,15.4,4.6,61.0,70.0,61.0,public,True,212.0,42.4,Fail
6180,female,group B,high school,standard,False,12.8,8.5,60.0,74.0,65.0,public,True,220.3,44.06,Fail
6181,female,group C,some college,free/reduced,True,9.6,7.193586956521739,51.0,70.0,89.0,public,True,226.79358695652172,45.36,Fail
6182,female,group D,associate degree,standard,False,11.3,9.4,88.0,88.0,61.0,public,True,257.7,51.54,Pass
6183,female,group D,associate degree,free/reduced,True,9.66265306122449,8.7,56.0,82.0,80.0,public,False,236.36265306122448,47.27,Fail
6184,male,group B,high school,standard,False,21.9,7.0,65.0,97.0,56.0,international,True,246.9,49.38,Fail
6185,male,group E,high school,standard,True,7.4,6.3,91.0,93.0,74.0,private,True,271.7,54.34,Pass
6186,female,group D,some college,free/reduced,False,15.0,6.6,69.0,83.0,63.0,public,False,236.6,47.32,Fail
6187,male,group D,associate degree,standard,True,15.1,6.3,52.0,71.13410138248848,82.0,public,True,226.53410138248847,45.31,Fail
6188,female,group E,high school,standard,True,8.2,7.193586956521739,58.0,67.0,60.0,public,True,200.39358695652174,40.08,Fail
6189,male,group D,high school,standard,False,13.0,6.5,69.0,32.0,70.46045112781955,public,True,190.96045112781957,38.19,Fail
6190,female,group E,high school,standard,False,10.9,6.9,91.0,86.0,89.0,international,True,283.8,56.76,Pass
6191,male,group C,master degree,standard,False,14.6,8.0,75.0,65.0,88.0,international,True,250.6,50.12,Pass
6192,male,group D,some college,standard,True,6.4,3.5,59.0,100.0,95.0,public,True,263.9,52.78,Pass
6193,female,group C,associate degree,standard,True,11.2,5.9,27.0,100.0,61.0,international,False,205.1,41.02,Fail
6194,female,group E,master degree,standard,False,9.66265306122449,9.1,65.0,64.0,71.0,private,True,218.76265306122448,43.75,Fail
6195,female,group C,associate degree,standard,False,6.1,6.3,62.0,79.0,62.0,private,True,215.4,43.08,Fail
6196,male,group C,high school,standard,False,4.6,7.4,59.0,90.0,67.0,public,True,228.0,45.6,Fail
6197,male,group A,high school,standard,True,12.9,8.1,57.0,53.0,64.0,public,True,195.0,39.0,Fail
6198,male,group E,some college,standard,False,7.2,7.4,68.0,77.0,45.0,public,True,204.6,40.92,Fail
6199,female,group B,associate degree,standard,False,4.7,6.9,83.0,71.13410138248848,68.0,international,False,233.73410138248846,46.75,Fail
6200,male,group C,associate degree,standard,True,11.6,7.2,81.0,79.0,85.0,public,True,263.8,52.76,Pass
6201,female,group C,associate degree,standard,True,13.7,7.6,69.0,55.0,54.0,public,True,199.3,39.86,Fail
6202,male,group B,bachelor degree,standard,True,9.66265306122449,7.5,100.0,81.0,85.0,public,True,283.1626530612245,56.63,Pass
6203,female,group A,some college,standard,True,15.4,7.6,100.0,80.0,71.0,public,True,274.0,54.8,Pass
6204,female,group B,some college,standard,True,2.8,7.4,53.0,100.0,73.0,public,True,236.2,47.24,Fail
6205,female,group E,bachelor degree,free/reduced,False,12.1,6.0,75.0,87.0,93.0,public,True,273.1,54.62,Pass
6206,male,group E,high school,free/reduced,True,7.2,5.9,69.0,72.0,61.0,public,False,215.1,43.02,Fail
6207,male,group A,bachelor degree,standard,False,11.1,7.2,48.0,84.0,66.0,private,True,216.3,43.26,Fail
6208,female,group C,bachelor degree,free/reduced,True,0.0,9.9,55.0,71.13410138248848,77.0,private,True,213.03410138248847,42.61,Fail
6209,male,group E,some college,free/reduced,True,15.1,8.6,54.0,45.0,74.0,public,True,196.7,39.34,Fail
6210,male,group C,high school,standard,False,13.4,7.6,86.0,54.0,86.0,public,True,247.0,49.4,Fail
6211,female,group A,high school,free/reduced,False,0.6,7.4,66.0,69.0,49.0,public,True,192.0,38.4,Fail
6212,male,group D,some college,standard,True,6.6,3.0,50.0,97.0,88.0,public,True,244.6,48.92,Fail
6213,male,group E,some college,standard,False,7.8,6.9,48.0,85.0,74.0,public,True,221.7,44.34,Fail
6214,female,group B,bachelor degree,standard,False,9.66265306122449,6.2,47.0,94.0,72.0,international,True,228.86265306122448,45.77,Fail
6215,male,group B,high school,standard,False,4.7,6.5,44.0,62.0,70.0,public,True,187.2,37.44,Fail
6216,male,group C,bachelor degree,standard,False,7.5,6.4,49.0,74.0,97.0,private,False,233.9,46.78,Fail
6217,male,group E,bachelor degree,standard,False,3.0,5.2,70.0,100.0,79.0,public,True,257.2,51.44,Pass
6218,female,group A,high school,free/reduced,True,16.5,7.1,94.0,60.0,73.0,public,True,250.6,50.12,Pass
6219,male,group C,some college,free/reduced,False,9.3,7.1,100.0,60.0,67.0,international,True,243.4,48.68,Fail
6220,female,group C,some college,free/reduced,False,1.4,5.4,56.0,62.0,40.0,private,True,164.8,32.96,Fail
6221,female,group D,associate degree,standard,False,3.6,6.3,65.0,71.13410138248848,83.0,international,True,229.03410138248847,45.81,Fail
6222,male,group A,associate degree,free/reduced,False,13.8,9.4,58.0,83.0,79.0,public,True,243.2,48.64,Fail
6223,male,group B,some college,standard,False,12.8,7.0,73.0,61.0,67.0,public,False,220.8,44.16,Fail
6224,female,group C,bachelor degree,standard,False,5.8,6.1,47.0,66.0,91.0,public,True,215.9,43.18,Fail
6225,female,group C,high school,free/reduced,True,9.66265306122449,6.7,75.0,84.0,97.0,public,True,272.3626530612245,54.47,Pass
6226,female,group E,high school,standard,False,13.7,6.4,63.0,56.0,96.0,public,False,235.1,47.02,Fail
6227,female,group A,high school,free/reduced,False,9.0,9.0,67.0,76.0,74.0,public,True,235.0,47.0,Fail
6228,male,group B,some college,standard,True,15.5,9.2,84.0,81.0,63.0,public,True,252.7,50.54,Pass
6229,female,group B,some college,free/reduced,False,9.66265306122449,6.2,83.0,61.0,100.0,public,True,259.8626530612245,51.97,Pass
6230,male,group C,some college,standard,True,6.8,7.193586956521739,95.0,63.0,71.0,private,True,242.99358695652174,48.6,Fail
6231,male,group D,bachelor degree,free/reduced,True,11.3,6.7,86.0,72.0,79.0,public,True,255.0,51.0,Pass
6232,female,group E,some college,free/reduced,False,10.5,7.1,88.0,64.0,69.0,private,True,238.6,47.72,Fail
6233,female,group D,master degree,standard,False,16.8,6.9,64.0,88.0,53.0,public,True,228.7,45.74,Fail
6234,male,group B,bachelor degree,standard,False,12.6,9.1,68.0,71.13410138248848,81.0,private,True,241.83410138248848,48.37,Fail
6235,male,group A,bachelor degree,free/reduced,False,16.6,7.3,79.0,75.0,85.0,public,True,262.9,52.58,Pass
6236,male,group A,bachelor degree,standard,False,3.0,6.9,79.0,63.0,57.0,public,True,208.9,41.78,Fail
6237,female,group D,some college,standard,False,14.1,6.4,64.0,72.0,72.0,public,True,228.5,45.7,Fail
6238,male,group B,bachelor degree,standard,False,9.66265306122449,5.0,90.0,83.0,100.0,public,False,287.6626530612245,57.53,Pass
6239,male,group B,high school,standard,False,13.8,6.4,70.0,71.0,91.0,public,False,252.2,50.44,Pass
6240,male,group E,bachelor degree,standard,False,3.2,6.9,39.0,85.0,83.0,public,True,217.1,43.42,Fail
6241,female,group E,bachelor degree,standard,True,16.3,7.193586956521739,54.0,33.0,73.0,public,True,183.49358695652174,36.7,Fail
6242,male,group C,high school,standard,True,11.1,5.5,77.0,90.0,46.0,public,True,229.6,45.92,Fail
6243,female,group E,some college,standard,False,7.1,4.8,47.0,65.0,67.0,private,True,190.9,38.18,Fail
6244,male,group D,master degree,standard,False,9.3,9.1,69.0,100.0,60.0,public,True,247.4,49.48,Fail
6245,male,group C,bachelor degree,free/reduced,True,9.66265306122449,6.6,68.0,77.0,47.0,public,True,208.26265306122448,41.65,Fail
6246,female,group D,some college,free/reduced,False,10.8,6.3,75.0,56.0,64.0,public,True,212.1,42.42,Fail
6247,male,group B,associate degree,standard,True,8.2,8.6,56.0,71.13410138248848,71.0,public,True,214.93410138248848,42.99,Fail
6248,female,group E,bachelor degree,free/reduced,True,15.8,7.8,63.0,72.0,70.46045112781955,public,True,229.06045112781953,45.81,Fail
6249,male,group E,associate degree,standard,False,10.5,8.0,52.0,83.0,70.46045112781955,public,False,223.96045112781957,44.79,Fail
6250,male,group D,bachelor degree,standard,False,14.5,7.9,78.0,67.0,74.0,public,True,241.4,48.28,Fail
6251,female,group D,master degree,standard,True,6.8,7.5,82.0,82.0,71.0,public,True,249.3,49.86,Fail
6252,female,group E,master degree,standard,True,4.7,5.9,43.0,68.0,63.0,public,True,184.6,36.92,Fail
6253,male,group A,associate degree,standard,True,4.8,7.2,78.0,77.0,67.0,international,True,234.0,46.8,Fail
6254,female,group A,high school,standard,True,15.7,4.6,52.0,75.0,40.0,public,True,187.3,37.46,Fail
6255,female,group B,some college,free/reduced,False,4.0,7.5,88.0,65.0,70.46045112781955,international,True,234.96045112781957,46.99,Fail
6256,male,group E,associate degree,standard,False,13.3,7.6,69.0,92.0,84.0,public,True,265.9,53.18,Pass
6257,female,group D,high school,free/reduced,False,11.6,7.4,45.0,71.13410138248848,75.0,public,True,210.1341013824885,42.03,Fail
6258,female,group B,high school,standard,False,9.66265306122449,7.8,32.0,84.0,81.0,private,True,214.4626530612245,42.89,Fail
6259,male,group E,some college,standard,True,12.8,7.5,52.0,80.0,58.0,public,True,210.3,42.06,Fail
6260,male,group E,some college,standard,True,6.6,8.2,77.0,62.0,82.0,public,True,235.8,47.16,Fail
6261,male,group D,some college,standard,True,11.9,7.193586956521739,73.0,73.0,70.46045112781955,public,False,235.5540380843413,47.11,Fail
6262,female,group D,some college,standard,True,4.8,6.0,67.0,75.0,60.0,private,True,212.8,42.56,Fail
6263,male,group C,associate degree,standard,False,7.4,7.193586956521739,71.0,65.0,50.0,public,True,200.59358695652173,40.12,Fail
6264,male,group C,master degree,standard,False,12.1,4.9,56.0,100.0,81.0,private,True,254.0,50.8,Pass
6265,male,group E,high school,free/reduced,True,7.0,7.6,87.0,61.0,95.0,public,True,257.6,51.52,Pass
6266,female,group C,associate degree,free/reduced,False,5.8,6.7,99.0,81.0,100.0,public,True,292.5,58.5,Pass
6267,male,group D,bachelor degree,standard,True,16.6,6.3,55.0,72.0,100.0,public,True,249.9,49.98,Fail
6268,male,group A,high school,standard,False,12.8,5.3,95.0,92.0,80.0,public,True,285.1,57.02,Pass
6269,female,group A,high school,free/reduced,False,13.6,6.6,76.0,61.0,63.0,private,True,220.2,44.04,Fail
6270,female,group D,bachelor degree,standard,False,8.2,7.7,55.0,76.0,74.0,public,False,220.9,44.18,Fail
6271,male,group B,some college,standard,False,15.5,6.8,88.0,85.0,49.0,public,True,244.3,48.86,Fail
6272,female,group E,high school,standard,False,2.3,6.4,45.0,72.0,83.0,public,True,208.7,41.74,Fail
6273,female,group A,some college,standard,False,6.9,5.5,73.0,77.0,78.0,public,True,240.4,48.08,Fail
6274,female,group C,bachelor degree,free/reduced,False,4.5,6.6,77.0,70.0,78.0,public,True,236.1,47.22,Fail
6275,female,group E,high school,standard,True,10.2,3.9,42.0,67.0,74.0,public,True,197.1,39.42,Fail
6276,female,group A,high school,free/reduced,False,9.66265306122449,8.6,73.0,66.0,37.0,public,True,194.26265306122448,38.85,Fail
6277,female,group E,associate degree,free/reduced,False,10.7,7.0,59.0,71.13410138248848,60.0,public,True,207.83410138248848,41.57,Fail
6278,male,group A,associate degree,free/reduced,False,3.9,8.0,67.0,48.0,88.0,public,False,214.9,42.98,Fail
6279,female,group C,high school,free/reduced,True,14.3,7.0,74.0,83.0,88.0,private,True,266.3,53.26,Pass
6280,male,group E,some college,standard,False,5.4,7.3,84.0,70.0,77.0,public,True,243.7,48.74,Fail
6281,female,group C,some college,free/reduced,False,7.4,6.6,64.0,69.0,55.0,public,True,202.0,40.4,Fail
6282,female,group B,some college,standard,True,13.1,6.1,73.0,60.0,90.0,public,True,242.2,48.44,Fail
6283,female,group B,some college,free/reduced,True,6.9,7.193586956521739,83.0,94.0,70.46045112781955,international,True,261.5540380843413,52.31,Pass
6284,female,group B,bachelor degree,free/reduced,True,9.66265306122449,5.6,87.0,73.0,60.0,international,True,235.26265306122448,47.05,Fail
6285,female,group A,bachelor degree,standard,True,4.3,7.0,68.0,74.0,78.0,private,True,231.3,46.26,Fail
6286,male,group E,master degree,standard,False,10.9,7.1,69.0,86.0,88.0,private,True,261.0,52.2,Pass
6287,female,group B,some college,standard,True,9.66265306122449,6.5,50.0,74.0,72.0,public,True,212.1626530612245,42.43,Fail
6288,female,group C,associate degree,standard,False,11.9,7.193586956521739,68.0,91.0,70.46045112781955,international,True,248.5540380843413,49.71,Fail
6289,female,group B,bachelor degree,free/reduced,False,6.8,6.0,77.0,85.0,73.0,private,True,247.8,49.56,Fail
6290,male,group E,associate degree,standard,False,21.6,7.2,71.0,71.13410138248848,74.0,international,True,244.93410138248848,48.99,Fail
6291,female,group D,high school,standard,True,8.5,9.3,90.0,100.0,51.0,international,True,258.8,51.76,Pass
6292,female,group B,high school,standard,False,8.5,7.8,59.0,90.0,88.0,public,True,253.3,50.66,Pass
6293,male,group D,high school,standard,True,11.2,7.193586956521739,67.0,74.0,46.0,public,True,205.39358695652174,41.08,Fail
6294,female,group C,master degree,standard,False,15.2,6.9,62.0,58.0,62.0,public,True,204.1,40.82,Fail
6295,male,group C,associate degree,standard,True,9.5,6.9,55.0,96.0,100.0,international,True,267.4,53.48,Pass
6296,male,group D,bachelor degree,standard,False,7.6,5.5,45.0,43.0,100.0,public,True,201.1,40.22,Fail
6297,male,group C,bachelor degree,standard,True,19.2,7.1,90.0,84.0,84.0,public,True,284.3,56.86,Pass
6298,male,group A,bachelor degree,standard,False,9.0,7.193586956521739,73.0,30.0,73.0,international,True,192.19358695652176,38.44,Fail
6299,male,group B,bachelor degree,free/reduced,True,4.4,8.0,86.0,76.0,65.0,public,True,239.4,47.88,Fail
6300,female,group C,high school,standard,False,5.7,6.5,74.0,67.0,60.0,public,True,213.2,42.64,Fail
6301,male,group C,high school,free/reduced,False,7.4,6.0,65.0,73.0,89.0,public,True,240.4,48.08,Fail
6302,female,group E,high school,standard,False,8.8,7.5,52.0,65.0,80.0,private,True,213.3,42.66,Fail
6303,male,group E,bachelor degree,standard,True,4.7,6.1,75.0,89.0,67.0,public,True,241.8,48.36,Fail
6304,male,group A,high school,standard,False,0.0,7.193586956521739,48.0,94.0,70.46045112781955,public,True,219.65403808434132,43.93,Fail
6305,female,group A,some college,standard,False,10.5,6.3,65.0,72.0,91.0,private,True,244.8,48.96,Fail
6306,male,group C,high school,standard,True,5.1,8.7,48.0,52.0,40.0,public,True,153.8,30.76,Fail
6307,female,group C,associate degree,standard,False,9.66265306122449,7.1,66.0,93.0,65.0,public,True,240.76265306122448,48.15,Fail
6308,male,group B,high school,standard,True,18.4,7.3,100.0,61.0,61.0,public,True,247.7,49.54,Fail
6309,male,group C,high school,standard,True,7.7,5.8,61.0,53.0,73.0,public,True,200.5,40.1,Fail
6310,male,group E,associate degree,standard,False,7.6,6.1,60.0,71.0,61.0,public,True,205.7,41.14,Fail
6311,male,group B,high school,standard,False,11.8,9.6,81.0,66.0,70.0,private,False,238.4,47.68,Fail
6312,male,group B,bachelor degree,standard,True,9.66265306122449,6.3,79.0,87.0,73.0,public,True,254.9626530612245,50.99,Pass
6313,female,group B,high school,free/reduced,True,12.8,6.0,61.0,71.13410138248848,84.0,public,True,234.93410138248848,46.99,Fail
6314,female,group C,bachelor degree,standard,False,20.6,6.3,67.0,65.0,84.0,public,True,242.9,48.58,Fail
6315,female,group B,some college,standard,False,19.9,7.7,59.0,94.0,66.0,public,True,246.6,49.32,Fail
6316,male,group B,master degree,free/reduced,False,9.66265306122449,7.9,69.0,68.0,55.0,public,True,209.5626530612245,41.91,Fail
6317,male,group A,bachelor degree,free/reduced,False,15.5,8.0,57.0,36.0,71.0,public,True,187.5,37.5,Fail
6318,female,group E,high school,standard,False,11.0,5.8,73.0,74.0,74.0,private,True,237.8,47.56,Fail
6319,female,group C,high school,standard,False,10.4,6.8,64.0,83.0,90.0,public,True,254.2,50.84,Pass
6320,female,group C,bachelor degree,standard,False,6.5,8.3,72.0,63.0,76.0,public,True,225.8,45.16,Fail
6321,female,group C,bachelor degree,standard,True,10.5,7.6,48.0,95.0,55.0,public,True,216.1,43.22,Fail
6322,female,group C,high school,standard,False,8.3,7.0,82.0,75.0,62.0,public,True,234.3,46.86,Fail
6323,female,group B,high school,standard,False,4.2,7.5,81.0,88.0,56.0,international,True,236.7,47.34,Fail
6324,female,group E,high school,standard,False,9.6,7.4,77.0,68.0,76.0,public,True,238.0,47.6,Fail
6325,male,group B,associate degree,standard,False,9.66265306122449,9.5,72.0,63.0,63.0,private,False,217.1626530612245,43.43,Fail
6326,male,group A,associate degree,standard,True,6.5,7.7,66.0,80.0,95.0,public,True,255.2,51.04,Pass
6327,male,group C,some college,free/reduced,False,17.8,7.0,51.0,76.0,87.0,public,True,238.8,47.76,Fail
6328,female,group E,high school,standard,True,2.6,7.2,74.0,65.0,64.0,public,True,212.8,42.56,Fail
6329,female,group E,associate degree,free/reduced,True,13.1,8.2,65.0,62.0,70.0,private,True,218.3,43.66,Fail
6330,female,group E,high school,standard,True,14.0,6.6,83.0,100.0,78.0,public,True,281.6,56.32,Pass
6331,female,group D,some college,standard,False,11.4,8.6,90.0,100.0,100.0,public,True,310.0,62.0,Pass
6332,female,group B,high school,standard,True,5.6,9.8,62.0,67.0,57.0,public,True,201.4,40.28,Fail
6333,male,group C,some college,standard,False,11.3,6.8,95.0,89.0,89.0,international,True,291.1,58.22,Pass
6334,female,group B,associate degree,standard,False,6.0,6.4,80.0,79.0,83.0,private,True,254.4,50.88,Pass
6335,male,group A,bachelor degree,free/reduced,True,10.5,7.9,71.0,81.0,80.0,international,True,250.4,50.08,Pass
6336,female,group A,high school,standard,True,9.66265306122449,10.0,63.0,87.0,67.0,public,True,236.6626530612245,47.33,Fail
6337,male,group C,high school,standard,True,3.3,8.7,79.0,40.0,91.0,public,True,222.0,44.4,Fail
6338,male,group A,some college,standard,False,7.9,7.6,72.0,100.0,80.0,public,True,267.5,53.5,Pass
6339,male,group A,associate degree,standard,True,4.1,5.9,70.0,78.0,89.0,public,True,247.0,49.4,Fail
6340,female,group D,bachelor degree,standard,False,6.7,6.0,76.0,50.0,53.0,public,True,191.7,38.34,Fail
6341,male,group B,associate degree,standard,True,13.1,8.2,80.0,81.0,78.0,public,True,260.3,52.06,Pass
6342,female,group A,high school,free/reduced,False,4.4,9.9,80.0,76.0,49.0,public,True,219.3,43.86,Fail
6343,female,group D,high school,standard,True,7.7,7.9,46.0,71.0,64.0,international,True,196.6,39.32,Fail
6344,female,group C,master degree,standard,False,20.2,10.1,67.0,62.0,62.0,private,True,221.3,44.26,Fail
6345,male,group B,high school,standard,False,7.9,7.0,85.0,52.0,71.0,public,False,222.9,44.58,Fail
6346,female,group C,associate degree,standard,False,8.0,8.7,44.0,64.0,64.0,private,True,188.7,37.74,Fail
6347,male,group C,high school,standard,True,11.0,8.1,79.0,79.0,74.0,public,True,251.1,50.22,Pass
6348,female,group C,high school,standard,False,9.66265306122449,7.5,73.0,48.0,63.0,public,True,201.1626530612245,40.23,Fail
6349,female,group B,high school,free/reduced,False,15.1,7.2,83.0,88.0,46.0,private,True,239.3,47.86,Fail
6350,female,group A,some college,free/reduced,True,10.0,6.1,80.0,77.0,79.0,private,False,252.1,50.42,Pass
6351,female,group B,bachelor degree,standard,False,13.2,7.8,63.0,59.0,84.0,private,True,227.0,45.4,Fail
6352,male,group C,associate degree,standard,True,9.5,8.3,83.0,78.0,68.0,public,True,246.8,49.36,Fail
6353,female,group C,bachelor degree,standard,True,9.3,7.2,75.0,98.0,94.0,public,True,283.5,56.7,Pass
6354,female,group A,high school,standard,False,13.5,7.193586956521739,83.0,76.0,76.0,private,False,255.69358695652176,51.14,Pass
6355,female,group E,bachelor degree,free/reduced,True,10.4,9.2,56.0,52.0,74.0,public,True,201.6,40.32,Fail
6356,female,group E,high school,standard,False,11.2,7.7,86.0,66.0,79.0,public,True,249.9,49.98,Fail
6357,male,group A,some college,free/reduced,False,19.3,6.1,73.0,81.0,68.0,private,True,247.4,49.48,Fail
6358,female,group C,bachelor degree,standard,False,9.66265306122449,5.7,78.0,64.0,80.0,international,True,237.36265306122448,47.47,Fail
6359,female,group C,associate degree,free/reduced,False,8.2,7.2,44.0,60.0,52.0,private,True,171.4,34.28,Fail
6360,male,group E,bachelor degree,standard,False,12.1,7.7,46.0,83.0,100.0,public,False,248.8,49.76,Fail
6361,female,group E,high school,free/reduced,False,1.6,8.7,57.0,61.0,38.0,public,False,166.3,33.26,Fail
6362,male,group E,high school,free/reduced,False,11.6,7.8,61.0,59.0,81.0,public,True,220.4,44.08,Fail
6363,male,group C,high school,free/reduced,False,6.1,8.0,72.0,70.0,75.0,public,True,231.1,46.22,Fail
6364,male,group E,high school,standard,False,9.9,7.193586956521739,75.0,49.0,100.0,public,True,241.09358695652173,48.22,Fail
6365,male,group A,high school,standard,True,9.3,7.1,79.0,69.0,62.0,public,True,226.4,45.28,Fail
6366,male,group C,bachelor degree,free/reduced,True,4.9,8.2,70.0,63.0,69.0,private,True,215.1,43.02,Fail
6367,female,group C,high school,standard,True,10.2,9.9,91.0,85.0,72.0,public,True,268.1,53.62,Pass
6368,male,group E,associate degree,standard,True,10.6,5.8,86.0,74.0,80.0,international,True,256.4,51.28,Pass
6369,female,group B,bachelor degree,free/reduced,False,8.9,7.6,38.0,68.0,79.0,international,True,201.5,40.3,Fail
6370,male,group D,high school,standard,True,9.3,6.7,86.0,61.0,62.0,public,True,225.0,45.0,Fail
6371,female,group E,some college,standard,False,7.5,6.7,32.0,72.0,41.0,public,True,159.2,31.84,Fail
6372,male,group D,master degree,free/reduced,True,9.66265306122449,6.3,76.0,84.0,78.0,private,True,253.9626530612245,50.79,Pass
6373,female,group A,high school,free/reduced,True,9.1,7.1,61.0,71.0,92.0,public,True,240.2,48.04,Fail
6374,male,group E,bachelor degree,standard,True,1.0,7.193586956521739,59.0,81.0,73.0,public,True,221.19358695652176,44.24,Fail
6375,male,group C,bachelor degree,standard,True,20.3,4.8,76.0,86.0,65.0,public,True,252.1,50.42,Pass
6376,male,group C,high school,free/reduced,False,9.2,6.5,84.0,97.0,47.0,public,True,243.7,48.74,Fail
6377,male,group C,some college,free/reduced,False,15.0,6.1,74.0,88.0,64.0,public,True,247.1,49.42,Fail
6378,male,group C,associate degree,standard,False,6.4,5.0,66.0,75.0,71.0,public,True,223.4,44.68,Fail
6379,female,group C,high school,standard,True,11.9,7.8,84.0,67.0,71.0,public,True,241.7,48.34,Fail
6380,male,group E,high school,standard,False,7.1,6.7,88.0,76.0,96.0,private,True,273.8,54.76,Pass
6381,female,group C,high school,free/reduced,False,0.0,6.6,78.0,67.0,64.0,private,False,215.6,43.12,Fail
6382,female,group C,some college,standard,True,5.5,7.1,77.0,37.0,82.0,international,True,208.6,41.72,Fail
6383,female,group D,bachelor degree,standard,False,7.6,7.193586956521739,100.0,69.0,56.0,public,False,239.79358695652172,47.96,Fail
6384,female,group C,high school,standard,False,5.2,5.8,70.0,77.0,90.0,public,True,248.0,49.6,Fail
6385,male,group B,high school,standard,True,12.1,6.8,84.0,92.0,63.0,public,True,257.9,51.58,Pass
6386,male,group C,some college,standard,False,17.0,5.6,79.0,72.0,61.0,private,True,234.6,46.92,Fail
6387,male,group D,bachelor degree,standard,False,9.8,7.193586956521739,56.0,82.0,76.0,private,False,230.99358695652174,46.2,Fail
6388,female,group C,high school,free/reduced,False,13.7,6.2,52.0,74.0,58.0,private,True,203.9,40.78,Fail
6389,female,group A,bachelor degree,standard,True,11.7,7.8,58.0,63.0,63.0,public,True,203.5,40.7,Fail
6390,female,group B,bachelor degree,standard,True,12.6,7.5,61.0,66.0,73.0,public,False,220.1,44.02,Fail
6391,male,group C,associate degree,standard,False,13.2,6.3,54.0,71.0,80.0,public,True,224.5,44.9,Fail
6392,female,group E,some college,standard,True,4.8,8.1,80.0,36.0,81.0,public,True,209.9,41.98,Fail
6393,female,group B,high school,standard,True,9.66265306122449,6.3,88.0,66.0,61.0,public,True,230.9626530612245,46.19,Fail
6394,male,group D,some college,free/reduced,False,8.5,7.3,84.0,74.0,78.0,public,True,251.8,50.36,Pass
6395,male,group E,high school,standard,False,6.2,6.9,81.0,68.0,67.0,public,True,229.1,45.82,Fail
6396,female,group A,high school,standard,False,6.2,6.0,48.0,79.0,69.0,public,True,208.2,41.64,Fail
6397,male,group E,high school,standard,True,18.7,7.5,82.0,56.0,48.0,public,True,212.2,42.44,Fail
6398,male,group B,high school,standard,False,13.1,9.3,73.0,69.0,58.0,public,False,222.4,44.48,Fail
6399,female,group C,bachelor degree,standard,False,6.4,7.3,78.0,46.0,75.0,public,True,212.7,42.54,Fail
6400,female,group C,master degree,standard,False,4.5,6.1,82.0,58.0,79.0,public,True,229.6,45.92,Fail
6401,male,group B,master degree,standard,False,9.66265306122449,7.0,76.0,66.0,55.0,private,True,213.6626530612245,42.73,Fail
6402,male,group E,some college,standard,True,9.4,8.6,62.0,87.0,69.0,public,True,236.0,47.2,Fail
6403,female,group E,some college,free/reduced,False,12.9,8.8,68.0,98.0,68.0,public,True,255.7,51.14,Pass
6404,male,group B,high school,standard,False,11.9,8.8,46.0,74.0,70.46045112781955,private,True,211.16045112781956,42.23,Fail
6405,male,group D,high school,standard,True,13.5,6.4,50.0,86.0,57.0,public,True,212.9,42.58,Fail
6406,female,group D,some college,standard,True,9.5,5.0,60.0,38.0,56.0,public,True,168.5,33.7,Fail
6407,male,group B,bachelor degree,standard,False,12.8,7.9,68.0,80.0,46.0,private,True,214.7,42.94,Fail
6408,male,group D,high school,standard,False,15.8,6.0,58.0,43.0,94.0,international,True,216.8,43.36,Fail
6409,female,group A,bachelor degree,free/reduced,True,10.7,6.4,60.0,50.0,50.0,public,True,177.1,35.42,Fail
6410,male,group B,bachelor degree,free/reduced,False,11.4,7.3,33.0,85.0,67.0,public,True,203.7,40.74,Fail
6411,female,group A,bachelor degree,standard,False,4.2,7.9,57.0,70.0,58.0,public,True,197.1,39.42,Fail
6412,female,group A,some college,standard,False,9.66265306122449,9.0,72.0,80.0,70.46045112781955,international,True,241.12310418904406,48.22,Fail
6413,female,group D,some college,free/reduced,True,18.2,9.2,86.0,39.0,53.0,public,True,205.4,41.08,Fail
6414,male,group D,associate degree,free/reduced,True,25.2,7.1,100.0,71.13410138248848,59.0,public,True,262.4341013824885,52.49,Pass
6415,male,group B,bachelor degree,free/reduced,True,9.66265306122449,8.0,74.0,71.13410138248848,84.0,public,True,246.79675444371298,49.36,Fail
6416,female,group B,high school,free/reduced,True,4.9,6.3,37.0,52.0,70.46045112781955,private,True,170.66045112781956,34.13,Fail
6417,female,group E,some college,standard,False,11.4,8.6,38.0,63.0,70.46045112781955,public,True,191.46045112781957,38.29,Fail
6418,male,group E,some college,standard,True,0.1,4.9,59.0,73.0,69.0,private,True,206.0,41.2,Fail
6419,female,group E,high school,standard,True,6.7,6.8,51.0,83.0,70.46045112781955,public,True,217.96045112781957,43.59,Fail
6420,female,group B,some college,standard,True,11.0,8.3,73.0,67.0,77.0,public,True,236.3,47.26,Fail
6421,male,group B,some college,free/reduced,True,7.4,8.5,51.0,75.0,96.0,public,True,237.9,47.58,Fail
6422,female,group B,master degree,standard,False,14.2,8.9,66.0,74.0,72.0,public,False,235.1,47.02,Fail
6423,female,group D,high school,standard,False,13.5,8.3,82.0,98.0,80.0,international,True,281.8,56.36,Pass
6424,male,group A,bachelor degree,free/reduced,False,11.9,6.5,86.0,71.13410138248848,91.0,international,True,266.5341013824885,53.31,Pass
6425,male,group D,bachelor degree,standard,True,10.5,6.0,32.0,73.0,58.0,public,True,179.5,35.9,Fail
6426,female,group B,high school,free/reduced,False,12.2,7.3,81.0,85.0,61.0,public,True,246.5,49.3,Fail
6427,male,group C,associate degree,standard,False,10.9,7.1,65.0,81.0,77.0,public,True,241.0,48.2,Fail
6428,male,group A,associate degree,standard,True,6.8,8.7,66.0,73.0,85.0,public,True,239.5,47.9,Fail
6429,female,group B,associate degree,free/reduced,False,10.6,6.3,64.0,75.0,61.0,private,True,216.9,43.38,Fail
6430,male,group E,high school,free/reduced,False,7.9,7.193586956521739,56.0,75.0,53.0,public,True,199.09358695652173,39.82,Fail
6431,female,group B,bachelor degree,standard,False,12.4,5.1,96.0,66.0,63.0,public,True,242.5,48.5,Fail
6432,female,group E,high school,free/reduced,False,2.2,6.8,88.0,61.0,78.0,private,True,236.0,47.2,Fail
6433,male,group A,associate degree,free/reduced,False,12.9,7.7,95.0,71.13410138248848,81.0,public,True,267.73410138248846,53.55,Pass
6434,female,group D,high school,standard,False,10.5,6.5,74.0,81.0,76.0,public,True,248.0,49.6,Fail
6435,male,group C,some college,free/reduced,False,6.3,5.0,77.0,54.0,70.46045112781955,public,True,212.76045112781958,42.55,Fail
6436,male,group A,associate degree,standard,True,3.5,7.0,71.0,99.0,80.0,public,True,260.5,52.1,Pass
6437,female,group C,high school,free/reduced,False,12.0,7.3,70.0,79.0,62.0,public,True,230.3,46.06,Fail
6438,female,group B,associate degree,standard,False,10.8,8.5,49.0,60.0,62.0,public,True,190.3,38.06,Fail
6439,male,group C,associate degree,free/reduced,True,11.0,8.3,83.0,70.0,79.0,public,False,251.3,50.26,Pass
6440,female,group D,associate degree,standard,True,12.5,5.7,73.0,67.0,70.0,public,False,228.2,45.64,Fail
6441,female,group C,high school,free/reduced,True,11.5,8.2,73.0,31.0,71.0,public,True,194.7,38.94,Fail
6442,male,group B,high school,standard,False,17.9,6.2,61.0,75.0,62.0,public,False,222.1,44.42,Fail
6443,female,group E,high school,free/reduced,True,0.0,8.4,89.0,61.0,82.0,public,True,240.4,48.08,Fail
6444,female,group D,master degree,free/reduced,False,14.3,6.8,49.0,84.0,64.0,public,True,218.1,43.62,Fail
6445,female,group E,high school,standard,False,7.2,6.8,74.0,76.0,47.0,public,True,211.0,42.2,Fail
6446,male,group C,high school,standard,True,15.3,7.4,75.0,91.0,69.0,public,True,257.7,51.54,Pass
6447,male,group D,master degree,standard,False,9.66265306122449,5.2,62.0,75.0,67.0,public,True,218.86265306122448,43.77,Fail
6448,female,group D,high school,standard,True,19.2,6.5,81.0,81.0,68.0,public,True,255.7,51.14,Pass
6449,male,group D,high school,standard,False,14.2,7.1,63.0,55.0,86.0,public,True,225.3,45.06,Fail
6450,female,group C,high school,free/reduced,True,0.6,5.0,92.0,39.0,42.0,private,True,178.6,35.72,Fail
6451,male,group C,high school,standard,True,11.2,5.9,64.0,65.0,50.0,public,True,196.1,39.22,Fail
6452,male,group C,high school,standard,False,8.4,8.4,87.0,69.0,53.0,public,True,225.8,45.16,Fail
6453,male,group E,associate degree,free/reduced,True,7.3,8.4,59.0,67.0,90.0,public,True,231.7,46.34,Fail
6454,male,group E,bachelor degree,standard,True,3.3,6.7,100.0,81.0,58.0,public,True,249.0,49.8,Fail
6455,male,group E,some college,standard,False,11.5,8.1,63.0,98.0,57.0,public,True,237.6,47.52,Fail
6456,male,group C,high school,standard,False,9.5,9.6,41.0,86.0,61.0,private,True,207.1,41.42,Fail
6457,female,group A,bachelor degree,standard,True,9.1,8.3,66.0,72.0,73.0,private,True,228.4,45.68,Fail
6458,male,group D,associate degree,standard,False,16.5,6.3,83.0,77.0,84.0,public,True,266.8,53.36,Pass
6459,female,group D,bachelor degree,free/reduced,True,10.9,6.3,72.0,65.0,67.0,private,False,221.2,44.24,Fail
6460,male,group A,associate degree,standard,True,15.9,6.6,88.0,70.0,70.46045112781955,public,True,250.96045112781957,50.19,Pass
6461,male,group E,high school,standard,True,10.8,6.4,71.0,67.0,76.0,private,True,231.2,46.24,Fail
6462,female,group D,high school,standard,True,11.3,5.5,66.0,89.0,70.46045112781955,public,True,242.26045112781958,48.45,Fail
6463,male,group E,bachelor degree,standard,True,19.2,6.7,82.0,82.0,61.0,public,False,250.9,50.18,Pass
6464,male,group E,high school,standard,False,12.4,6.5,58.0,100.0,75.0,public,True,251.9,50.38,Pass
6465,male,group E,bachelor degree,free/reduced,False,0.9,6.4,62.0,77.0,71.0,public,True,217.3,43.46,Fail
6466,female,group E,bachelor degree,free/reduced,True,7.4,6.6,62.0,58.0,75.0,public,True,209.0,41.8,Fail
6467,male,group B,some college,standard,True,5.2,6.1,48.0,44.0,70.0,international,True,173.3,34.66,Fail
6468,female,group B,some college,standard,True,4.5,6.8,92.0,93.0,53.0,public,True,249.3,49.86,Fail
6469,female,group E,high school,standard,True,1.6,6.0,57.0,41.0,80.0,international,True,185.6,37.12,Fail
6470,female,group D,high school,free/reduced,False,6.3,7.5,72.0,83.0,96.0,public,True,264.8,52.96,Pass
6471,male,group C,bachelor degree,standard,True,7.2,8.3,88.0,84.0,70.46045112781955,public,False,257.96045112781957,51.59,Pass
6472,female,group E,bachelor degree,standard,True,2.6,10.7,69.0,88.0,66.0,public,False,236.3,47.26,Fail
6473,male,group B,high school,standard,False,4.9,8.1,55.0,75.0,69.0,public,True,212.0,42.4,Fail
6474,female,group D,high school,standard,True,13.0,8.1,82.0,75.0,87.0,public,False,265.1,53.02,Pass
6475,female,group C,high school,standard,True,8.1,5.8,94.0,82.0,71.0,public,True,260.9,52.18,Pass
6476,female,group B,associate degree,standard,False,5.0,8.6,92.0,59.0,65.0,public,True,229.6,45.92,Fail
6477,male,group E,some college,standard,False,15.7,8.9,65.0,74.0,70.0,public,True,233.6,46.72,Fail
6478,female,group A,high school,standard,False,13.9,7.6,68.0,70.0,67.0,public,True,226.5,45.3,Fail
6479,male,group E,some college,standard,True,14.0,5.7,76.0,95.0,70.46045112781955,public,True,261.16045112781956,52.23,Pass
6480,female,group A,master degree,standard,True,13.5,6.4,72.0,76.0,79.0,public,True,246.9,49.38,Fail
6481,male,group B,high school,free/reduced,True,6.6,5.8,56.0,72.0,89.0,public,True,229.4,45.88,Fail
6482,female,group A,some college,standard,True,1.9,5.8,52.0,69.0,72.0,private,True,200.7,40.14,Fail
6483,female,group A,high school,standard,False,0.1,8.4,67.0,69.0,85.0,public,True,229.5,45.9,Fail
6484,female,group E,bachelor degree,standard,True,17.0,5.4,98.0,53.0,66.0,private,True,239.4,47.88,Fail
6485,female,group A,bachelor degree,standard,False,9.9,6.9,61.0,48.0,62.0,public,True,187.8,37.56,Fail
6486,female,group A,bachelor degree,standard,False,3.6,7.193586956521739,81.0,92.0,69.0,private,True,252.79358695652172,50.56,Pass
6487,female,group E,high school,free/reduced,False,10.3,5.6,78.0,41.0,71.0,public,True,205.9,41.18,Fail
6488,female,group E,bachelor degree,standard,False,7.9,8.3,48.0,76.0,70.46045112781955,international,False,210.66045112781956,42.13,Fail
6489,female,group B,some college,free/reduced,False,8.3,6.5,55.0,62.0,64.0,public,True,195.8,39.16,Fail
6490,male,group B,high school,free/reduced,True,8.1,7.4,56.0,72.0,78.0,private,True,221.5,44.3,Fail
6491,female,group C,bachelor degree,standard,False,10.6,7.1,73.0,48.0,65.0,international,False,203.7,40.74,Fail
6492,male,group A,master degree,standard,True,9.66265306122449,7.193586956521739,70.0,69.0,73.0,international,True,228.85624001774625,45.77,Fail
6493,male,group C,high school,standard,True,11.4,6.4,72.0,55.0,76.0,public,True,220.8,44.16,Fail
6494,male,group C,associate degree,standard,False,8.9,6.6,83.0,68.0,62.0,private,True,228.5,45.7,Fail
6495,male,group C,high school,standard,False,4.6,7.6,61.0,58.0,83.0,public,True,214.2,42.84,Fail
6496,female,group D,high school,free/reduced,True,4.6,6.2,65.0,75.0,73.0,international,True,223.8,44.76,Fail
6497,male,group C,some college,standard,False,2.5,7.5,79.0,79.0,41.0,public,True,209.0,41.8,Fail
6498,female,group E,associate degree,standard,False,15.8,6.5,51.0,71.13410138248848,81.0,international,True,225.43410138248848,45.09,Fail
6499,male,group C,master degree,standard,True,6.1,7.193586956521739,57.0,49.0,76.0,public,True,195.29358695652172,39.06,Fail
6500,female,group B,some college,standard,True,4.5,6.3,72.0,60.0,66.0,international,True,208.8,41.76,Fail
6501,female,group D,associate degree,standard,False,18.2,7.1,80.0,82.0,58.0,public,False,245.3,49.06,Fail
6502,male,group B,master degree,free/reduced,True,6.7,8.7,57.0,83.0,85.0,public,False,240.4,48.08,Fail
6503,male,group A,bachelor degree,standard,True,11.1,7.8,77.0,61.0,100.0,public,True,256.9,51.38,Pass
6504,male,group B,bachelor degree,free/reduced,False,5.1,5.8,79.0,79.0,57.0,public,False,225.9,45.18,Fail
6505,male,group E,high school,free/reduced,True,4.5,5.7,77.0,76.0,55.0,public,True,218.2,43.64,Fail
6506,male,group C,associate degree,standard,False,10.2,7.193586956521739,56.0,71.13410138248848,81.0,public,True,225.52768833901024,45.11,Fail
6507,female,group D,high school,standard,True,13.4,7.4,71.0,89.0,83.0,public,True,263.8,52.76,Pass
6508,male,group D,associate degree,standard,True,19.2,6.3,97.0,100.0,84.0,private,True,306.5,61.3,Pass
6509,female,group C,associate degree,standard,True,6.6,7.4,53.0,57.0,79.0,public,True,203.0,40.6,Fail
6510,female,group D,some college,standard,True,5.7,7.4,39.0,68.0,65.0,public,True,185.1,37.02,Fail
6511,male,group E,some college,standard,False,14.5,7.0,90.0,76.0,71.0,public,False,258.5,51.7,Pass
6512,male,group E,some college,free/reduced,True,8.3,6.3,74.0,70.0,70.0,public,False,228.6,45.72,Fail
6513,female,group A,some college,standard,True,9.66265306122449,7.8,95.0,72.0,83.0,public,True,267.4626530612245,53.49,Pass
6514,male,group C,bachelor degree,free/reduced,False,11.3,7.193586956521739,72.0,77.0,62.0,public,True,229.49358695652174,45.9,Fail
6515,female,group C,associate degree,free/reduced,True,2.9,7.4,71.0,57.0,63.0,public,True,201.3,40.26,Fail
6516,male,group E,some college,standard,False,10.4,6.0,66.0,91.0,45.0,public,True,218.4,43.68,Fail
6517,female,group C,master degree,standard,False,15.0,6.3,65.0,71.0,70.46045112781955,public,True,227.76045112781958,45.55,Fail
6518,female,group B,high school,standard,False,15.2,5.8,70.0,86.0,58.0,public,True,235.0,47.0,Fail
6519,female,group E,some college,standard,True,5.3,7.5,79.0,83.0,68.0,international,False,242.8,48.56,Fail
6520,male,group D,high school,free/reduced,False,6.6,5.3,67.0,81.0,66.0,public,True,225.9,45.18,Fail
6521,female,group C,some college,standard,True,11.9,5.9,100.0,74.0,63.0,private,False,254.8,50.96,Pass
6522,female,group C,master degree,standard,True,9.66265306122449,8.0,55.0,64.0,43.0,public,True,179.6626530612245,35.93,Fail
6523,male,group B,associate degree,standard,False,13.9,4.4,57.0,59.0,54.0,private,True,188.3,37.66,Fail
6524,male,group A,high school,free/reduced,False,8.9,8.5,75.0,76.0,70.46045112781955,public,True,238.86045112781954,47.77,Fail
6525,female,group E,associate degree,standard,False,9.66265306122449,8.1,81.0,98.0,64.0,private,True,260.76265306122446,52.15,Pass
6526,male,group D,bachelor degree,standard,False,9.0,7.9,48.0,73.0,78.0,public,True,215.9,43.18,Fail
6527,female,group C,high school,standard,False,5.7,7.5,99.0,78.0,79.0,private,False,269.2,53.84,Pass
6528,male,group C,some college,standard,True,8.1,7.2,60.0,66.0,79.0,public,True,220.3,44.06,Fail
6529,female,group E,master degree,standard,False,9.66265306122449,7.9,61.0,73.0,73.0,public,True,224.5626530612245,44.91,Fail
6530,male,group A,high school,standard,True,8.4,8.8,75.0,79.0,60.0,private,True,231.2,46.24,Fail
6531,male,group A,some college,free/reduced,False,0.4,7.4,68.0,83.0,62.0,public,True,220.8,44.16,Fail
6532,female,group C,high school,standard,False,13.9,8.9,73.0,70.0,61.0,private,True,226.8,45.36,Fail
6533,female,group C,some college,free/reduced,True,7.9,7.2,98.0,72.0,67.0,international,True,252.1,50.42,Pass
6534,female,group B,bachelor degree,standard,False,12.7,4.0,90.0,61.0,82.0,private,True,249.7,49.94,Fail
6535,female,group D,some college,standard,True,12.6,6.7,43.0,88.0,70.46045112781955,public,True,220.76045112781958,44.15,Fail
6536,female,group D,master degree,standard,True,16.6,6.5,65.0,85.0,47.0,private,False,220.1,44.02,Fail
6537,female,group E,associate degree,standard,True,4.5,9.4,57.0,67.0,51.0,private,True,188.9,37.78,Fail
6538,female,group A,high school,standard,True,13.9,6.5,87.0,70.0,60.0,public,True,237.4,47.48,Fail
6539,female,group D,high school,free/reduced,False,4.1,6.6,77.0,51.0,92.0,public,True,230.7,46.14,Fail
6540,female,group C,some college,free/reduced,False,15.4,6.8,75.0,56.0,73.0,public,True,226.2,45.24,Fail
6541,male,group D,high school,standard,False,5.4,7.7,72.0,47.0,73.0,private,True,205.1,41.02,Fail
6542,male,group B,some college,standard,True,11.3,5.9,84.0,70.0,66.0,public,True,237.2,47.44,Fail
6543,female,group D,associate degree,standard,False,14.7,6.2,91.0,65.0,37.0,public,True,213.9,42.78,Fail
6544,male,group D,high school,standard,True,9.5,8.3,87.0,90.0,77.0,public,True,271.8,54.36,Pass
6545,male,group B,high school,free/reduced,False,5.8,6.1,70.0,50.0,72.0,public,True,203.9,40.78,Fail
6546,female,group B,bachelor degree,standard,True,9.66265306122449,5.4,82.0,56.0,49.0,public,True,202.0626530612245,40.41,Fail
6547,female,group B,some college,standard,True,8.6,7.5,53.0,47.0,80.0,public,True,196.1,39.22,Fail
6548,female,group B,some college,standard,False,16.9,8.4,33.0,56.0,76.0,public,True,190.3,38.06,Fail
6549,male,group C,high school,standard,False,3.6,9.0,100.0,100.0,75.0,public,True,287.6,57.52,Pass
6550,female,group B,associate degree,free/reduced,False,14.3,7.193586956521739,76.0,38.0,55.0,public,True,190.49358695652174,38.1,Fail
6551,female,group E,high school,free/reduced,True,11.7,8.3,53.0,59.0,67.0,private,True,199.0,39.8,Fail
6552,male,group B,bachelor degree,standard,True,3.2,8.3,90.0,65.0,59.0,public,True,225.5,45.1,Fail
6553,female,group E,bachelor degree,standard,False,13.4,6.6,69.0,47.0,80.0,public,True,216.0,43.2,Fail
6554,female,group A,associate degree,standard,False,9.0,11.0,45.0,80.0,63.0,public,True,208.0,41.6,Fail
6555,male,group C,high school,standard,True,15.6,6.9,63.0,81.0,88.0,international,True,254.5,50.9,Pass
6556,male,group C,high school,free/reduced,True,16.5,7.3,78.0,69.0,68.0,public,True,238.8,47.76,Fail
6557,male,group B,some college,standard,False,7.8,6.4,66.0,58.0,71.0,public,True,209.2,41.84,Fail
6558,male,group B,some college,standard,False,2.6,10.6,86.0,68.0,53.0,public,True,220.2,44.04,Fail
6559,female,group D,bachelor degree,standard,False,8.0,7.6,74.0,85.0,71.0,public,True,245.6,49.12,Fail
6560,female,group C,high school,standard,True,9.5,7.4,69.0,66.0,44.0,public,True,195.9,39.18,Fail
6561,female,group A,associate degree,standard,False,6.3,8.1,62.0,76.0,50.0,public,False,202.4,40.48,Fail
6562,female,group B,high school,free/reduced,True,6.6,6.9,57.0,87.0,83.0,private,True,240.5,48.1,Fail
6563,male,group C,master degree,free/reduced,True,12.2,7.4,54.0,87.0,58.0,public,True,218.6,43.72,Fail
6564,male,group A,some college,standard,False,17.1,8.8,41.0,69.0,82.0,international,True,217.9,43.58,Fail
6565,male,group B,associate degree,standard,False,9.6,7.2,80.0,71.13410138248848,73.0,private,True,240.93410138248848,48.19,Fail
6566,female,group E,bachelor degree,free/reduced,True,11.2,8.6,79.0,65.0,85.0,private,False,248.8,49.76,Fail
6567,female,group A,high school,free/reduced,False,9.66265306122449,8.7,83.0,90.0,70.46045112781955,public,True,261.82310418904405,52.36,Pass
6568,male,group D,high school,standard,False,9.7,5.1,60.0,73.0,84.0,public,True,231.8,46.36,Fail
6569,female,group A,some college,standard,True,11.7,6.2,66.0,52.0,76.0,public,True,211.9,42.38,Fail
6570,male,group B,high school,standard,False,8.4,8.0,78.0,66.0,77.0,international,False,237.4,47.48,Fail
6571,male,group B,associate degree,standard,False,13.2,8.3,58.0,71.13410138248848,95.0,private,True,245.6341013824885,49.13,Fail
6572,male,group B,high school,standard,False,16.8,5.8,82.0,70.0,80.0,private,True,254.6,50.92,Pass
6573,female,group A,associate degree,standard,False,6.0,10.1,70.0,48.0,80.0,public,True,214.1,42.82,Fail
6574,female,group A,high school,standard,False,10.6,7.2,76.0,73.0,89.0,public,True,255.8,51.16,Pass
6575,male,group C,some college,free/reduced,True,16.7,5.6,79.0,94.0,51.0,private,True,246.3,49.26,Fail
6576,female,group B,master degree,standard,False,9.7,6.1,80.0,65.0,60.0,public,True,220.8,44.16,Fail
6577,male,group E,some college,free/reduced,True,0.4,7.7,48.0,54.0,88.0,private,False,198.1,39.62,Fail
6578,female,group C,some college,free/reduced,False,13.0,5.9,93.0,96.0,70.46045112781955,private,False,278.36045112781954,55.67,Pass
6579,male,group D,associate degree,standard,True,12.9,9.0,62.0,100.0,97.0,private,True,280.9,56.18,Pass
6580,male,group A,high school,free/reduced,False,17.3,8.0,100.0,60.0,74.0,public,True,259.3,51.86,Pass
6581,female,group E,high school,standard,False,0.7,9.3,58.0,55.0,49.0,private,True,172.0,34.4,Fail
6582,female,group A,bachelor degree,free/reduced,False,9.0,6.4,49.0,77.0,73.0,public,True,214.4,42.88,Fail
6583,female,group D,high school,free/reduced,True,5.5,5.8,63.0,50.0,97.0,public,True,221.3,44.26,Fail
6584,female,group C,high school,free/reduced,False,20.9,7.6,60.0,60.0,56.0,international,True,204.5,40.9,Fail
6585,male,group E,high school,standard,False,5.2,9.4,42.0,35.0,75.0,public,True,166.6,33.32,Fail
6586,female,group E,associate degree,free/reduced,True,3.5,9.1,42.0,67.0,80.0,international,True,201.6,40.32,Fail
6587,female,group D,high school,standard,True,8.8,7.7,57.0,76.0,77.0,public,True,226.5,45.3,Fail
6588,male,group D,high school,standard,False,4.0,8.0,74.0,95.0,70.46045112781955,private,True,251.46045112781957,50.29,Pass
6589,female,group E,master degree,standard,False,9.66265306122449,5.4,79.0,71.13410138248848,84.0,public,True,249.19675444371296,49.84,Fail
6590,male,group C,high school,free/reduced,False,0.3,8.7,61.0,72.0,70.46045112781955,public,False,212.46045112781957,42.49,Fail
6591,male,group C,high school,standard,False,3.9,5.8,68.0,76.0,74.0,public,False,227.7,45.54,Fail
6592,female,group B,some college,free/reduced,False,7.6,7.5,78.0,88.0,91.0,private,False,272.1,54.42,Pass
6593,male,group B,high school,standard,True,11.4,7.0,81.0,71.13410138248848,70.46045112781955,private,True,240.99455251030804,48.2,Fail
6594,male,group B,master degree,standard,True,9.66265306122449,8.5,86.0,87.0,64.0,international,True,255.1626530612245,51.03,Pass
6595,male,group D,high school,free/reduced,False,12.4,6.9,84.0,77.0,62.0,public,True,242.3,48.46,Fail
6596,female,group B,associate degree,standard,False,15.4,6.9,77.0,64.0,55.0,private,True,218.3,43.66,Fail
6597,female,group D,master degree,standard,True,16.7,7.3,89.0,88.0,88.0,private,True,289.0,57.8,Pass
6598,female,group C,associate degree,standard,True,14.1,7.193586956521739,77.0,70.0,61.0,public,True,229.29358695652172,45.86,Fail
6599,male,group C,high school,free/reduced,True,2.3,8.6,52.0,86.0,65.0,international,False,213.9,42.78,Fail
6600,male,group D,high school,standard,True,10.0,6.8,82.0,75.0,60.0,private,True,233.8,46.76,Fail
6601,male,group C,high school,standard,True,0.0,7.9,81.0,53.0,69.0,private,True,210.9,42.18,Fail
6602,female,group C,bachelor degree,free/reduced,False,4.5,7.193586956521739,65.0,53.0,36.0,public,False,165.69358695652176,33.14,Fail
6603,female,group E,some college,standard,True,16.0,7.1,65.0,71.0,70.0,public,True,229.1,45.82,Fail
6604,female,group D,high school,standard,False,9.4,7.4,61.0,71.0,78.0,private,True,226.8,45.36,Fail
6605,female,group B,master degree,free/reduced,False,8.4,4.5,86.0,64.0,75.0,private,True,237.9,47.58,Fail
6606,female,group B,high school,standard,False,11.0,8.2,91.0,81.0,54.0,public,True,245.2,49.04,Fail
6607,female,group C,high school,standard,True,14.4,10.0,90.0,67.0,58.0,public,True,239.4,47.88,Fail
6608,female,group A,associate degree,free/reduced,False,10.6,5.6,87.0,75.0,43.0,public,True,221.2,44.24,Fail
6609,male,group B,associate degree,free/reduced,False,0.0,9.0,98.0,60.0,61.0,public,True,228.0,45.6,Fail
6610,male,group A,associate degree,free/reduced,False,6.1,8.4,72.0,86.0,76.0,public,True,248.5,49.7,Fail
6611,female,group C,some college,standard,False,0.0,6.3,91.0,65.0,61.0,private,True,223.3,44.66,Fail
6612,female,group E,some college,standard,True,9.66265306122449,5.8,68.0,80.0,79.0,public,True,242.4626530612245,48.49,Fail
6613,male,group D,high school,standard,True,13.8,7.193586956521739,73.0,76.0,66.0,public,False,235.99358695652174,47.2,Fail
6614,female,group B,bachelor degree,standard,True,11.5,7.2,65.0,97.0,75.0,private,True,255.7,51.14,Pass
6615,female,group B,some college,standard,False,2.7,5.1,76.0,86.0,75.0,international,False,244.8,48.96,Fail
6616,male,group D,some college,standard,False,17.4,8.1,76.0,53.0,44.0,private,True,198.5,39.7,Fail
6617,female,group A,bachelor degree,standard,True,9.66265306122449,7.7,86.0,100.0,62.0,public,False,265.3626530612245,53.07,Pass
6618,male,group D,some college,standard,False,0.8,8.3,82.0,70.0,46.0,public,True,207.1,41.42,Fail
6619,female,group D,some college,standard,True,15.6,6.0,91.0,75.0,59.0,public,True,246.6,49.32,Fail
6620,male,group D,master degree,standard,True,0.7,9.5,80.0,30.0,70.46045112781955,private,True,190.66045112781956,38.13,Fail
6621,female,group C,associate degree,standard,True,1.6,8.6,71.0,71.0,77.0,international,True,229.2,45.84,Fail
6622,male,group A,high school,standard,True,9.66265306122449,5.0,74.0,58.0,95.0,public,True,241.6626530612245,48.33,Fail
6623,male,group D,bachelor degree,standard,False,16.3,9.2,61.0,54.0,72.0,private,True,212.5,42.5,Fail
6624,male,group C,high school,free/reduced,True,7.7,6.7,80.0,71.13410138248848,73.0,public,True,238.53410138248847,47.71,Fail
6625,male,group E,high school,standard,True,12.0,8.9,85.0,57.0,71.0,public,True,233.9,46.78,Fail
6626,female,group C,associate degree,standard,False,11.3,7.3,85.0,69.0,63.0,public,False,235.6,47.12,Fail
6627,male,group D,high school,free/reduced,False,9.66265306122449,8.9,92.0,81.0,75.0,public,True,266.5626530612245,53.31,Pass
6628,male,group B,high school,standard,True,14.4,9.1,73.0,76.0,61.0,public,False,233.5,46.7,Fail
6629,male,group C,some college,standard,False,2.6,10.9,88.0,61.0,92.0,public,True,254.5,50.9,Pass
6630,female,group D,high school,standard,False,10.7,7.7,68.0,46.0,96.0,international,True,228.4,45.68,Fail
6631,male,group E,high school,standard,False,1.9,8.5,76.0,87.0,67.0,public,True,240.4,48.08,Fail
6632,male,group C,associate degree,standard,True,18.0,5.3,65.0,69.0,75.0,public,True,232.3,46.46,Fail
6633,male,group E,some college,standard,False,16.6,6.8,85.0,59.0,58.0,public,True,225.4,45.08,Fail
6634,female,group C,high school,standard,True,9.66265306122449,6.1,53.0,81.0,66.0,public,True,215.76265306122448,43.15,Fail
6635,male,group C,high school,standard,False,9.5,7.2,74.0,58.0,50.0,public,True,198.7,39.74,Fail
6636,female,group E,some college,standard,True,14.5,5.9,78.0,77.0,53.0,private,True,228.4,45.68,Fail
6637,male,group C,high school,standard,False,7.1,5.7,71.0,76.0,92.0,private,True,251.8,50.36,Pass
6638,female,group D,some college,free/reduced,False,10.6,7.1,64.0,100.0,85.0,public,True,266.7,53.34,Pass
6639,male,group E,associate degree,standard,False,6.7,7.8,80.0,52.0,59.0,public,True,205.5,41.1,Fail
6640,male,group E,bachelor degree,standard,False,8.7,4.4,67.0,69.0,66.0,private,True,215.1,43.02,Fail
6641,male,group D,bachelor degree,standard,False,10.2,7.1,37.0,57.0,61.0,public,True,172.3,34.46,Fail
6642,female,group C,some college,standard,False,6.8,8.4,68.0,81.0,76.0,public,True,240.2,48.04,Fail
6643,female,group E,high school,free/reduced,False,11.8,8.1,74.0,61.0,67.0,private,True,221.9,44.38,Fail
6644,female,group E,high school,standard,False,0.0,7.3,77.0,58.0,79.0,public,True,221.3,44.26,Fail
6645,female,group E,high school,standard,True,9.66265306122449,6.9,67.0,84.0,80.0,public,True,247.5626530612245,49.51,Fail
6646,female,group D,high school,standard,True,9.66265306122449,6.3,35.0,73.0,77.0,public,True,200.9626530612245,40.19,Fail
6647,female,group C,bachelor degree,standard,False,6.5,8.7,72.0,69.0,69.0,public,True,225.2,45.04,Fail
6648,male,group B,high school,free/reduced,True,9.66265306122449,6.8,66.0,74.0,67.0,public,True,223.4626530612245,44.69,Fail
6649,female,group B,some college,standard,False,14.6,8.0,44.0,75.0,55.0,international,True,196.6,39.32,Fail
6650,female,group A,high school,standard,False,11.1,9.5,71.0,71.13410138248848,82.0,public,True,244.73410138248846,48.95,Fail
6651,female,group E,master degree,standard,False,7.6,8.6,100.0,74.0,73.0,public,True,263.2,52.64,Pass
6652,male,group B,some college,standard,False,4.8,7.1,62.0,88.0,73.0,public,True,234.9,46.98,Fail
6653,male,group E,some college,standard,False,12.5,7.3,90.0,97.0,70.0,public,True,276.8,55.36,Pass
6654,male,group D,associate degree,free/reduced,False,9.66265306122449,6.9,94.0,50.0,52.0,public,True,212.5626530612245,42.51,Fail
6655,female,group A,some college,standard,True,3.0,7.8,57.0,95.0,78.0,public,True,240.8,48.16,Fail
6656,female,group A,associate degree,standard,False,7.7,5.8,88.0,50.0,74.0,public,True,225.5,45.1,Fail
6657,female,group B,master degree,standard,False,8.5,5.4,36.0,89.0,62.0,public,False,200.9,40.18,Fail
6658,female,group A,high school,standard,False,16.2,6.0,83.0,71.13410138248848,60.0,public,True,236.33410138248848,47.27,Fail
6659,female,group A,some college,free/reduced,False,4.5,6.8,68.0,47.0,83.0,public,True,209.3,41.86,Fail
6660,female,group B,master degree,free/reduced,True,13.4,7.0,52.0,94.0,50.0,public,True,216.4,43.28,Fail
6661,female,group E,bachelor degree,standard,True,9.2,8.7,58.0,47.0,62.0,public,True,184.9,36.98,Fail
6662,female,group B,associate degree,standard,True,13.5,5.1,64.0,59.0,73.0,public,True,214.6,42.92,Fail
6663,female,group A,high school,standard,True,13.4,7.9,88.0,75.0,57.0,public,True,241.3,48.26,Fail
6664,female,group D,bachelor degree,standard,False,8.5,7.6,59.0,87.0,69.0,public,True,231.1,46.22,Fail
6665,male,group C,bachelor degree,free/reduced,True,12.0,7.193586956521739,85.0,59.0,42.0,public,True,205.19358695652176,41.04,Fail
6666,female,group E,high school,free/reduced,False,13.5,7.193586956521739,50.0,66.0,92.0,public,True,228.69358695652176,45.74,Fail
6667,female,group B,high school,standard,True,12.2,7.3,68.0,70.0,57.0,public,True,214.5,42.9,Fail
6668,female,group E,associate degree,free/reduced,True,9.7,5.8,76.0,63.0,74.0,public,True,228.5,45.7,Fail
6669,male,group C,associate degree,standard,False,17.0,7.3,78.0,42.0,59.0,private,False,203.3,40.66,Fail
6670,male,group A,associate degree,free/reduced,True,12.3,7.4,100.0,96.0,65.0,private,True,280.7,56.14,Pass
6671,female,group A,bachelor degree,standard,False,12.3,7.193586956521739,73.0,77.0,81.0,public,True,250.49358695652174,50.1,Pass
6672,female,group E,high school,free/reduced,True,16.5,9.1,86.0,89.0,66.0,public,True,266.6,53.32,Pass
6673,male,group D,high school,standard,True,2.7,6.0,62.0,92.0,70.0,private,False,232.7,46.54,Fail
6674,male,group C,high school,standard,True,9.3,7.9,78.0,71.13410138248848,82.0,public,True,248.33410138248848,49.67,Fail
6675,male,group E,associate degree,standard,False,9.0,6.9,68.0,41.0,79.0,private,True,203.9,40.78,Fail
6676,male,group A,some college,standard,False,9.66265306122449,6.5,87.0,88.0,72.0,public,True,263.1626530612245,52.63,Pass
6677,female,group E,bachelor degree,standard,True,10.0,8.7,83.0,66.0,80.0,private,True,247.7,49.54,Fail
6678,male,group B,bachelor degree,free/reduced,False,6.4,7.7,71.0,58.0,100.0,public,True,243.1,48.62,Fail
6679,female,group D,bachelor degree,standard,False,8.6,7.6,44.0,74.0,72.0,private,True,206.2,41.24,Fail
6680,male,group C,high school,free/reduced,True,11.7,8.0,70.0,71.0,58.0,private,True,218.7,43.74,Fail
6681,female,group A,high school,standard,True,10.4,7.0,67.0,88.0,70.46045112781955,public,True,242.86045112781954,48.57,Fail
6682,female,group B,high school,standard,True,6.2,8.9,56.0,100.0,75.0,public,False,246.1,49.22,Fail
6683,male,group A,high school,free/reduced,False,5.5,7.193586956521739,74.0,79.0,93.0,public,True,258.69358695652176,51.74,Pass
6684,male,group D,bachelor degree,free/reduced,False,9.5,7.9,38.0,67.0,59.0,public,True,181.4,36.28,Fail
6685,male,group B,high school,standard,False,9.66265306122449,6.3,70.0,60.0,73.0,private,False,218.9626530612245,43.79,Fail
6686,male,group E,high school,free/reduced,True,17.3,8.5,67.0,99.0,42.0,public,True,233.8,46.76,Fail
6687,male,group E,some college,standard,True,7.5,7.6,86.0,71.0,70.46045112781955,private,True,242.56045112781953,48.51,Fail
6688,male,group D,some college,standard,True,1.8,10.3,71.0,60.0,87.0,public,True,230.1,46.02,Fail
6689,female,group B,high school,standard,False,4.9,7.7,32.0,51.0,100.0,international,True,195.6,39.12,Fail
6690,female,group D,some college,standard,False,8.6,3.9,64.0,62.0,94.0,public,True,232.5,46.5,Fail
6691,female,group E,bachelor degree,standard,True,9.66265306122449,6.8,51.0,93.0,62.0,international,True,222.4626530612245,44.49,Fail
6692,male,group B,high school,standard,True,16.4,8.8,90.0,81.0,70.46045112781955,public,True,266.66045112781956,53.33,Pass
6693,female,group E,master degree,standard,True,12.5,7.5,60.0,84.0,35.0,public,True,199.0,39.8,Fail
6694,male,group C,high school,standard,True,7.1,4.9,82.0,59.0,58.0,private,True,211.0,42.2,Fail
6695,female,group C,bachelor degree,free/reduced,True,10.8,8.9,70.0,70.0,84.0,public,True,243.7,48.74,Fail
6696,female,group A,high school,free/reduced,True,0.0,7.8,68.0,62.0,70.0,private,True,207.8,41.56,Fail
6697,female,group B,bachelor degree,standard,True,15.8,7.193586956521739,83.0,67.0,52.0,public,True,224.99358695652174,45.0,Fail
6698,female,group C,some college,standard,False,12.1,7.2,62.0,74.0,84.0,public,True,239.3,47.86,Fail
6699,female,group C,some college,standard,False,22.4,7.193586956521739,83.0,76.0,65.0,public,True,253.59358695652173,50.72,Pass
6700,male,group B,bachelor degree,standard,False,16.7,8.5,57.0,65.0,51.0,public,True,198.2,39.64,Fail
6701,female,group B,some college,standard,False,5.7,8.8,59.0,62.0,70.46045112781955,private,True,205.96045112781957,41.19,Fail
6702,female,group C,some college,free/reduced,False,8.7,7.7,52.0,69.0,75.0,international,True,212.4,42.48,Fail
6703,female,group C,associate degree,free/reduced,True,9.66265306122449,8.1,53.0,74.0,61.0,private,True,205.76265306122448,41.15,Fail
6704,female,group D,master degree,standard,True,17.5,8.9,52.0,74.0,62.0,public,True,214.4,42.88,Fail
6705,male,group A,associate degree,free/reduced,False,7.5,7.9,60.0,64.0,99.0,public,True,238.4,47.68,Fail
6706,female,group C,associate degree,standard,False,10.8,8.3,92.0,61.0,54.0,public,True,226.1,45.22,Fail
6707,female,group C,high school,standard,True,11.3,7.5,90.0,73.0,50.0,public,True,231.8,46.36,Fail
6708,male,group A,some college,free/reduced,True,9.4,4.5,73.0,82.0,67.0,international,True,235.9,47.18,Fail
6709,female,group C,bachelor degree,standard,True,14.7,10.0,100.0,83.0,54.0,private,False,261.7,52.34,Pass
6710,female,group D,some college,free/reduced,False,16.4,7.2,68.0,78.0,70.46045112781955,public,True,240.06045112781953,48.01,Fail
6711,male,group D,high school,standard,False,16.4,4.1,42.0,62.0,59.0,public,False,183.5,36.7,Fail
6712,male,group B,some college,free/reduced,False,9.1,6.3,86.0,69.0,98.0,public,True,268.4,53.68,Pass
6713,female,group E,associate degree,free/reduced,False,11.2,7.9,55.0,41.0,83.0,public,True,198.1,39.62,Fail
6714,male,group E,bachelor degree,standard,True,9.66265306122449,7.6,100.0,78.0,81.0,public,True,276.26265306122446,55.25,Pass
6715,male,group C,high school,free/reduced,False,11.1,9.9,59.0,67.0,75.0,public,True,222.0,44.4,Fail
6716,male,group C,some college,standard,True,9.7,6.8,81.0,97.0,63.0,public,True,257.5,51.5,Pass
6717,male,group A,high school,standard,True,4.4,6.5,44.0,88.0,77.0,public,True,219.9,43.98,Fail
6718,male,group D,high school,standard,True,12.5,7.1,52.0,83.0,77.0,public,True,231.6,46.32,Fail
6719,male,group A,associate degree,standard,True,9.66265306122449,10.3,78.0,61.0,70.46045112781955,public,True,229.42310418904407,45.88,Fail
6720,female,group D,some college,standard,True,12.7,7.193586956521739,62.0,52.0,72.0,international,True,205.89358695652174,41.18,Fail
6721,male,group C,high school,standard,True,3.6,6.1,99.0,84.0,62.0,public,False,254.7,50.94,Pass
6722,male,group E,high school,free/reduced,False,11.6,6.8,60.0,75.0,73.0,public,True,226.4,45.28,Fail
6723,female,group C,bachelor degree,standard,False,0.0,5.4,90.0,73.0,76.0,public,True,244.4,48.88,Fail
6724,male,group A,associate degree,standard,False,7.5,8.9,100.0,68.0,72.0,public,True,256.4,51.28,Pass
6725,female,group C,bachelor degree,standard,False,9.66265306122449,7.1,78.0,72.0,88.0,public,True,254.76265306122448,50.95,Pass
6726,male,group A,high school,standard,False,16.1,7.3,58.0,59.0,65.0,public,True,205.4,41.08,Fail
6727,male,group C,associate degree,standard,False,9.0,8.8,44.0,76.0,54.0,public,False,191.8,38.36,Fail
6728,male,group B,associate degree,standard,False,6.6,7.0,68.0,71.13410138248848,82.0,public,True,234.73410138248846,46.95,Fail
6729,female,group C,some college,free/reduced,True,13.4,5.3,76.0,78.0,71.0,public,True,243.7,48.74,Fail
6730,female,group C,high school,standard,False,13.3,5.3,68.0,74.0,47.0,private,True,207.6,41.52,Fail
6731,male,group C,bachelor degree,standard,False,7.3,7.2,58.0,66.0,93.0,public,True,231.5,46.3,Fail
6732,female,group D,some college,free/reduced,True,15.2,6.3,82.0,64.0,42.0,international,True,209.5,41.9,Fail
6733,female,group A,high school,free/reduced,False,13.9,6.5,63.0,78.0,84.0,public,True,245.4,49.08,Fail
6734,female,group C,some college,free/reduced,False,5.6,7.193586956521739,60.0,84.0,81.0,public,True,237.79358695652172,47.56,Fail
6735,female,group C,some college,free/reduced,False,5.2,10.5,83.0,84.0,63.0,international,True,245.7,49.14,Fail
6736,male,group E,master degree,standard,False,2.7,5.2,64.0,72.0,62.0,public,True,205.9,41.18,Fail
6737,male,group C,some college,standard,False,10.9,7.193586956521739,67.0,64.0,66.0,public,True,215.09358695652173,43.02,Fail
6738,male,group D,associate degree,free/reduced,True,3.8,7.7,63.0,70.0,80.0,private,True,224.5,44.9,Fail
6739,female,group E,some college,standard,True,5.7,4.9,53.0,83.0,47.0,international,True,193.6,38.72,Fail
6740,male,group C,high school,standard,False,5.7,5.1,61.0,71.13410138248848,70.46045112781955,private,True,213.39455251030802,42.68,Fail
6741,female,group C,high school,free/reduced,True,17.9,6.5,65.0,40.0,71.0,public,False,200.4,40.08,Fail
6742,female,group D,high school,standard,False,13.5,8.1,57.0,72.0,73.0,public,False,223.6,44.72,Fail
6743,female,group B,high school,standard,False,13.1,7.0,62.0,65.0,81.0,public,False,228.1,45.62,Fail
6744,male,group A,high school,free/reduced,False,16.8,5.7,53.0,71.0,88.0,public,True,234.5,46.9,Fail
6745,female,group E,high school,standard,True,11.2,7.0,44.0,77.0,65.0,public,True,204.2,40.84,Fail
6746,male,group C,high school,free/reduced,False,9.66265306122449,8.4,64.0,67.0,44.0,public,True,193.0626530612245,38.61,Fail
6747,female,group D,some college,standard,True,13.4,8.3,31.0,79.0,94.0,public,True,225.7,45.14,Fail
6748,female,group A,high school,free/reduced,False,9.66265306122449,6.9,46.0,89.0,82.0,international,False,233.5626530612245,46.71,Fail
6749,female,group B,high school,free/reduced,False,9.7,9.4,92.0,75.0,68.0,public,True,254.1,50.82,Pass
6750,female,group C,bachelor degree,standard,True,13.3,5.0,66.0,57.0,62.0,private,True,203.3,40.66,Fail
6751,male,group C,some college,standard,False,6.7,7.5,76.0,80.0,97.0,public,True,267.2,53.44,Pass
6752,female,group B,bachelor degree,free/reduced,True,8.9,6.0,78.0,55.0,72.0,public,True,219.9,43.98,Fail
6753,male,group E,some college,standard,False,9.4,3.6,77.0,69.0,94.0,international,True,253.0,50.6,Pass
6754,female,group B,high school,free/reduced,False,12.3,8.1,94.0,99.0,84.0,international,True,297.4,59.48,Pass
6755,male,group C,associate degree,standard,False,10.3,7.6,60.0,79.0,75.0,public,True,231.9,46.38,Fail
6756,male,group B,high school,free/reduced,True,12.6,7.5,83.0,63.0,61.0,public,True,227.1,45.42,Fail
6757,male,group B,master degree,free/reduced,False,9.1,7.9,31.0,71.13410138248848,67.0,public,True,186.1341013824885,37.23,Fail
6758,male,group B,some college,standard,False,2.8,10.6,63.0,76.0,51.0,international,True,203.4,40.68,Fail
6759,female,group C,some college,free/reduced,False,8.5,7.8,55.0,66.0,66.0,public,False,203.3,40.66,Fail
6760,male,group C,some college,free/reduced,False,5.3,7.1,73.0,73.0,80.0,public,True,238.4,47.68,Fail
6761,male,group A,bachelor degree,standard,False,6.6,7.193586956521739,67.0,76.0,58.0,private,True,214.79358695652172,42.96,Fail
6762,female,group B,some college,standard,True,5.4,3.5,77.0,91.0,70.0,public,True,246.9,49.38,Fail
6763,female,group A,some college,free/reduced,False,3.2,6.6,77.0,100.0,84.0,public,True,270.8,54.16,Pass
6764,female,group E,bachelor degree,standard,False,14.3,9.2,97.0,61.0,82.0,public,True,263.5,52.7,Pass
6765,female,group A,associate degree,standard,False,9.5,7.193586956521739,47.0,59.0,70.46045112781955,public,True,193.1540380843413,38.63,Fail
6766,female,group C,some college,standard,True,5.9,7.4,84.0,77.0,92.0,public,True,266.3,53.26,Pass
6767,female,group C,high school,free/reduced,False,9.4,7.1,56.0,44.0,68.0,public,True,184.5,36.9,Fail
6768,female,group B,high school,standard,True,9.3,5.0,56.0,84.0,42.0,public,True,196.3,39.26,Fail
6769,male,group C,bachelor degree,standard,True,7.2,8.2,70.0,78.0,75.0,public,False,238.4,47.68,Fail
6770,male,group A,high school,standard,False,17.7,7.193586956521739,68.0,75.0,85.0,private,True,252.89358695652174,50.58,Pass
6771,female,group E,high school,standard,True,7.7,7.3,76.0,85.0,87.0,public,True,263.0,52.6,Pass
6772,female,group E,high school,standard,False,12.4,7.8,52.0,80.0,50.0,private,False,202.2,40.44,Fail
6773,male,group E,bachelor degree,standard,True,12.9,8.9,100.0,77.0,60.0,public,True,258.8,51.76,Pass
6774,male,group C,associate degree,standard,True,0.0,7.1,100.0,97.0,75.0,public,True,279.1,55.82,Pass
6775,male,group B,some college,free/reduced,False,4.8,6.7,83.0,65.0,72.0,public,True,231.5,46.3,Fail
6776,male,group C,bachelor degree,standard,True,0.4,5.3,83.0,57.0,73.0,international,True,218.7,43.74,Fail
6777,female,group A,high school,standard,False,6.4,7.9,58.0,78.0,56.0,international,False,206.3,41.26,Fail
6778,female,group D,high school,standard,False,8.8,8.2,78.0,46.0,85.0,private,True,226.0,45.2,Fail
6779,male,group A,high school,standard,True,9.66265306122449,6.8,42.0,86.0,63.0,public,True,207.4626530612245,41.49,Fail
6780,female,group E,high school,standard,False,9.66265306122449,6.4,67.0,47.0,61.0,private,True,191.0626530612245,38.21,Fail
6781,male,group E,bachelor degree,standard,False,11.9,4.6,72.0,65.0,56.0,public,True,209.5,41.9,Fail
6782,male,group C,some college,free/reduced,True,6.8,8.6,50.0,54.0,64.0,public,True,183.4,36.68,Fail
6783,male,group B,bachelor degree,standard,True,11.8,7.193586956521739,65.0,83.0,70.46045112781955,public,True,237.45403808434128,47.49,Fail
6784,male,group E,some college,standard,True,9.66265306122449,7.8,89.0,76.0,71.0,public,True,253.4626530612245,50.69,Pass
6785,male,group B,high school,free/reduced,False,7.1,6.7,51.0,96.0,83.0,public,True,243.8,48.76,Fail
6786,female,group C,master degree,standard,True,0.0,7.193586956521739,82.0,61.0,79.0,public,True,229.19358695652176,45.84,Fail
6787,female,group C,high school,standard,True,9.66265306122449,6.7,70.0,83.0,76.0,public,True,245.36265306122448,49.07,Fail
6788,male,group D,some college,standard,True,9.66265306122449,9.5,51.0,63.0,64.0,public,True,197.1626530612245,39.43,Fail
6789,male,group E,high school,standard,False,15.2,7.0,78.0,78.0,74.0,public,True,252.2,50.44,Pass
6790,female,group B,some college,standard,False,2.2,6.1,85.0,67.0,76.0,international,True,236.3,47.26,Fail
6791,female,group D,associate degree,standard,True,7.0,6.8,53.0,76.0,72.0,international,True,214.8,42.96,Fail
6792,female,group D,some college,standard,True,8.5,7.193586956521739,64.0,92.0,64.0,public,False,235.69358695652176,47.14,Fail
6793,female,group D,bachelor degree,standard,False,9.66265306122449,8.3,53.0,91.0,58.0,public,True,219.9626530612245,43.99,Fail
6794,female,group C,bachelor degree,free/reduced,False,5.9,7.193586956521739,78.0,71.0,64.0,private,False,226.09358695652173,45.22,Fail
6795,male,group C,associate degree,standard,False,7.8,6.4,79.0,74.0,69.0,private,True,236.2,47.24,Fail
6796,male,group D,high school,standard,False,16.1,7.193586956521739,79.0,51.0,62.0,public,True,215.29358695652172,43.06,Fail
6797,male,group C,bachelor degree,standard,True,7.0,7.1,80.0,65.0,74.0,public,True,233.1,46.62,Fail
6798,female,group E,high school,standard,False,6.6,8.4,48.0,50.0,68.0,public,True,181.0,36.2,Fail
6799,male,group B,some college,standard,False,19.5,5.7,66.0,97.0,60.0,public,False,248.2,49.64,Fail
6800,female,group C,high school,standard,False,9.1,6.7,44.0,96.0,72.0,private,True,227.8,45.56,Fail
6801,male,group C,master degree,standard,False,9.0,5.8,60.0,71.13410138248848,66.0,private,True,211.93410138248848,42.39,Fail
6802,female,group C,high school,free/reduced,True,23.0,7.7,60.0,74.0,65.0,public,True,229.7,45.94,Fail
6803,female,group B,some college,standard,False,12.6,7.5,61.0,66.0,86.0,private,True,233.1,46.62,Fail
6804,female,group A,master degree,standard,False,17.1,7.6,55.0,71.13410138248848,59.0,private,True,209.83410138248848,41.97,Fail
6805,female,group C,bachelor degree,free/reduced,False,10.9,6.5,80.0,80.0,53.0,public,True,230.4,46.08,Fail
6806,female,group B,high school,standard,False,9.9,7.193586956521739,100.0,69.0,56.0,international,True,242.09358695652173,48.42,Fail
6807,female,group E,bachelor degree,standard,True,18.7,7.7,70.0,56.0,69.0,public,True,221.4,44.28,Fail
6808,male,group C,high school,standard,False,9.66265306122449,7.193586956521739,53.0,82.0,68.0,public,True,219.85624001774625,43.97,Fail
6809,male,group A,some college,free/reduced,False,9.2,6.5,36.0,71.0,44.0,public,True,166.7,33.34,Fail
6810,female,group D,master degree,free/reduced,False,7.8,7.7,54.0,71.0,77.0,public,True,217.5,43.5,Fail
6811,male,group D,high school,standard,False,9.66265306122449,8.6,65.0,80.0,74.0,public,True,237.26265306122448,47.45,Fail
6812,female,group B,high school,standard,False,0.0,7.193586956521739,95.0,98.0,82.0,public,False,282.19358695652176,56.44,Pass
6813,male,group D,some college,standard,False,6.9,7.193586956521739,56.0,87.0,59.0,public,True,216.09358695652173,43.22,Fail
6814,male,group B,associate degree,standard,False,22.0,6.1,77.0,77.0,63.0,public,True,245.1,49.02,Fail
6815,female,group E,high school,standard,False,14.0,6.2,70.0,56.0,91.0,international,True,237.2,47.44,Fail
6816,female,group A,high school,standard,False,8.1,6.0,43.0,45.0,82.0,private,False,184.1,36.82,Fail
6817,female,group D,high school,standard,True,13.3,7.9,51.0,57.0,46.0,private,True,175.2,35.04,Fail
6818,female,group A,some college,standard,True,16.6,8.7,83.0,77.0,71.0,public,True,256.3,51.26,Pass
6819,male,group C,master degree,free/reduced,False,10.7,7.2,64.0,56.0,56.0,public,True,193.9,38.78,Fail
6820,female,group C,bachelor degree,standard,True,3.6,6.0,75.0,70.0,66.0,public,True,220.6,44.12,Fail
6821,male,group E,high school,free/reduced,False,8.4,9.2,79.0,81.0,80.0,public,True,257.6,51.52,Pass
6822,male,group E,high school,standard,True,9.9,5.0,78.0,83.0,66.0,international,True,241.9,48.38,Fail
6823,female,group E,high school,standard,False,6.2,5.3,51.0,71.13410138248848,76.0,public,True,209.6341013824885,41.93,Fail
6824,male,group C,master degree,free/reduced,False,9.66265306122449,6.8,69.0,75.0,83.0,public,True,243.4626530612245,48.69,Fail
6825,male,group C,bachelor degree,standard,True,9.4,6.9,68.0,64.0,78.0,public,True,226.3,45.26,Fail
6826,female,group E,high school,free/reduced,True,0.0,7.1,24.0,59.0,82.0,public,True,172.1,34.42,Fail
6827,female,group B,high school,free/reduced,True,13.6,7.5,59.0,75.0,69.0,public,True,224.1,44.82,Fail
6828,male,group B,high school,free/reduced,False,15.8,5.0,81.0,94.0,79.0,private,True,274.8,54.96,Pass
6829,male,group E,high school,free/reduced,False,9.3,6.6,57.0,53.0,91.0,public,True,216.9,43.38,Fail
6830,male,group E,associate degree,standard,False,8.9,8.1,51.0,68.0,89.0,public,True,225.0,45.0,Fail
6831,female,group A,high school,free/reduced,False,6.1,7.5,74.0,71.0,76.0,private,True,234.6,46.92,Fail
6832,male,group D,bachelor degree,free/reduced,True,10.0,5.6,75.0,81.0,52.0,international,True,223.6,44.72,Fail
6833,male,group D,associate degree,standard,True,9.8,5.0,75.0,87.0,54.0,public,True,230.8,46.16,Fail
6834,male,group D,master degree,standard,False,9.2,7.1,64.0,75.0,55.0,public,True,210.3,42.06,Fail
6835,male,group C,high school,free/reduced,True,4.9,7.8,65.0,76.0,86.0,public,True,239.7,47.94,Fail
6836,male,group C,bachelor degree,standard,False,8.6,7.5,64.0,54.0,64.0,public,True,198.1,39.62,Fail
6837,male,group E,some college,standard,True,11.0,4.5,80.0,71.13410138248848,66.0,public,True,232.6341013824885,46.53,Fail
6838,female,group D,high school,free/reduced,False,9.9,7.2,75.0,66.0,73.0,private,True,231.1,46.22,Fail
6839,female,group E,associate degree,standard,True,16.7,7.3,62.0,64.0,63.0,public,True,213.0,42.6,Fail
6840,female,group B,high school,standard,False,5.6,8.4,84.0,62.0,65.0,public,False,225.0,45.0,Fail
6841,female,group A,some college,free/reduced,True,12.5,7.0,81.0,72.0,70.46045112781955,private,False,242.96045112781957,48.59,Fail
6842,male,group C,master degree,standard,False,2.6,6.9,85.0,55.0,88.0,public,True,237.5,47.5,Fail
6843,female,group D,bachelor degree,standard,True,14.9,7.193586956521739,69.0,89.0,50.0,private,True,230.09358695652173,46.02,Fail
6844,male,group E,high school,standard,False,7.0,7.193586956521739,52.0,57.0,94.0,public,True,217.19358695652176,43.44,Fail
6845,female,group B,high school,standard,False,19.4,5.7,73.0,65.0,68.0,public,False,231.1,46.22,Fail
6846,male,group B,bachelor degree,standard,True,3.6,5.5,100.0,79.0,74.0,international,False,262.1,52.42,Pass
6847,female,group E,some college,standard,False,11.7,5.7,85.0,53.0,96.0,public,True,251.4,50.28,Pass
6848,female,group C,associate degree,free/reduced,True,9.1,9.2,67.0,52.0,68.0,private,True,205.3,41.06,Fail
6849,female,group E,high school,standard,True,8.8,7.0,51.0,84.0,73.0,private,True,223.8,44.76,Fail
6850,male,group B,bachelor degree,standard,True,16.5,8.2,67.0,71.13410138248848,68.0,public,False,230.83410138248848,46.17,Fail
6851,male,group C,high school,standard,False,9.8,9.0,58.0,78.0,84.0,private,True,238.8,47.76,Fail
6852,female,group D,high school,standard,False,3.1,7.193586956521739,71.0,56.0,70.46045112781955,public,True,207.7540380843413,41.55,Fail
6853,female,group D,bachelor degree,free/reduced,False,9.7,7.4,48.0,80.0,75.0,public,True,220.1,44.02,Fail
6854,female,group B,high school,standard,False,0.0,7.193586956521739,66.0,80.0,55.0,public,True,208.19358695652176,41.64,Fail
6855,male,group B,high school,standard,False,16.0,6.0,100.0,67.0,75.0,public,True,264.0,52.8,Pass
6856,male,group B,some college,free/reduced,True,7.2,6.7,82.0,83.0,100.0,international,True,278.9,55.78,Pass
6857,female,group A,bachelor degree,free/reduced,True,10.5,7.8,58.0,51.0,62.0,public,True,189.3,37.86,Fail
6858,male,group A,some college,standard,False,16.7,8.3,43.0,66.0,81.0,public,True,215.0,43.0,Fail
6859,male,group A,high school,standard,False,12.5,6.5,57.0,71.13410138248848,62.0,international,True,209.1341013824885,41.83,Fail
6860,male,group A,high school,standard,False,8.2,8.9,69.0,59.0,96.0,public,True,241.1,48.22,Fail
6861,male,group A,high school,standard,False,5.5,6.8,95.0,71.13410138248848,65.0,private,True,243.43410138248848,48.69,Fail
6862,female,group B,master degree,standard,True,9.6,7.193586956521739,87.0,96.0,72.0,international,True,271.7935869565217,54.36,Pass
6863,female,group D,high school,free/reduced,False,7.9,7.193586956521739,47.0,63.0,82.0,public,True,207.09358695652173,41.42,Fail
6864,male,group D,high school,standard,False,0.0,6.5,51.0,50.0,58.0,international,True,165.5,33.1,Fail
6865,male,group B,associate degree,standard,True,9.0,6.7,88.0,73.0,73.0,public,True,249.7,49.94,Fail
6866,female,group E,bachelor degree,free/reduced,True,8.8,6.9,65.0,63.0,100.0,international,True,243.7,48.74,Fail
6867,female,group D,high school,standard,False,8.5,6.6,56.0,74.0,76.0,public,True,221.1,44.22,Fail
6868,female,group C,high school,standard,True,14.4,5.8,52.0,60.0,48.0,public,True,180.2,36.04,Fail
6869,female,group B,master degree,standard,False,0.0,10.2,71.0,55.0,83.0,public,True,219.2,43.84,Fail
6870,female,group E,high school,standard,False,16.8,6.6,72.0,64.0,53.0,public,True,212.4,42.48,Fail
6871,female,group B,associate degree,standard,True,9.3,6.8,86.0,69.0,44.0,public,True,215.1,43.02,Fail
6872,female,group E,high school,free/reduced,False,10.2,4.2,77.0,62.0,43.0,private,True,196.4,39.28,Fail
6873,male,group D,associate degree,free/reduced,False,8.6,4.6,76.0,41.0,97.0,public,True,227.2,45.44,Fail
6874,female,group E,high school,standard,False,7.1,6.4,57.0,87.0,70.46045112781955,public,False,227.96045112781957,45.59,Fail
6875,female,group C,master degree,standard,True,5.1,6.7,90.0,64.0,78.0,public,False,243.8,48.76,Fail
6876,male,group D,high school,standard,False,17.2,5.8,96.0,55.0,84.0,public,False,258.0,51.6,Pass
6877,male,group C,high school,standard,True,11.1,8.6,47.0,85.0,74.0,public,True,225.7,45.14,Fail
6878,female,group D,high school,free/reduced,False,9.66265306122449,6.1,65.0,88.0,73.0,private,True,241.76265306122448,48.35,Fail
6879,male,group C,some college,standard,True,13.5,7.7,70.0,74.0,70.46045112781955,private,True,235.66045112781956,47.13,Fail
6880,female,group B,bachelor degree,standard,False,7.7,8.2,63.0,78.0,79.0,public,True,235.9,47.18,Fail
6881,female,group B,master degree,free/reduced,True,4.8,8.2,47.0,77.0,79.0,public,True,216.0,43.2,Fail
6882,female,group A,high school,standard,True,16.4,6.5,49.0,71.13410138248848,71.0,public,True,214.03410138248847,42.81,Fail
6883,male,group E,high school,standard,False,6.4,7.3,88.0,70.0,84.0,public,False,255.7,51.14,Pass
6884,male,group A,some college,standard,False,3.6,9.0,71.0,79.0,75.0,public,True,237.6,47.52,Fail
6885,female,group E,master degree,free/reduced,False,10.0,5.4,73.0,81.0,57.0,public,True,226.4,45.28,Fail
6886,male,group D,bachelor degree,free/reduced,True,14.7,4.7,72.0,82.0,91.0,private,True,264.4,52.88,Pass
6887,female,group A,bachelor degree,standard,False,10.9,5.1,98.0,100.0,51.0,public,True,265.0,53.0,Pass
6888,female,group E,high school,standard,True,11.4,4.8,56.0,59.0,70.46045112781955,international,True,201.66045112781956,40.33,Fail
6889,male,group C,some college,free/reduced,False,13.7,10.1,71.0,71.13410138248848,100.0,public,True,265.9341013824885,53.19,Pass
6890,female,group C,high school,free/reduced,True,9.66265306122449,9.2,77.0,91.0,42.0,international,True,228.86265306122448,45.77,Fail
6891,female,group B,high school,standard,False,13.8,7.8,66.0,87.0,73.0,private,True,247.6,49.52,Fail
6892,female,group C,bachelor degree,free/reduced,False,7.5,8.6,57.0,71.13410138248848,91.0,private,True,235.23410138248846,47.05,Fail
6893,male,group C,some college,standard,True,14.1,7.3,48.0,63.0,76.0,private,True,208.4,41.68,Fail
6894,male,group D,high school,standard,True,8.8,7.9,89.0,71.13410138248848,61.0,public,True,237.83410138248848,47.57,Fail
6895,male,group E,bachelor degree,standard,True,7.2,7.6,55.0,54.0,72.0,public,True,195.8,39.16,Fail
6896,male,group E,high school,standard,True,12.9,7.5,42.0,78.0,76.0,public,True,216.4,43.28,Fail
6897,male,group A,some college,standard,False,2.9,7.193586956521739,67.0,90.0,90.0,public,True,257.09358695652173,51.42,Pass
6898,male,group E,high school,free/reduced,False,16.6,7.193586956521739,49.0,82.0,47.0,international,True,201.79358695652172,40.36,Fail
6899,female,group A,bachelor degree,standard,False,13.0,8.0,91.0,76.0,53.0,public,True,241.0,48.2,Fail
6900,female,group C,associate degree,standard,False,10.7,8.6,93.0,84.0,64.0,private,True,260.3,52.06,Pass
6901,female,group E,bachelor degree,free/reduced,True,9.8,8.7,69.0,80.0,95.0,public,True,262.5,52.5,Pass
6902,male,group E,bachelor degree,standard,False,6.2,7.193586956521739,66.0,62.0,74.0,private,True,215.39358695652174,43.08,Fail
6903,male,group D,associate degree,standard,True,9.2,7.5,63.0,74.0,93.0,public,True,246.7,49.34,Fail
6904,male,group E,some college,standard,True,6.8,5.4,84.0,71.0,70.46045112781955,public,True,237.66045112781956,47.53,Fail
6905,male,group C,some college,free/reduced,False,8.6,8.9,74.0,77.0,60.0,public,True,228.5,45.7,Fail
6906,female,group C,high school,standard,False,12.2,5.5,68.0,76.0,97.0,public,True,258.7,51.74,Pass
6907,female,group B,some college,standard,False,3.4,8.9,69.0,99.0,73.0,public,False,253.3,50.66,Pass
6908,female,group B,high school,standard,True,7.9,4.6,85.0,65.0,74.0,public,True,236.5,47.3,Fail
6909,female,group D,associate degree,free/reduced,True,10.8,5.5,62.0,68.0,67.0,public,True,213.3,42.66,Fail
6910,female,group A,bachelor degree,standard,False,9.66265306122449,5.8,43.0,76.0,74.0,public,True,208.4626530612245,41.69,Fail
6911,male,group C,bachelor degree,standard,False,12.6,6.8,71.0,83.0,90.0,public,True,263.4,52.68,Pass
6912,male,group D,high school,standard,False,7.6,7.4,40.0,53.0,74.0,international,False,182.0,36.4,Fail
6913,male,group B,high school,free/reduced,False,5.0,6.2,68.0,67.0,58.0,public,True,204.2,40.84,Fail
6914,male,group E,associate degree,standard,False,13.2,7.3,73.0,47.0,98.0,public,False,238.5,47.7,Fail
6915,male,group D,bachelor degree,standard,True,11.2,7.193586956521739,54.0,68.0,55.0,public,True,195.39358695652174,39.08,Fail
6916,male,group B,high school,standard,True,12.6,6.5,73.0,68.0,75.0,public,True,235.1,47.02,Fail
6917,male,group D,high school,standard,False,10.3,6.3,100.0,67.0,88.0,public,True,271.6,54.32,Pass
6918,female,group B,some college,standard,True,9.66265306122449,6.8,60.0,88.0,47.0,public,False,211.4626530612245,42.29,Fail
6919,female,group C,high school,free/reduced,True,15.6,8.8,73.0,71.13410138248848,67.0,public,True,235.53410138248847,47.11,Fail
6920,male,group B,high school,free/reduced,False,6.1,7.7,50.0,81.0,90.0,public,True,234.8,46.96,Fail
6921,female,group D,high school,standard,True,5.7,8.9,49.0,74.0,70.46045112781955,public,True,208.06045112781953,41.61,Fail
6922,female,group C,high school,free/reduced,False,13.0,7.193586956521739,61.0,57.0,95.0,private,True,233.19358695652176,46.64,Fail
6923,male,group B,high school,standard,False,10.3,6.0,63.0,92.0,85.0,public,True,256.3,51.26,Pass
6924,male,group B,high school,free/reduced,False,8.5,9.5,61.0,35.0,77.0,private,True,191.0,38.2,Fail
6925,female,group D,some college,free/reduced,True,7.7,7.193586956521739,100.0,95.0,60.0,public,False,269.89358695652174,53.98,Pass
6926,male,group C,some college,standard,True,7.4,9.3,81.0,68.0,50.0,public,True,215.7,43.14,Fail
6927,female,group A,some college,standard,True,14.6,5.4,59.0,71.13410138248848,93.0,public,True,243.1341013824885,48.63,Fail
6928,female,group B,bachelor degree,free/reduced,True,2.6,7.193586956521739,81.0,63.0,78.0,private,False,231.79358695652172,46.36,Fail
6929,female,group C,some college,standard,False,12.3,6.7,76.0,100.0,71.0,public,True,266.0,53.2,Pass
6930,male,group C,bachelor degree,standard,True,2.0,6.0,74.0,77.0,70.0,public,True,229.0,45.8,Fail
6931,male,group E,associate degree,standard,True,12.3,7.1,21.0,60.0,48.0,public,True,148.4,29.68,Fail
6932,female,group C,some college,free/reduced,True,14.1,7.193586956521739,92.0,72.0,76.0,international,True,261.2935869565217,52.26,Pass
6933,female,group E,some college,standard,False,7.4,6.1,55.0,78.0,58.0,public,True,204.5,40.9,Fail
6934,male,group D,some college,standard,False,11.6,7.3,67.0,37.0,74.0,public,True,196.9,39.38,Fail
6935,male,group A,master degree,standard,False,7.4,7.0,58.0,74.0,77.0,public,True,223.4,44.68,Fail
6936,male,group B,high school,standard,False,9.4,8.1,70.0,69.0,69.0,public,True,225.5,45.1,Fail
6937,female,group B,master degree,standard,False,9.5,4.9,71.0,51.0,52.0,public,False,188.4,37.68,Fail
6938,male,group D,high school,standard,False,8.5,6.5,51.0,61.0,70.46045112781955,public,False,197.46045112781957,39.49,Fail
6939,female,group E,bachelor degree,free/reduced,True,4.5,5.6,70.0,90.0,80.0,private,True,250.1,50.02,Pass
6940,male,group B,high school,standard,True,11.1,6.8,65.0,53.0,45.0,international,True,180.9,36.18,Fail
6941,female,group B,master degree,standard,False,11.5,6.6,70.0,82.0,49.0,private,True,219.1,43.82,Fail
6942,male,group E,bachelor degree,standard,True,12.4,6.0,79.0,66.0,70.46045112781955,public,True,233.86045112781954,46.77,Fail
6943,female,group E,high school,standard,True,10.3,8.0,68.0,71.0,84.0,public,True,241.3,48.26,Fail
6944,male,group B,some college,standard,False,6.8,7.7,89.0,60.0,82.0,public,True,245.5,49.1,Fail
6945,female,group C,master degree,standard,True,17.1,7.6,58.0,65.0,70.46045112781955,private,True,218.16045112781956,43.63,Fail
6946,female,group D,associate degree,free/reduced,False,14.7,8.6,89.0,80.0,70.0,public,True,262.3,52.46,Pass
6947,female,group C,associate degree,standard,True,2.5,7.6,47.0,90.0,60.0,private,True,207.1,41.42,Fail
6948,male,group A,some college,standard,False,6.9,3.7,67.0,92.0,63.0,public,True,232.6,46.52,Fail
6949,male,group A,some college,free/reduced,True,20.3,6.6,83.0,88.0,95.0,public,True,292.9,58.58,Pass
6950,female,group D,some college,standard,False,11.4,8.0,59.0,85.0,80.0,private,True,243.4,48.68,Fail
6951,male,group C,high school,free/reduced,False,9.0,10.4,48.0,85.0,75.0,public,True,227.4,45.48,Fail
6952,male,group B,bachelor degree,standard,True,3.5,8.8,84.0,91.0,84.0,public,True,271.3,54.26,Pass
6953,male,group D,some college,standard,True,7.1,8.1,73.0,71.13410138248848,79.0,public,True,238.33410138248848,47.67,Fail
6954,female,group C,high school,standard,False,11.5,6.8,86.0,91.0,64.0,private,True,259.3,51.86,Pass
6955,male,group B,high school,free/reduced,True,9.4,6.4,65.0,71.0,73.0,public,True,224.8,44.96,Fail
6956,male,group A,high school,standard,True,7.4,9.1,88.0,65.0,90.0,private,True,259.5,51.9,Pass
6957,female,group D,some college,standard,True,13.8,9.1,60.0,71.13410138248848,60.0,public,True,214.03410138248847,42.81,Fail
6958,male,group E,some college,standard,True,9.66265306122449,7.1,50.0,78.0,78.0,public,True,222.76265306122448,44.55,Fail
6959,male,group A,master degree,free/reduced,False,12.3,7.8,76.0,74.0,64.0,private,True,234.1,46.82,Fail
6960,male,group C,bachelor degree,standard,True,7.7,5.6,74.0,73.0,66.0,public,True,226.3,45.26,Fail
6961,male,group E,bachelor degree,standard,True,13.2,8.1,57.0,71.13410138248848,88.0,international,True,237.43410138248848,47.49,Fail
6962,female,group D,some college,free/reduced,True,5.6,7.1,93.0,66.0,70.46045112781955,public,True,242.16045112781956,48.43,Fail
6963,male,group D,some college,standard,True,0.0,9.3,52.0,71.0,70.46045112781955,international,True,202.76045112781958,40.55,Fail
6964,male,group B,high school,standard,False,7.3,8.5,77.0,70.0,72.0,public,True,234.8,46.96,Fail
6965,female,group E,associate degree,standard,False,1.0,6.3,74.0,39.0,71.0,international,True,191.3,38.26,Fail
6966,female,group D,some college,standard,True,9.66265306122449,7.2,76.0,91.0,68.0,public,True,251.86265306122448,50.37,Pass
6967,female,group E,some college,standard,False,6.1,6.9,74.0,66.0,59.0,public,True,212.0,42.4,Fail
6968,male,group E,master degree,free/reduced,True,4.4,5.9,89.0,88.0,58.0,international,True,245.3,49.06,Fail
6969,male,group A,bachelor degree,standard,False,14.9,6.1,75.0,72.0,61.0,public,True,229.0,45.8,Fail
6970,female,group E,high school,standard,False,13.9,6.8,87.0,77.0,53.0,private,True,237.7,47.54,Fail
6971,female,group E,high school,standard,False,0.0,6.7,90.0,71.13410138248848,62.0,public,False,229.83410138248848,45.97,Fail
6972,male,group C,some college,standard,True,7.2,8.3,87.0,88.0,50.0,private,True,240.5,48.1,Fail
6973,female,group D,associate degree,standard,False,5.2,7.4,69.0,70.0,100.0,public,True,251.6,50.32,Pass
6974,male,group E,associate degree,standard,False,5.9,4.8,82.0,45.0,48.0,public,True,185.7,37.14,Fail
6975,female,group D,some college,standard,True,12.4,8.3,80.0,65.0,76.0,public,True,241.7,48.34,Fail
6976,male,group E,bachelor degree,standard,False,8.7,7.5,37.0,65.0,68.0,public,False,186.2,37.24,Fail
6977,female,group C,high school,standard,False,10.1,7.3,43.0,92.0,64.0,public,True,216.4,43.28,Fail
6978,male,group D,high school,standard,False,1.8,7.193586956521739,79.0,64.0,60.0,public,True,211.99358695652174,42.4,Fail
6979,female,group E,some college,standard,False,2.1,7.3,78.0,63.0,84.0,public,True,234.4,46.88,Fail
6980,female,group C,bachelor degree,standard,True,19.3,7.8,81.0,69.0,78.0,public,True,255.1,51.02,Pass
6981,male,group D,high school,standard,True,15.6,6.0,68.0,68.0,52.0,private,True,209.6,41.92,Fail
6982,female,group D,high school,free/reduced,True,6.6,8.5,55.0,67.0,56.0,public,True,193.1,38.62,Fail
6983,male,group B,some college,standard,False,14.4,6.5,81.0,88.0,100.0,public,False,289.9,57.98,Pass
6984,male,group E,master degree,standard,False,7.9,7.7,82.0,81.0,49.0,public,True,227.6,45.52,Fail
6985,male,group A,bachelor degree,standard,False,12.0,6.8,69.0,78.0,65.0,public,True,230.8,46.16,Fail
6986,male,group E,master degree,free/reduced,False,0.0,7.2,75.0,92.0,70.0,private,True,244.2,48.84,Fail
6987,male,group B,high school,standard,True,11.1,8.6,76.0,96.0,75.0,public,True,266.7,53.34,Pass
6988,male,group E,some college,standard,False,6.6,7.1,75.0,100.0,84.0,public,True,272.7,54.54,Pass
6989,male,group B,master degree,standard,True,7.9,8.0,78.0,71.0,88.0,public,False,252.9,50.58,Pass
6990,female,group D,bachelor degree,standard,True,5.8,6.2,54.0,95.0,89.0,international,True,250.0,50.0,Pass
6991,male,group E,master degree,standard,True,14.1,7.193586956521739,75.0,86.0,70.46045112781955,public,True,252.7540380843413,50.55,Pass
6992,male,group B,associate degree,free/reduced,False,14.4,7.8,60.0,83.0,67.0,public,True,232.2,46.44,Fail
6993,female,group C,high school,free/reduced,False,4.5,7.7,69.0,39.0,58.0,public,True,178.2,35.64,Fail
6994,female,group C,associate degree,standard,False,12.9,7.4,56.0,74.0,93.0,public,True,243.3,48.66,Fail
6995,female,group A,high school,standard,True,12.2,5.9,70.0,70.0,89.0,public,True,247.1,49.42,Fail
6996,female,group C,some college,standard,True,3.5,6.8,74.0,71.13410138248848,50.0,private,False,205.43410138248848,41.09,Fail
6997,female,group A,associate degree,free/reduced,True,10.8,7.3,82.0,52.0,81.0,public,True,233.1,46.62,Fail
6998,female,group C,high school,standard,False,12.7,6.9,78.0,71.13410138248848,59.0,public,True,227.73410138248846,45.55,Fail
6999,male,group D,high school,standard,True,15.1,8.1,62.0,63.0,79.0,public,True,227.2,45.44,Fail
7000,male,group B,high school,free/reduced,True,16.2,7.2,66.0,80.0,69.0,public,True,238.4,47.68,Fail
